user_id,event_name,timestamp
1000,app_open,2025-01-15
1001,app_open,2025-01-04
1002,app_open,2025-02-05
1002,app_open,2025-02-06
1003,app_open,2025-02-01
1004,app_open,2025-01-29
1004,app_open,2025-02-01
1005,app_open,2025-01-18
1005,app_open,2025-01-21
1005,app_open,2025-01-25
1006,app_open,2025-01-14
1006,app_open,2025-01-15
1006,app_open,2025-01-17
1006,app_open,2025-01-21
1007,app_open,2025-03-11
1007,app_open,2025-03-12
1007,app_open,2025-03-25
1008,app_open,2025-01-12
1008,app_open,2025-01-13
1008,app_open,2025-01-15
1008,app_open,2025-01-19
1009,app_open,2025-03-17
1009,app_open,2025-03-18
1009,app_open,2025-03-20
1010,app_open,2025-02-24
1010,app_open,2025-02-25
1011,app_open,2025-01-05
1011,app_open,2025-01-06
1011,app_open,2025-02-02
1012,app_open,2025-01-04
1012,app_open,2025-01-05
1012,app_open,2025-01-07
1012,app_open,2025-01-18
1013,app_open,2025-01-12
1013,app_open,2025-01-26
1014,app_open,2025-01-28
1014,app_open,2025-02-25
1015,app_open,2025-01-30
1015,app_open,2025-01-31
1016,app_open,2025-03-06
1016,app_open,2025-03-07
1017,app_open,2025-03-19
1017,app_open,2025-03-22
1018,app_open,2025-01-04
1018,app_open,2025-02-01
1019,app_open,2025-03-13
1019,app_open,2025-03-14
1020,app_open,2025-01-26
1021,app_open,2025-03-11
1021,app_open,2025-03-14
1022,app_open,2025-02-23
1022,app_open,2025-03-02
1023,app_open,2025-01-29
1023,app_open,2025-01-30
1023,app_open,2025-02-01
1024,app_open,2025-02-27
1024,app_open,2025-02-28
1025,app_open,2025-03-17
1025,app_open,2025-03-18
1025,app_open,2025-03-20
1026,app_open,2025-02-05
1026,app_open,2025-02-06
1027,app_open,2025-01-01
1027,app_open,2025-01-02
1028,app_open,2025-01-21
1028,app_open,2025-01-22
1028,app_open,2025-01-28
1029,app_open,2025-02-24
1029,app_open,2025-02-27
1030,app_open,2025-02-13
1030,app_open,2025-02-14
1030,app_open,2025-02-16
1031,app_open,2025-02-05
1031,app_open,2025-02-06
1032,app_open,2025-01-20
1032,app_open,2025-01-21
1033,app_open,2025-01-28
1033,app_open,2025-01-29
1033,app_open,2025-01-31
1033,app_open,2025-02-04
1034,app_open,2025-02-13
1034,app_open,2025-02-14
1035,app_open,2025-01-14
1035,app_open,2025-01-17
1035,app_open,2025-01-21
1036,app_open,2025-01-12
1036,app_open,2025-01-19
1037,app_open,2025-02-18
1038,app_open,2025-01-13
1038,app_open,2025-01-14
1038,app_open,2025-01-16
1039,app_open,2025-02-15
1039,app_open,2025-02-18
1039,app_open,2025-02-22
1040,app_open,2025-02-14
1040,app_open,2025-02-15
1041,app_open,2025-03-19
1042,app_open,2025-02-03
1042,app_open,2025-02-04
1042,app_open,2025-03-03
1043,app_open,2025-01-06
1044,app_open,2025-02-28
1044,app_open,2025-03-03
1045,app_open,2025-03-10
1045,app_open,2025-03-17
1046,app_open,2025-01-16
1046,app_open,2025-01-23
1046,app_open,2025-01-30
1046,app_open,2025-02-13
1047,app_open,2025-02-18
1047,app_open,2025-02-21
1048,app_open,2025-01-11
1048,app_open,2025-01-12
1049,app_open,2025-03-12
1049,app_open,2025-03-13
1050,app_open,2025-02-07
1051,app_open,2025-03-22
1052,app_open,2025-03-21
1052,app_open,2025-03-22
1053,app_open,2025-02-16
1053,app_open,2025-02-17
1054,app_open,2025-03-15
1055,app_open,2025-01-25
1056,app_open,2025-01-09
1056,app_open,2025-01-16
1057,app_open,2025-01-06
1058,app_open,2025-01-30
1058,app_open,2025-02-02
1059,app_open,2025-02-07
1059,app_open,2025-02-08
1060,app_open,2025-01-11
1060,app_open,2025-01-12
1060,app_open,2025-01-14
1061,app_open,2025-01-30
1061,app_open,2025-02-02
1062,app_open,2025-01-13
1062,app_open,2025-01-20
1063,app_open,2025-02-18
1064,app_open,2025-02-05
1064,app_open,2025-02-08
1064,app_open,2025-02-12
1065,app_open,2025-02-28
1065,app_open,2025-03-14
1066,app_open,2025-02-16
1066,app_open,2025-02-17
1066,app_open,2025-02-23
1067,app_open,2025-01-21
1067,app_open,2025-01-24
1068,app_open,2025-02-17
1068,app_open,2025-02-18
1068,app_open,2025-03-03
1069,app_open,2025-02-15
1069,app_open,2025-02-18
1070,app_open,2025-01-27
1070,app_open,2025-01-30
1071,app_open,2025-02-04
1072,app_open,2025-01-10
1072,app_open,2025-01-11
1072,app_open,2025-01-24
1073,app_open,2025-03-19
1073,app_open,2025-03-22
1074,app_open,2025-01-22
1074,app_open,2025-01-23
1074,app_open,2025-01-29
1075,app_open,2025-03-10
1075,app_open,2025-03-11
1075,app_open,2025-03-13
1076,app_open,2025-02-01
1076,app_open,2025-02-02
1076,app_open,2025-02-04
1076,app_open,2025-02-08
1076,app_open,2025-02-15
1077,app_open,2025-01-21
1077,app_open,2025-01-22
1078,app_open,2025-03-01
1078,app_open,2025-03-04
1079,app_open,2025-02-18
1080,app_open,2025-02-04
1081,app_open,2025-03-13
1081,app_open,2025-03-14
1082,app_open,2025-01-29
1082,app_open,2025-01-30
1083,app_open,2025-02-11
1083,app_open,2025-02-12
1084,app_open,2025-01-08
1085,app_open,2025-01-30
1085,app_open,2025-02-06
1086,app_open,2025-01-05
1086,app_open,2025-01-06
1087,app_open,2025-02-10
1088,app_open,2025-02-21
1088,app_open,2025-02-22
1088,app_open,2025-02-28
1088,app_open,2025-03-21
1089,app_open,2025-02-04
1089,app_open,2025-02-07
1089,app_open,2025-02-11
1090,app_open,2025-01-09
1090,app_open,2025-01-10
1091,app_open,2025-01-28
1091,app_open,2025-01-29
1091,app_open,2025-02-11
1091,app_open,2025-02-25
1092,app_open,2025-03-14
1093,app_open,2025-02-10
1094,app_open,2025-01-28
1094,app_open,2025-01-29
1094,app_open,2025-02-04
1094,app_open,2025-02-11
1095,app_open,2025-03-05
1095,app_open,2025-03-06
1095,app_open,2025-03-08
1096,app_open,2025-02-20
1096,app_open,2025-02-21
1096,app_open,2025-03-06
1097,app_open,2025-02-28
1097,app_open,2025-03-07
1097,app_open,2025-03-28
1098,app_open,2025-01-19
1098,app_open,2025-01-20
1098,app_open,2025-01-22
1098,app_open,2025-01-26
1098,app_open,2025-02-02
1099,app_open,2025-02-03
1100,app_open,2025-01-18
1100,app_open,2025-01-19
1100,app_open,2025-01-21
1100,app_open,2025-02-15
1101,app_open,2025-02-01
1101,app_open,2025-02-02
1101,app_open,2025-02-04
1102,app_open,2025-03-13
1102,app_open,2025-03-14
1103,app_open,2025-03-10
1104,app_open,2025-02-03
1105,app_open,2025-03-16
1105,app_open,2025-03-19
1106,app_open,2025-02-24
1107,app_open,2025-03-16
1107,app_open,2025-03-17
1107,app_open,2025-03-19
1108,app_open,2025-02-21
1109,app_open,2025-02-16
1109,app_open,2025-02-17
1109,app_open,2025-02-19
1110,app_open,2025-01-29
1110,app_open,2025-01-30
1111,app_open,2025-01-18
1111,app_open,2025-01-19
1112,app_open,2025-03-07
1112,app_open,2025-03-08
1113,app_open,2025-03-05
1114,app_open,2025-01-12
1115,app_open,2025-01-07
1115,app_open,2025-01-08
1115,app_open,2025-01-14
1116,app_open,2025-01-15
1116,app_open,2025-01-16
1116,app_open,2025-01-18
1116,app_open,2025-01-29
1117,app_open,2025-01-20
1117,app_open,2025-02-17
1118,app_open,2025-03-22
1118,app_open,2025-03-25
1119,app_open,2025-01-21
1119,app_open,2025-01-22
1119,app_open,2025-02-18
1120,app_open,2025-02-24
1121,app_open,2025-03-18
1121,app_open,2025-03-21
1121,app_open,2025-03-25
1122,app_open,2025-01-09
1122,app_open,2025-01-10
1122,app_open,2025-01-16
1123,app_open,2025-02-19
1123,app_open,2025-02-20
1124,app_open,2025-02-18
1124,app_open,2025-02-21
1124,app_open,2025-03-04
1124,app_open,2025-03-18
1125,app_open,2025-03-18
1125,app_open,2025-03-21
1126,app_open,2025-03-01
1126,app_open,2025-03-15
1127,app_open,2025-03-09
1128,app_open,2025-02-02
1128,app_open,2025-02-03
1129,app_open,2025-03-12
1130,app_open,2025-01-02
1131,app_open,2025-01-15
1131,app_open,2025-01-16
1131,app_open,2025-01-18
1132,app_open,2025-03-10
1132,app_open,2025-03-13
1133,app_open,2025-02-04
1134,app_open,2025-02-13
1134,app_open,2025-02-14
1134,app_open,2025-02-16
1134,app_open,2025-02-20
1135,app_open,2025-01-15
1135,app_open,2025-01-29
1136,app_open,2025-02-07
1136,app_open,2025-02-08
1136,app_open,2025-02-14
1137,app_open,2025-02-25
1137,app_open,2025-02-26
1137,app_open,2025-03-04
1137,app_open,2025-03-25
1138,app_open,2025-01-21
1138,app_open,2025-01-24
1139,app_open,2025-02-28
1140,app_open,2025-01-01
1140,app_open,2025-01-04
1140,app_open,2025-01-08
1141,app_open,2025-02-03
1141,app_open,2025-02-04
1141,app_open,2025-02-06
1141,app_open,2025-02-17
1142,app_open,2025-03-06
1142,app_open,2025-03-07
1142,app_open,2025-03-09
1143,app_open,2025-01-23
1143,app_open,2025-01-26
1143,app_open,2025-01-30
1143,app_open,2025-02-06
1144,app_open,2025-03-06
1144,app_open,2025-03-07
1145,app_open,2025-01-14
1145,app_open,2025-01-15
1145,app_open,2025-01-28
1146,app_open,2025-03-22
1147,app_open,2025-02-08
1147,app_open,2025-02-09
1147,app_open,2025-02-15
1148,app_open,2025-03-06
1148,app_open,2025-03-20
1149,app_open,2025-03-19
1149,app_open,2025-03-20
1150,app_open,2025-01-26
1150,app_open,2025-01-29
1151,app_open,2025-01-20
1152,app_open,2025-02-17
1152,app_open,2025-02-18
1153,app_open,2025-01-21
1153,app_open,2025-01-22
1153,app_open,2025-01-24
1153,app_open,2025-01-28
1153,app_open,2025-02-18
1154,app_open,2025-03-11
1154,app_open,2025-03-14
1154,app_open,2025-03-18
1155,app_open,2025-03-09
1155,app_open,2025-03-10
1156,app_open,2025-01-01
1156,app_open,2025-01-02
1156,app_open,2025-01-04
1157,app_open,2025-03-18
1158,app_open,2025-02-11
1158,app_open,2025-02-12
1158,app_open,2025-02-14
1158,app_open,2025-02-18
1158,app_open,2025-02-25
1159,app_open,2025-03-04
1159,app_open,2025-03-05
1159,app_open,2025-03-07
1160,app_open,2025-01-03
1160,app_open,2025-01-10
1161,app_open,2025-01-15
1161,app_open,2025-01-16
1162,app_open,2025-02-16
1162,app_open,2025-02-17
1163,app_open,2025-02-09
1163,app_open,2025-02-12
1164,app_open,2025-01-31
1165,app_open,2025-01-08
1165,app_open,2025-02-05
1166,app_open,2025-01-31
1166,app_open,2025-02-01
1167,app_open,2025-03-14
1168,app_open,2025-01-11
1169,app_open,2025-01-11
1170,app_open,2025-03-04
1170,app_open,2025-03-07
1171,app_open,2025-01-09
1172,app_open,2025-03-10
1172,app_open,2025-03-13
1173,app_open,2025-01-17
1173,app_open,2025-01-18
1173,app_open,2025-01-24
1174,app_open,2025-01-17
1174,app_open,2025-01-18
1174,app_open,2025-01-20
1174,app_open,2025-01-31
1175,app_open,2025-03-02
1175,app_open,2025-03-03
1176,app_open,2025-03-12
1176,app_open,2025-03-13
1177,app_open,2025-01-22
1178,app_open,2025-02-03
1178,app_open,2025-02-04
1179,app_open,2025-03-09
1179,app_open,2025-03-10
1179,app_open,2025-03-12
1180,app_open,2025-03-19
1180,app_open,2025-03-22
1181,app_open,2025-02-24
1181,app_open,2025-02-27
1181,app_open,2025-03-03
1182,app_open,2025-01-28
1183,app_open,2025-03-11
1183,app_open,2025-03-12
1183,app_open,2025-03-14
1184,app_open,2025-01-26
1184,app_open,2025-01-29
1185,app_open,2025-02-09
1185,app_open,2025-02-10
1185,app_open,2025-02-12
1186,app_open,2025-02-21
1186,app_open,2025-02-24
1186,app_open,2025-03-07
1187,app_open,2025-02-17
1187,app_open,2025-02-24
1188,app_open,2025-02-26
1188,app_open,2025-02-27
1189,app_open,2025-03-08
1190,app_open,2025-02-27
1190,app_open,2025-03-06
1191,app_open,2025-01-16
1191,app_open,2025-01-19
1192,app_open,2025-02-01
1192,app_open,2025-02-02
1192,app_open,2025-02-15
1193,app_open,2025-01-29
1193,app_open,2025-02-01
1194,app_open,2025-01-09
1194,app_open,2025-01-12
1195,app_open,2025-02-13
1196,app_open,2025-01-03
1196,app_open,2025-01-04
1196,app_open,2025-01-06
1196,app_open,2025-01-17
1197,app_open,2025-03-17
1198,app_open,2025-03-12
1198,app_open,2025-03-19
1199,app_open,2025-01-30
1199,app_open,2025-02-02
1199,app_open,2025-02-06
1200,app_open,2025-03-17
1200,app_open,2025-03-31
1201,app_open,2025-01-29
1201,app_open,2025-01-30
1202,app_open,2025-01-01
1202,app_open,2025-01-02
1203,app_open,2025-01-10
1203,app_open,2025-01-11
1203,app_open,2025-01-13
1203,app_open,2025-02-07
1204,app_open,2025-03-22
1204,app_open,2025-03-25
1205,app_open,2025-01-08
1206,app_open,2025-01-30
1206,app_open,2025-02-13
1207,app_open,2025-01-09
1207,app_open,2025-01-10
1207,app_open,2025-01-16
1208,app_open,2025-01-05
1208,app_open,2025-01-06
1208,app_open,2025-01-08
1209,app_open,2025-02-12
1210,app_open,2025-01-10
1210,app_open,2025-01-11
1211,app_open,2025-03-07
1211,app_open,2025-03-08
1212,app_open,2025-01-31
1212,app_open,2025-02-01
1212,app_open,2025-02-03
1213,app_open,2025-02-05
1213,app_open,2025-02-06
1214,app_open,2025-03-04
1214,app_open,2025-03-18
1215,app_open,2025-01-28
1215,app_open,2025-02-25
1216,app_open,2025-03-11
1216,app_open,2025-03-12
1216,app_open,2025-03-18
1217,app_open,2025-01-17
1217,app_open,2025-01-24
1218,app_open,2025-03-15
1218,app_open,2025-03-22
1219,app_open,2025-03-15
1219,app_open,2025-03-16
1220,app_open,2025-03-02
1220,app_open,2025-03-03
1221,app_open,2025-02-01
1221,app_open,2025-02-04
1222,app_open,2025-03-02
1223,app_open,2025-02-22
1223,app_open,2025-02-23
1223,app_open,2025-03-01
1224,app_open,2025-01-25
1224,app_open,2025-01-26
1225,app_open,2025-01-13
1225,app_open,2025-01-14
1225,app_open,2025-01-16
1226,app_open,2025-01-13
1226,app_open,2025-01-20
1226,app_open,2025-01-27
1227,app_open,2025-02-25
1227,app_open,2025-02-26
1228,app_open,2025-02-15
1228,app_open,2025-02-16
1229,app_open,2025-02-24
1229,app_open,2025-02-27
1230,app_open,2025-02-22
1231,app_open,2025-03-01
1231,app_open,2025-03-02
1231,app_open,2025-03-04
1232,app_open,2025-01-07
1232,app_open,2025-01-10
1232,app_open,2025-01-14
1233,app_open,2025-01-13
1233,app_open,2025-01-14
1233,app_open,2025-02-10
1234,app_open,2025-01-08
1234,app_open,2025-01-09
1235,app_open,2025-02-21
1236,app_open,2025-02-13
1236,app_open,2025-02-14
1237,app_open,2025-01-14
1237,app_open,2025-01-21
1238,app_open,2025-02-01
1238,app_open,2025-02-02
1238,app_open,2025-02-04
1239,app_open,2025-01-25
1239,app_open,2025-01-26
1239,app_open,2025-01-28
1239,app_open,2025-02-08
1240,app_open,2025-01-25
1240,app_open,2025-01-26
1240,app_open,2025-01-28
1241,app_open,2025-03-10
1242,app_open,2025-02-27
1242,app_open,2025-02-28
1243,app_open,2025-01-18
1243,app_open,2025-01-21
1243,app_open,2025-02-01
1244,app_open,2025-02-24
1244,app_open,2025-02-27
1245,app_open,2025-01-24
1246,app_open,2025-02-05
1247,app_open,2025-03-01
1248,app_open,2025-02-01
1248,app_open,2025-02-04
1249,app_open,2025-01-10
1249,app_open,2025-01-11
1249,app_open,2025-01-24
1250,app_open,2025-02-26
1250,app_open,2025-03-05
1251,app_open,2025-03-12
1251,app_open,2025-03-13
1251,app_open,2025-03-15
1252,app_open,2025-01-13
1252,app_open,2025-01-27
1253,app_open,2025-01-07
1253,app_open,2025-01-10
1254,app_open,2025-03-11
1254,app_open,2025-03-14
1255,app_open,2025-01-02
1256,app_open,2025-01-12
1256,app_open,2025-01-19
1257,app_open,2025-01-31
1257,app_open,2025-02-03
1258,app_open,2025-01-22
1258,app_open,2025-01-25
1259,app_open,2025-02-22
1259,app_open,2025-02-25
1259,app_open,2025-03-22
1260,app_open,2025-03-04
1260,app_open,2025-03-05
1261,app_open,2025-03-03
1261,app_open,2025-03-04
1261,app_open,2025-03-10
1262,app_open,2025-01-28
1262,app_open,2025-01-29
1263,app_open,2025-02-21
1263,app_open,2025-02-28
1264,app_open,2025-01-08
1264,app_open,2025-01-09
1264,app_open,2025-01-11
1264,app_open,2025-02-05
1265,app_open,2025-01-22
1265,app_open,2025-01-23
1265,app_open,2025-01-25
1266,app_open,2025-02-18
1266,app_open,2025-02-19
1267,app_open,2025-01-01
1268,app_open,2025-02-19
1268,app_open,2025-02-20
1269,app_open,2025-02-03
1269,app_open,2025-02-04
1269,app_open,2025-02-06
1270,app_open,2025-02-28
1271,app_open,2025-02-06
1271,app_open,2025-02-07
1271,app_open,2025-02-20
1272,app_open,2025-02-24
1272,app_open,2025-02-27
1272,app_open,2025-03-03
1273,app_open,2025-03-13
1274,app_open,2025-03-04
1274,app_open,2025-03-07
1274,app_open,2025-03-11
1275,app_open,2025-01-20
1275,app_open,2025-01-21
1275,app_open,2025-01-23
1275,app_open,2025-02-17
1276,app_open,2025-01-25
1276,app_open,2025-01-28
1276,app_open,2025-02-08
1277,app_open,2025-02-07
1277,app_open,2025-02-14
1278,app_open,2025-01-28
1278,app_open,2025-01-29
1278,app_open,2025-02-11
1279,app_open,2025-01-08
1279,app_open,2025-01-09
1279,app_open,2025-01-22
1280,app_open,2025-03-16
1280,app_open,2025-03-17
1281,app_open,2025-03-11
1281,app_open,2025-03-12
1281,app_open,2025-03-14
1281,app_open,2025-03-25
1282,app_open,2025-01-08
1282,app_open,2025-01-09
1283,app_open,2025-02-10
1283,app_open,2025-02-11
1283,app_open,2025-02-13
1283,app_open,2025-02-24
1284,app_open,2025-01-08
1285,app_open,2025-01-07
1286,app_open,2025-03-16
1287,app_open,2025-03-03
1287,app_open,2025-03-04
1288,app_open,2025-03-06
1288,app_open,2025-03-09
1289,app_open,2025-03-09
1289,app_open,2025-03-10
1289,app_open,2025-03-16
1290,app_open,2025-01-21
1290,app_open,2025-01-24
1291,app_open,2025-01-08
1291,app_open,2025-01-09
1292,app_open,2025-03-07
1292,app_open,2025-03-10
1292,app_open,2025-03-14
1293,app_open,2025-01-11
1293,app_open,2025-01-12
1294,app_open,2025-01-24
1294,app_open,2025-01-25
1294,app_open,2025-01-27
1294,app_open,2025-02-21
1295,app_open,2025-01-09
1295,app_open,2025-01-10
1296,app_open,2025-03-18
1296,app_open,2025-03-21
1297,app_open,2025-01-09
1297,app_open,2025-01-12
1297,app_open,2025-01-16
1297,app_open,2025-02-06
1298,app_open,2025-01-31
1298,app_open,2025-02-01
1298,app_open,2025-02-14
1299,app_open,2025-02-21
1299,app_open,2025-02-24
1300,app_open,2025-01-16
1300,app_open,2025-01-17
1301,app_open,2025-03-14
1301,app_open,2025-03-15
1301,app_open,2025-03-28
1302,app_open,2025-02-01
1302,app_open,2025-02-02
1302,app_open,2025-02-04
1303,app_open,2025-03-16
1303,app_open,2025-03-17
1304,app_open,2025-03-18
1304,app_open,2025-03-19
1304,app_open,2025-03-21
1305,app_open,2025-01-06
1306,app_open,2025-03-21
1306,app_open,2025-03-22
1307,app_open,2025-01-11
1307,app_open,2025-01-12
1308,app_open,2025-02-23
1308,app_open,2025-02-24
1309,app_open,2025-03-16
1310,app_open,2025-03-14
1310,app_open,2025-03-15
1311,app_open,2025-03-08
1312,app_open,2025-02-10
1313,app_open,2025-02-03
1314,app_open,2025-01-27
1314,app_open,2025-01-28
1314,app_open,2025-02-03
1314,app_open,2025-02-24
1315,app_open,2025-02-10
1315,app_open,2025-02-13
1316,app_open,2025-01-31
1316,app_open,2025-02-01
1317,app_open,2025-02-03
1317,app_open,2025-02-04
1317,app_open,2025-02-06
1317,app_open,2025-02-10
1317,app_open,2025-02-17
1318,app_open,2025-02-20
1319,app_open,2025-01-17
1319,app_open,2025-01-20
1320,app_open,2025-02-08
1320,app_open,2025-02-09
1321,app_open,2025-02-28
1322,app_open,2025-02-10
1323,app_open,2025-01-10
1324,app_open,2025-01-02
1324,app_open,2025-01-03
1324,app_open,2025-01-05
1324,app_open,2025-01-30
1325,app_open,2025-02-28
1325,app_open,2025-03-01
1325,app_open,2025-03-07
1325,app_open,2025-03-14
1326,app_open,2025-03-21
1326,app_open,2025-03-24
1327,app_open,2025-03-14
1327,app_open,2025-03-15
1327,app_open,2025-03-17
1327,app_open,2025-03-28
1328,app_open,2025-01-13
1328,app_open,2025-01-14
1328,app_open,2025-01-16
1329,app_open,2025-01-10
1329,app_open,2025-01-13
1329,app_open,2025-01-17
1329,app_open,2025-02-07
1330,app_open,2025-03-10
1330,app_open,2025-03-11
1331,app_open,2025-01-28
1331,app_open,2025-01-29
1332,app_open,2025-03-06
1332,app_open,2025-03-13
1333,app_open,2025-02-03
1333,app_open,2025-02-10
1334,app_open,2025-01-17
1334,app_open,2025-01-18
1334,app_open,2025-01-20
1335,app_open,2025-02-14
1335,app_open,2025-02-15
1336,app_open,2025-01-09
1337,app_open,2025-02-01
1337,app_open,2025-02-02
1337,app_open,2025-02-08
1338,app_open,2025-02-17
1338,app_open,2025-02-18
1338,app_open,2025-02-24
1338,app_open,2025-03-03
1339,app_open,2025-02-06
1340,app_open,2025-01-21
1340,app_open,2025-01-22
1340,app_open,2025-01-28
1341,app_open,2025-02-26
1341,app_open,2025-02-27
1341,app_open,2025-03-05
1342,app_open,2025-03-11
1343,app_open,2025-02-08
1344,app_open,2025-03-20
1345,app_open,2025-03-09
1345,app_open,2025-03-12
1346,app_open,2025-01-02
1347,app_open,2025-03-12
1348,app_open,2025-02-08
1348,app_open,2025-02-15
1348,app_open,2025-02-22
1349,app_open,2025-01-14
1349,app_open,2025-01-17
1350,app_open,2025-01-18
1350,app_open,2025-01-21
1351,app_open,2025-02-03
1352,app_open,2025-01-15
1353,app_open,2025-01-14
1354,app_open,2025-03-12
1355,app_open,2025-01-20
1355,app_open,2025-01-21
1355,app_open,2025-01-27
1356,app_open,2025-02-04
1356,app_open,2025-02-11
1357,app_open,2025-02-06
1358,app_open,2025-03-19
1358,app_open,2025-03-26
1359,app_open,2025-01-27
1359,app_open,2025-01-28
1360,app_open,2025-02-13
1360,app_open,2025-02-16
1360,app_open,2025-02-27
1361,app_open,2025-01-27
1361,app_open,2025-01-28
1362,app_open,2025-02-03
1362,app_open,2025-02-06
1363,app_open,2025-03-06
1363,app_open,2025-03-07
1364,app_open,2025-03-04
1365,app_open,2025-02-02
1365,app_open,2025-02-03
1365,app_open,2025-02-16
1366,app_open,2025-01-07
1366,app_open,2025-01-08
1367,app_open,2025-01-12
1367,app_open,2025-01-13
1367,app_open,2025-01-15
1368,app_open,2025-02-24
1368,app_open,2025-03-03
1368,app_open,2025-03-24
1369,app_open,2025-02-05
1370,app_open,2025-01-06
1370,app_open,2025-01-07
1370,app_open,2025-01-20
1371,app_open,2025-01-01
1372,app_open,2025-02-12
1372,app_open,2025-02-15
1373,app_open,2025-01-17
1373,app_open,2025-01-18
1374,app_open,2025-02-03
1375,app_open,2025-01-21
1375,app_open,2025-01-22
1376,app_open,2025-02-26
1376,app_open,2025-02-27
1376,app_open,2025-03-05
1377,app_open,2025-03-12
1377,app_open,2025-03-13
1377,app_open,2025-03-15
1378,app_open,2025-02-24
1378,app_open,2025-02-27
1378,app_open,2025-03-24
1379,app_open,2025-03-13
1379,app_open,2025-03-16
1379,app_open,2025-03-27
1380,app_open,2025-01-02
1380,app_open,2025-01-03
1380,app_open,2025-01-09
1381,app_open,2025-01-15
1382,app_open,2025-01-10
1382,app_open,2025-01-11
1382,app_open,2025-01-13
1382,app_open,2025-01-17
1383,app_open,2025-01-20
1383,app_open,2025-01-21
1383,app_open,2025-01-23
1384,app_open,2025-03-11
1384,app_open,2025-03-12
1385,app_open,2025-01-05
1385,app_open,2025-01-08
1386,app_open,2025-02-17
1387,app_open,2025-03-16
1387,app_open,2025-03-17
1387,app_open,2025-03-23
1388,app_open,2025-03-12
1388,app_open,2025-03-13
1389,app_open,2025-01-19
1389,app_open,2025-01-20
1390,app_open,2025-02-25
1391,app_open,2025-01-17
1391,app_open,2025-01-18
1391,app_open,2025-02-14
1392,app_open,2025-01-06
1392,app_open,2025-01-07
1393,app_open,2025-02-09
1394,app_open,2025-02-16
1394,app_open,2025-02-17
1394,app_open,2025-02-19
1395,app_open,2025-01-06
1395,app_open,2025-01-07
1396,app_open,2025-02-15
1396,app_open,2025-02-16
1396,app_open,2025-03-01
1397,app_open,2025-01-27
1397,app_open,2025-01-28
1397,app_open,2025-01-30
1397,app_open,2025-02-03
1398,app_open,2025-02-01
1399,app_open,2025-01-14
1399,app_open,2025-02-11
1400,app_open,2025-02-15
1401,app_open,2025-03-13
1401,app_open,2025-03-16
1402,app_open,2025-02-22
1402,app_open,2025-02-23
1403,app_open,2025-03-21
1403,app_open,2025-03-24
1404,app_open,2025-01-20
1405,app_open,2025-01-31
1405,app_open,2025-02-01
1405,app_open,2025-02-03
1406,app_open,2025-01-21
1406,app_open,2025-01-22
1407,app_open,2025-01-23
1408,app_open,2025-02-22
1408,app_open,2025-02-25
1409,app_open,2025-01-04
1409,app_open,2025-01-11
1409,app_open,2025-02-01
1410,app_open,2025-01-23
1410,app_open,2025-01-26
1411,app_open,2025-02-12
1411,app_open,2025-02-26
1412,app_open,2025-02-22
1413,app_open,2025-02-01
1413,app_open,2025-02-02
1413,app_open,2025-02-15
1414,app_open,2025-02-04
1414,app_open,2025-02-05
1414,app_open,2025-03-04
1415,app_open,2025-01-21
1416,app_open,2025-01-14
1416,app_open,2025-01-15
1416,app_open,2025-01-21
1417,app_open,2025-02-18
1417,app_open,2025-02-19
1417,app_open,2025-02-25
1418,app_open,2025-01-05
1419,app_open,2025-03-02
1419,app_open,2025-03-09
1420,app_open,2025-01-29
1421,app_open,2025-01-26
1421,app_open,2025-01-27
1422,app_open,2025-02-28
1423,app_open,2025-02-14
1423,app_open,2025-02-15
1424,app_open,2025-02-09
1424,app_open,2025-02-10
1425,app_open,2025-01-30
1425,app_open,2025-01-31
1426,app_open,2025-01-29
1426,app_open,2025-01-30
1426,app_open,2025-02-01
1427,app_open,2025-01-04
1427,app_open,2025-01-07
1428,app_open,2025-01-25
1428,app_open,2025-01-26
1429,app_open,2025-02-21
1429,app_open,2025-02-22
1430,app_open,2025-02-12
1431,app_open,2025-02-05
1431,app_open,2025-02-06
1431,app_open,2025-03-05
1432,app_open,2025-01-09
1432,app_open,2025-01-12
1433,app_open,2025-02-05
1433,app_open,2025-02-08
1433,app_open,2025-02-12
1434,app_open,2025-02-14
1434,app_open,2025-02-15
1434,app_open,2025-02-17
1435,app_open,2025-03-07
1435,app_open,2025-03-08
1436,app_open,2025-02-21
1437,app_open,2025-03-10
1437,app_open,2025-03-17
1438,app_open,2025-02-12
1438,app_open,2025-02-19
1439,app_open,2025-01-04
1439,app_open,2025-01-07
1440,app_open,2025-01-15
1440,app_open,2025-01-16
1441,app_open,2025-02-03
1441,app_open,2025-02-10
1442,app_open,2025-01-23
1442,app_open,2025-01-24
1442,app_open,2025-02-06
1443,app_open,2025-03-16
1444,app_open,2025-02-03
1444,app_open,2025-02-04
1445,app_open,2025-01-05
1445,app_open,2025-01-06
1445,app_open,2025-01-12
1446,app_open,2025-01-14
1446,app_open,2025-01-21
1447,app_open,2025-03-18
1447,app_open,2025-03-19
1448,app_open,2025-02-25
1448,app_open,2025-02-26
1449,app_open,2025-02-14
1449,app_open,2025-02-15
1449,app_open,2025-02-28
1450,app_open,2025-02-10
1450,app_open,2025-02-11
1451,app_open,2025-02-25
1451,app_open,2025-02-28
1451,app_open,2025-03-25
1452,app_open,2025-03-19
1452,app_open,2025-03-22
1453,app_open,2025-03-07
1453,app_open,2025-03-08
1453,app_open,2025-03-21
1454,app_open,2025-01-15
1454,app_open,2025-01-16
1454,app_open,2025-01-29
1455,app_open,2025-02-19
1455,app_open,2025-02-20
1455,app_open,2025-02-22
1455,app_open,2025-03-05
1456,app_open,2025-03-15
1456,app_open,2025-03-16
1456,app_open,2025-03-18
1457,app_open,2025-01-25
1457,app_open,2025-01-26
1457,app_open,2025-01-28
1457,app_open,2025-02-01
1458,app_open,2025-02-02
1458,app_open,2025-02-09
1459,app_open,2025-01-06
1460,app_open,2025-02-25
1460,app_open,2025-02-26
1461,app_open,2025-01-01
1462,app_open,2025-03-08
1463,app_open,2025-03-10
1463,app_open,2025-03-11
1464,app_open,2025-01-26
1464,app_open,2025-01-27
1464,app_open,2025-02-02
1465,app_open,2025-02-16
1465,app_open,2025-02-17
1466,app_open,2025-02-25
1466,app_open,2025-02-26
1466,app_open,2025-03-04
1467,app_open,2025-01-09
1467,app_open,2025-01-23
1467,app_open,2025-02-06
1468,app_open,2025-02-12
1468,app_open,2025-02-13
1468,app_open,2025-02-15
1469,app_open,2025-03-21
1469,app_open,2025-03-22
1469,app_open,2025-03-24
1470,app_open,2025-02-10
1470,app_open,2025-02-11
1471,app_open,2025-01-16
1472,app_open,2025-02-08
1472,app_open,2025-02-09
1472,app_open,2025-03-08
1473,app_open,2025-03-06
1473,app_open,2025-03-07
1474,app_open,2025-02-09
1474,app_open,2025-02-10
1475,app_open,2025-02-22
1475,app_open,2025-03-22
1476,app_open,2025-02-11
1476,app_open,2025-02-12
1476,app_open,2025-02-14
1476,app_open,2025-02-25
1477,app_open,2025-02-21
1477,app_open,2025-02-22
1477,app_open,2025-02-28
1477,app_open,2025-03-07
1478,app_open,2025-02-07
1478,app_open,2025-02-08
1478,app_open,2025-02-10
1478,app_open,2025-03-07
1479,app_open,2025-03-12
1479,app_open,2025-03-13
1479,app_open,2025-03-26
1480,app_open,2025-01-17
1481,app_open,2025-01-25
1481,app_open,2025-01-26
1482,app_open,2025-02-23
1483,app_open,2025-02-18
1484,app_open,2025-01-23
1484,app_open,2025-01-24
1484,app_open,2025-01-30
1485,app_open,2025-03-20
1485,app_open,2025-03-21
1485,app_open,2025-03-23
1486,app_open,2025-03-14
1487,app_open,2025-02-08
1487,app_open,2025-02-15
1488,app_open,2025-02-21
1489,app_open,2025-03-12
1490,app_open,2025-01-01
1490,app_open,2025-01-04
1490,app_open,2025-01-08
1491,app_open,2025-02-08
1491,app_open,2025-02-09
1492,app_open,2025-02-06
1492,app_open,2025-02-07
1493,app_open,2025-01-27
1493,app_open,2025-01-30
1494,app_open,2025-02-25
1494,app_open,2025-02-28
1495,app_open,2025-03-16
1495,app_open,2025-03-23
1496,app_open,2025-03-19
1496,app_open,2025-03-26
1497,app_open,2025-02-11
1497,app_open,2025-02-12
1497,app_open,2025-02-14
1498,app_open,2025-03-01
1498,app_open,2025-03-02
1498,app_open,2025-03-04
1499,app_open,2025-02-26
1500,app_open,2025-02-26
1500,app_open,2025-03-05
1501,app_open,2025-01-28
1502,app_open,2025-03-07
1502,app_open,2025-03-08
1503,app_open,2025-03-02
1504,app_open,2025-01-22
1505,app_open,2025-01-11
1505,app_open,2025-01-18
1506,app_open,2025-02-06
1507,app_open,2025-03-07
1508,app_open,2025-03-21
1508,app_open,2025-03-22
1508,app_open,2025-03-24
1509,app_open,2025-02-12
1509,app_open,2025-02-26
1510,app_open,2025-01-12
1511,app_open,2025-01-31
1511,app_open,2025-02-01
1512,app_open,2025-02-09
1512,app_open,2025-02-10
1512,app_open,2025-02-23
1513,app_open,2025-01-29
1513,app_open,2025-01-30
1513,app_open,2025-02-01
1513,app_open,2025-02-12
1514,app_open,2025-01-26
1514,app_open,2025-01-27
1514,app_open,2025-01-29
1514,app_open,2025-02-02
1515,app_open,2025-01-19
1515,app_open,2025-01-20
1516,app_open,2025-01-04
1516,app_open,2025-01-07
1516,app_open,2025-02-01
1517,app_open,2025-01-06
1517,app_open,2025-01-07
1517,app_open,2025-01-13
1518,app_open,2025-02-01
1519,app_open,2025-03-02
1520,app_open,2025-03-20
1520,app_open,2025-03-21
1521,app_open,2025-01-10
1522,app_open,2025-02-28
1522,app_open,2025-03-01
1522,app_open,2025-03-14
1523,app_open,2025-02-23
1524,app_open,2025-03-22
1524,app_open,2025-03-23
1525,app_open,2025-03-15
1525,app_open,2025-03-16
1526,app_open,2025-01-25
1526,app_open,2025-02-08
1527,app_open,2025-02-19
1528,app_open,2025-03-05
1528,app_open,2025-03-06
1528,app_open,2025-03-19
1529,app_open,2025-02-21
1529,app_open,2025-02-24
1530,app_open,2025-02-01
1530,app_open,2025-02-02
1531,app_open,2025-01-19
1531,app_open,2025-01-20
1531,app_open,2025-02-16
1532,app_open,2025-01-01
1533,app_open,2025-01-14
1533,app_open,2025-01-15
1533,app_open,2025-01-21
1533,app_open,2025-02-11
1534,app_open,2025-02-24
1534,app_open,2025-03-24
1535,app_open,2025-01-29
1535,app_open,2025-01-30
1535,app_open,2025-02-01
1536,app_open,2025-01-23
1536,app_open,2025-01-24
1536,app_open,2025-01-26
1537,app_open,2025-03-08
1537,app_open,2025-03-11
1538,app_open,2025-03-01
1538,app_open,2025-03-02
1539,app_open,2025-01-07
1540,app_open,2025-03-13
1540,app_open,2025-03-14
1541,app_open,2025-02-01
1541,app_open,2025-02-02
1541,app_open,2025-02-04
1542,app_open,2025-01-16
1542,app_open,2025-01-19
1542,app_open,2025-01-30
1543,app_open,2025-02-28
1543,app_open,2025-03-14
1543,app_open,2025-03-28
1544,app_open,2025-01-18
1544,app_open,2025-02-01
1545,app_open,2025-03-01
1545,app_open,2025-03-04
1545,app_open,2025-03-08
1546,app_open,2025-03-09
1547,app_open,2025-03-13
1547,app_open,2025-03-14
1548,app_open,2025-03-18
1548,app_open,2025-03-19
1548,app_open,2025-03-21
1549,app_open,2025-02-10
1549,app_open,2025-02-11
1549,app_open,2025-02-13
1549,app_open,2025-02-17
1550,app_open,2025-02-26
1550,app_open,2025-03-01
1551,app_open,2025-03-20
1551,app_open,2025-03-23
1552,app_open,2025-03-06
1553,app_open,2025-02-24
1553,app_open,2025-02-25
1553,app_open,2025-02-27
1553,app_open,2025-03-03
1554,app_open,2025-03-12
1554,app_open,2025-03-15
1555,app_open,2025-02-27
1555,app_open,2025-02-28
1555,app_open,2025-03-02
1556,app_open,2025-01-21
1556,app_open,2025-01-22
1557,app_open,2025-03-02
1557,app_open,2025-03-03
1557,app_open,2025-03-05
1558,app_open,2025-02-27
1558,app_open,2025-02-28
1559,app_open,2025-02-03
1559,app_open,2025-02-04
1559,app_open,2025-02-17
1560,app_open,2025-02-01
1560,app_open,2025-02-02
1561,app_open,2025-02-05
1561,app_open,2025-02-06
1562,app_open,2025-03-08
1562,app_open,2025-03-09
1562,app_open,2025-03-11
1563,app_open,2025-03-04
1563,app_open,2025-03-07
1564,app_open,2025-03-22
1564,app_open,2025-03-23
1565,app_open,2025-01-31
1566,app_open,2025-02-05
1567,app_open,2025-02-26
1567,app_open,2025-02-27
1567,app_open,2025-03-12
1568,app_open,2025-01-10
1568,app_open,2025-01-11
1568,app_open,2025-01-13
1569,app_open,2025-02-06
1569,app_open,2025-02-07
1569,app_open,2025-02-13
1570,app_open,2025-01-31
1571,app_open,2025-02-04
1571,app_open,2025-02-05
1571,app_open,2025-02-07
1572,app_open,2025-02-12
1572,app_open,2025-02-13
1572,app_open,2025-02-26
1573,app_open,2025-02-10
1573,app_open,2025-03-10
1574,app_open,2025-03-11
1574,app_open,2025-03-12
1574,app_open,2025-03-14
1574,app_open,2025-03-25
1575,app_open,2025-01-11
1575,app_open,2025-01-14
1576,app_open,2025-01-18
1576,app_open,2025-01-21
1577,app_open,2025-01-20
1578,app_open,2025-01-30
1578,app_open,2025-01-31
1579,app_open,2025-02-19
1580,app_open,2025-01-20
1581,app_open,2025-01-28
1581,app_open,2025-01-29
1582,app_open,2025-01-09
1583,app_open,2025-02-23
1583,app_open,2025-02-24
1583,app_open,2025-02-26
1583,app_open,2025-03-02
1584,app_open,2025-02-22
1584,app_open,2025-02-23
1584,app_open,2025-03-08
1585,app_open,2025-02-12
1585,app_open,2025-02-19
1585,app_open,2025-03-12
1586,app_open,2025-03-11
1586,app_open,2025-03-14
1586,app_open,2025-03-18
1587,app_open,2025-03-01
1588,app_open,2025-02-23
1588,app_open,2025-02-24
1589,app_open,2025-01-08
1589,app_open,2025-01-15
1589,app_open,2025-01-22
1590,app_open,2025-01-27
1590,app_open,2025-01-30
1591,app_open,2025-02-23
1591,app_open,2025-02-24
1591,app_open,2025-02-26
1592,app_open,2025-02-19
1592,app_open,2025-02-20
1593,app_open,2025-03-16
1593,app_open,2025-03-17
1593,app_open,2025-03-19
1594,app_open,2025-01-03
1594,app_open,2025-01-10
1595,app_open,2025-03-15
1596,app_open,2025-02-18
1596,app_open,2025-02-19
1596,app_open,2025-02-21
1596,app_open,2025-03-04
1597,app_open,2025-03-03
1597,app_open,2025-03-04
1597,app_open,2025-03-06
1597,app_open,2025-03-10
1598,app_open,2025-01-01
1598,app_open,2025-01-02
1599,app_open,2025-02-15
1599,app_open,2025-02-16
1599,app_open,2025-02-22
1600,app_open,2025-02-08
1600,app_open,2025-02-11
1601,app_open,2025-02-19
1601,app_open,2025-02-26
1602,app_open,2025-02-23
1603,app_open,2025-03-10
1603,app_open,2025-03-13
1604,app_open,2025-03-11
1605,app_open,2025-03-19
1606,app_open,2025-01-29
1606,app_open,2025-01-30
1606,app_open,2025-02-01
1607,app_open,2025-03-04
1607,app_open,2025-03-07
1608,app_open,2025-01-29
1608,app_open,2025-01-30
1608,app_open,2025-02-05
1609,app_open,2025-02-04
1609,app_open,2025-02-05
1609,app_open,2025-02-11
1609,app_open,2025-02-18
1610,app_open,2025-02-25
1610,app_open,2025-02-26
1610,app_open,2025-02-28
1610,app_open,2025-03-25
1611,app_open,2025-03-04
1611,app_open,2025-03-11
1612,app_open,2025-01-04
1612,app_open,2025-01-18
1613,app_open,2025-02-19
1614,app_open,2025-02-13
1615,app_open,2025-02-21
1615,app_open,2025-02-22
1615,app_open,2025-02-24
1616,app_open,2025-01-22
1617,app_open,2025-03-01
1618,app_open,2025-01-17
1619,app_open,2025-03-21
1619,app_open,2025-03-22
1620,app_open,2025-03-10
1620,app_open,2025-03-11
1620,app_open,2025-03-24
1621,app_open,2025-01-04
1621,app_open,2025-01-11
1622,app_open,2025-02-20
1622,app_open,2025-02-21
1623,app_open,2025-03-17
1623,app_open,2025-03-18
1623,app_open,2025-03-20
1623,app_open,2025-03-31
1624,app_open,2025-03-14
1625,app_open,2025-01-04
1625,app_open,2025-01-05
1625,app_open,2025-01-11
1626,app_open,2025-01-11
1626,app_open,2025-01-12
1626,app_open,2025-01-14
1626,app_open,2025-01-25
1627,app_open,2025-02-24
1627,app_open,2025-03-03
1628,app_open,2025-01-18
1628,app_open,2025-01-19
1629,app_open,2025-03-01
1630,app_open,2025-01-24
1630,app_open,2025-01-25
1630,app_open,2025-02-07
1631,app_open,2025-01-07
1631,app_open,2025-01-08
1632,app_open,2025-02-03
1633,app_open,2025-02-18
1633,app_open,2025-02-19
1633,app_open,2025-03-04
1634,app_open,2025-02-11
1635,app_open,2025-01-28
1635,app_open,2025-01-31
1635,app_open,2025-02-25
1636,app_open,2025-02-28
1636,app_open,2025-03-01
1636,app_open,2025-03-28
1637,app_open,2025-02-11
1637,app_open,2025-02-18
1638,app_open,2025-02-13
1638,app_open,2025-02-14
1639,app_open,2025-02-18
1640,app_open,2025-02-05
1640,app_open,2025-02-06
1640,app_open,2025-02-08
1640,app_open,2025-02-12
1641,app_open,2025-02-23
1641,app_open,2025-02-24
1642,app_open,2025-02-02
1642,app_open,2025-02-09
1643,app_open,2025-01-11
1643,app_open,2025-01-12
1644,app_open,2025-03-02
1644,app_open,2025-03-05
1645,app_open,2025-01-03
1645,app_open,2025-01-17
1646,app_open,2025-03-11
1646,app_open,2025-03-12
1647,app_open,2025-01-07
1647,app_open,2025-01-10
1647,app_open,2025-02-04
1648,app_open,2025-02-14
1648,app_open,2025-02-17
1649,app_open,2025-01-29
1649,app_open,2025-01-30
1649,app_open,2025-02-26
1650,app_open,2025-01-09
1651,app_open,2025-01-06
1651,app_open,2025-01-13
1652,app_open,2025-01-04
1653,app_open,2025-02-01
1653,app_open,2025-02-02
1654,app_open,2025-01-26
1654,app_open,2025-02-02
1655,app_open,2025-01-03
1655,app_open,2025-01-04
1655,app_open,2025-01-10
1656,app_open,2025-03-21
1657,app_open,2025-01-20
1657,app_open,2025-01-27
1658,app_open,2025-01-31
1658,app_open,2025-02-03
1659,app_open,2025-01-17
1659,app_open,2025-01-18
1659,app_open,2025-01-20
1660,app_open,2025-03-02
1660,app_open,2025-03-03
1660,app_open,2025-03-05
1661,app_open,2025-01-15
1661,app_open,2025-01-16
1662,app_open,2025-03-14
1662,app_open,2025-03-15
1662,app_open,2025-03-28
1663,app_open,2025-01-28
1663,app_open,2025-01-31
1664,app_open,2025-03-01
1664,app_open,2025-03-04
1664,app_open,2025-03-29
1665,app_open,2025-02-02
1666,app_open,2025-02-17
1667,app_open,2025-01-22
1667,app_open,2025-01-29
1668,app_open,2025-03-19
1668,app_open,2025-03-22
1669,app_open,2025-03-19
1669,app_open,2025-03-26
1670,app_open,2025-01-15
1670,app_open,2025-01-22
1671,app_open,2025-01-21
1672,app_open,2025-02-09
1672,app_open,2025-02-10
1673,app_open,2025-01-14
1674,app_open,2025-03-16
1674,app_open,2025-03-17
1674,app_open,2025-03-30
1675,app_open,2025-01-04
1675,app_open,2025-01-05
1675,app_open,2025-01-11
1676,app_open,2025-02-09
1676,app_open,2025-02-10
1676,app_open,2025-02-12
1676,app_open,2025-02-23
1676,app_open,2025-03-09
1677,app_open,2025-03-15
1678,app_open,2025-02-18
1678,app_open,2025-02-19
1679,app_open,2025-02-20
1679,app_open,2025-02-21
1679,app_open,2025-02-23
1679,app_open,2025-03-06
1680,app_open,2025-01-26
1681,app_open,2025-01-10
1682,app_open,2025-03-17
1682,app_open,2025-03-18
1683,app_open,2025-03-22
1683,app_open,2025-03-25
1684,app_open,2025-02-01
1684,app_open,2025-02-15
1685,app_open,2025-01-14
1686,app_open,2025-02-08
1686,app_open,2025-02-09
1686,app_open,2025-02-15
1686,app_open,2025-02-22
1687,app_open,2025-03-18
1687,app_open,2025-03-19
1688,app_open,2025-01-16
1688,app_open,2025-02-13
1689,app_open,2025-03-14
1689,app_open,2025-03-17
1690,app_open,2025-01-06
1691,app_open,2025-02-14
1691,app_open,2025-02-28
1692,app_open,2025-03-10
1692,app_open,2025-03-13
1693,app_open,2025-02-24
1693,app_open,2025-02-25
1694,app_open,2025-02-17
1694,app_open,2025-02-18
1694,app_open,2025-02-20
1694,app_open,2025-02-24
1695,app_open,2025-01-09
1695,app_open,2025-01-23
1695,app_open,2025-02-06
1696,app_open,2025-03-06
1696,app_open,2025-03-20
1697,app_open,2025-02-13
1698,app_open,2025-01-02
1698,app_open,2025-01-05
1699,app_open,2025-02-23
1699,app_open,2025-03-09
1700,app_open,2025-03-04
1701,app_open,2025-01-14
1702,app_open,2025-02-25
1703,app_open,2025-02-16
1703,app_open,2025-02-19
1704,app_open,2025-02-28
1704,app_open,2025-03-03
1704,app_open,2025-03-07
1705,app_open,2025-01-20
1705,app_open,2025-01-21
1705,app_open,2025-02-17
1706,app_open,2025-02-25
1706,app_open,2025-02-28
1706,app_open,2025-03-11
1707,app_open,2025-01-23
1708,app_open,2025-03-08
1708,app_open,2025-03-11
1708,app_open,2025-03-15
1709,app_open,2025-02-04
1709,app_open,2025-02-05
1710,app_open,2025-03-20
1710,app_open,2025-03-21
1711,app_open,2025-03-10
1711,app_open,2025-03-11
1712,app_open,2025-03-03
1712,app_open,2025-03-04
1712,app_open,2025-03-17
1713,app_open,2025-03-01
1714,app_open,2025-02-25
1714,app_open,2025-03-04
1715,app_open,2025-03-17
1715,app_open,2025-03-18
1716,app_open,2025-02-04
1716,app_open,2025-02-07
1717,app_open,2025-02-11
1718,app_open,2025-02-01
1718,app_open,2025-02-02
1718,app_open,2025-02-08
1719,app_open,2025-01-12
1719,app_open,2025-02-09
1720,app_open,2025-02-05
1720,app_open,2025-02-08
1721,app_open,2025-02-27
1721,app_open,2025-02-28
1722,app_open,2025-02-01
1722,app_open,2025-02-08
1723,app_open,2025-03-01
1723,app_open,2025-03-02
1723,app_open,2025-03-15
1723,app_open,2025-03-29
1724,app_open,2025-03-14
1725,app_open,2025-03-20
1725,app_open,2025-03-23
1725,app_open,2025-03-27
1726,app_open,2025-02-18
1727,app_open,2025-02-13
1727,app_open,2025-02-14
1728,app_open,2025-01-04
1728,app_open,2025-01-05
1729,app_open,2025-03-05
1729,app_open,2025-03-08
1729,app_open,2025-03-19
1730,app_open,2025-02-11
1730,app_open,2025-02-12
1731,app_open,2025-01-24
1731,app_open,2025-01-27
1731,app_open,2025-02-21
1732,app_open,2025-03-04
1732,app_open,2025-03-05
1732,app_open,2025-03-18
1733,app_open,2025-01-28
1733,app_open,2025-01-29
1733,app_open,2025-02-11
1734,app_open,2025-02-15
1735,app_open,2025-02-03
1735,app_open,2025-02-04
1736,app_open,2025-02-13
1736,app_open,2025-02-20
1737,app_open,2025-02-05
1738,app_open,2025-03-18
1738,app_open,2025-03-21
1739,app_open,2025-02-05
1739,app_open,2025-02-06
1739,app_open,2025-02-19
1740,app_open,2025-03-13
1740,app_open,2025-03-14
1741,app_open,2025-01-02
1741,app_open,2025-01-03
1742,app_open,2025-03-08
1743,app_open,2025-01-25
1743,app_open,2025-01-28
1744,app_open,2025-01-11
1744,app_open,2025-01-14
1745,app_open,2025-01-31
1746,app_open,2025-02-22
1747,app_open,2025-03-04
1748,app_open,2025-03-13
1748,app_open,2025-03-14
1749,app_open,2025-01-31
1749,app_open,2025-02-01
1750,app_open,2025-03-02
1750,app_open,2025-03-03
1750,app_open,2025-03-05
1750,app_open,2025-03-09
1751,app_open,2025-03-04
1751,app_open,2025-03-18
1752,app_open,2025-02-27
1753,app_open,2025-01-03
1753,app_open,2025-01-04
1753,app_open,2025-01-06
1753,app_open,2025-01-10
1754,app_open,2025-01-12
1754,app_open,2025-01-13
1754,app_open,2025-01-19
1755,app_open,2025-02-07
1755,app_open,2025-02-14
1756,app_open,2025-01-29
1756,app_open,2025-01-30
1757,app_open,2025-02-21
1757,app_open,2025-02-28
1757,app_open,2025-03-21
1758,app_open,2025-02-01
1758,app_open,2025-02-02
1758,app_open,2025-02-04
1759,app_open,2025-02-09
1759,app_open,2025-02-16
1760,app_open,2025-03-16
1760,app_open,2025-03-23
1760,app_open,2025-03-30
1761,app_open,2025-02-17
1761,app_open,2025-02-20
1762,app_open,2025-03-02
1762,app_open,2025-03-05
1762,app_open,2025-03-30
1763,app_open,2025-03-12
1763,app_open,2025-03-13
1764,app_open,2025-03-09
1765,app_open,2025-02-14
1765,app_open,2025-02-21
1766,app_open,2025-02-24
1766,app_open,2025-02-25
1766,app_open,2025-02-27
1767,app_open,2025-03-12
1767,app_open,2025-03-19
1768,app_open,2025-02-12
1768,app_open,2025-02-13
1769,app_open,2025-02-15
1769,app_open,2025-03-01
1770,app_open,2025-02-28
1771,app_open,2025-02-04
1772,app_open,2025-02-09
1772,app_open,2025-02-10
1773,app_open,2025-02-02
1773,app_open,2025-02-03
1773,app_open,2025-02-05
1774,app_open,2025-01-30
1775,app_open,2025-01-16
1775,app_open,2025-01-17
1775,app_open,2025-02-13
1776,app_open,2025-01-25
1776,app_open,2025-01-28
1777,app_open,2025-02-10
1778,app_open,2025-01-16
1778,app_open,2025-02-13
1779,app_open,2025-03-10
1779,app_open,2025-03-11
1780,app_open,2025-01-24
1780,app_open,2025-01-25
1780,app_open,2025-02-07
1781,app_open,2025-01-25
1781,app_open,2025-01-26
1781,app_open,2025-01-28
1782,app_open,2025-01-28
1782,app_open,2025-01-31
1782,app_open,2025-02-04
1783,app_open,2025-03-03
1783,app_open,2025-03-06
1784,app_open,2025-02-05
1784,app_open,2025-02-06
1784,app_open,2025-02-12
1784,app_open,2025-02-19
1785,app_open,2025-03-17
1785,app_open,2025-03-18
1785,app_open,2025-03-31
1786,app_open,2025-03-09
1787,app_open,2025-03-18
1787,app_open,2025-03-21
1788,app_open,2025-02-06
1788,app_open,2025-02-09
1789,app_open,2025-01-13
1789,app_open,2025-01-14
1790,app_open,2025-01-25
1790,app_open,2025-01-26
1790,app_open,2025-02-08
1791,app_open,2025-02-07
1791,app_open,2025-02-14
1791,app_open,2025-02-21
1792,app_open,2025-01-30
1792,app_open,2025-01-31
1793,app_open,2025-02-16
1793,app_open,2025-02-17
1793,app_open,2025-03-02
1794,app_open,2025-01-23
1794,app_open,2025-01-24
1794,app_open,2025-01-26
1794,app_open,2025-02-06
1795,app_open,2025-02-08
1795,app_open,2025-02-09
1795,app_open,2025-02-15
1796,app_open,2025-01-02
1796,app_open,2025-01-03
1796,app_open,2025-01-16
1797,app_open,2025-03-10
1797,app_open,2025-03-13
1798,app_open,2025-01-17
1799,app_open,2025-02-05
1799,app_open,2025-02-06
1800,app_open,2025-01-06
1800,app_open,2025-01-09
1801,app_open,2025-01-07
1801,app_open,2025-01-21
1802,app_open,2025-03-12
1802,app_open,2025-03-13
1802,app_open,2025-03-15
1803,app_open,2025-02-07
1804,app_open,2025-01-17
1804,app_open,2025-01-18
1805,app_open,2025-03-04
1805,app_open,2025-03-07
1806,app_open,2025-01-14
1806,app_open,2025-01-15
1806,app_open,2025-01-21
1807,app_open,2025-01-02
1807,app_open,2025-01-03
1808,app_open,2025-03-15
1808,app_open,2025-03-18
1809,app_open,2025-02-06
1809,app_open,2025-02-07
1810,app_open,2025-03-02
1810,app_open,2025-03-09
1811,app_open,2025-03-03
1811,app_open,2025-03-04
1811,app_open,2025-03-17
1812,app_open,2025-02-26
1812,app_open,2025-03-01
1812,app_open,2025-03-05
1812,app_open,2025-03-26
1813,app_open,2025-02-13
1813,app_open,2025-02-27
1814,app_open,2025-01-24
1814,app_open,2025-01-25
1814,app_open,2025-01-31
1815,app_open,2025-01-07
1815,app_open,2025-01-10
1815,app_open,2025-01-21
1815,app_open,2025-02-04
1816,app_open,2025-02-02
1816,app_open,2025-02-03
1816,app_open,2025-02-05
1817,app_open,2025-03-03
1818,app_open,2025-01-15
1818,app_open,2025-01-16
1818,app_open,2025-01-29
1819,app_open,2025-01-09
1819,app_open,2025-01-10
1819,app_open,2025-01-12
1819,app_open,2025-01-16
1820,app_open,2025-02-21
1820,app_open,2025-02-22
1821,app_open,2025-03-04
1821,app_open,2025-03-05
1822,app_open,2025-01-10
1822,app_open,2025-01-13
1823,app_open,2025-03-15
1823,app_open,2025-03-22
1824,app_open,2025-03-22
1825,app_open,2025-01-07
1826,app_open,2025-01-20
1827,app_open,2025-01-20
1827,app_open,2025-01-21
1827,app_open,2025-02-03
1828,app_open,2025-03-14
1828,app_open,2025-03-15
1829,app_open,2025-02-08
1829,app_open,2025-02-09
1830,app_open,2025-01-11
1830,app_open,2025-01-18
1831,app_open,2025-02-01
1831,app_open,2025-02-02
1832,app_open,2025-01-16
1832,app_open,2025-01-17
1832,app_open,2025-01-19
1832,app_open,2025-01-30
1833,app_open,2025-03-13
1833,app_open,2025-03-14
1833,app_open,2025-03-16
1834,app_open,2025-02-23
1834,app_open,2025-02-24
1835,app_open,2025-03-19
1836,app_open,2025-03-18
1836,app_open,2025-03-19
1837,app_open,2025-03-21
1837,app_open,2025-03-24
1838,app_open,2025-01-29
1838,app_open,2025-01-30
1839,app_open,2025-03-08
1839,app_open,2025-03-09
1839,app_open,2025-03-11
1839,app_open,2025-03-15
1840,app_open,2025-02-18
1840,app_open,2025-02-25
1840,app_open,2025-03-18
1841,app_open,2025-02-27
1841,app_open,2025-03-02
1842,app_open,2025-02-26
1842,app_open,2025-03-01
1842,app_open,2025-03-05
1843,app_open,2025-02-08
1844,app_open,2025-03-17
1844,app_open,2025-03-18
1845,app_open,2025-02-24
1845,app_open,2025-02-25
1846,app_open,2025-02-09
1846,app_open,2025-02-10
1847,app_open,2025-03-14
1847,app_open,2025-03-15
1847,app_open,2025-03-17
1848,app_open,2025-03-21
1848,app_open,2025-03-22
1849,app_open,2025-01-08
1849,app_open,2025-01-09
1849,app_open,2025-01-11
1849,app_open,2025-01-22
1850,app_open,2025-03-20
1850,app_open,2025-03-21
1851,app_open,2025-01-13
1851,app_open,2025-01-27
1852,app_open,2025-01-27
1853,app_open,2025-03-22
1853,app_open,2025-03-23
1853,app_open,2025-03-29
1854,app_open,2025-01-28
1854,app_open,2025-01-29
1854,app_open,2025-02-04
1855,app_open,2025-02-03
1855,app_open,2025-02-06
1856,app_open,2025-01-11
1857,app_open,2025-01-21
1858,app_open,2025-01-31
1858,app_open,2025-02-01
1858,app_open,2025-02-07
1859,app_open,2025-01-23
1859,app_open,2025-01-26
1859,app_open,2025-02-20
1860,app_open,2025-03-12
1860,app_open,2025-03-19
1861,app_open,2025-01-10
1861,app_open,2025-01-13
1861,app_open,2025-01-17
1862,app_open,2025-01-21
1862,app_open,2025-01-22
1863,app_open,2025-01-01
1863,app_open,2025-01-04
1864,app_open,2025-02-22
1864,app_open,2025-02-25
1865,app_open,2025-02-27
1865,app_open,2025-02-28
1866,app_open,2025-03-18
1866,app_open,2025-03-21
1867,app_open,2025-03-02
1867,app_open,2025-03-05
1868,app_open,2025-02-07
1868,app_open,2025-02-08
1868,app_open,2025-02-14
1869,app_open,2025-01-05
1869,app_open,2025-01-12
1870,app_open,2025-01-30
1870,app_open,2025-02-13
1871,app_open,2025-02-06
1871,app_open,2025-02-07
1871,app_open,2025-02-20
1871,app_open,2025-03-06
1872,app_open,2025-02-06
1872,app_open,2025-02-07
1872,app_open,2025-02-13
1872,app_open,2025-02-20
1873,app_open,2025-02-28
1873,app_open,2025-03-01
1873,app_open,2025-03-14
1873,app_open,2025-03-28
1874,app_open,2025-01-10
1874,app_open,2025-01-11
1874,app_open,2025-01-24
1875,app_open,2025-01-30
1875,app_open,2025-02-13
1876,app_open,2025-02-03
1876,app_open,2025-02-06
1877,app_open,2025-03-22
1877,app_open,2025-03-23
1877,app_open,2025-03-29
1878,app_open,2025-03-17
1878,app_open,2025-03-18
1879,app_open,2025-01-26
1880,app_open,2025-02-24
1880,app_open,2025-02-25
1880,app_open,2025-02-27
1880,app_open,2025-03-03
1881,app_open,2025-01-15
1881,app_open,2025-01-16
1882,app_open,2025-03-11
1882,app_open,2025-03-12
1883,app_open,2025-01-29
1884,app_open,2025-01-20
1884,app_open,2025-02-03
1884,app_open,2025-02-17
1885,app_open,2025-02-04
1885,app_open,2025-02-07
1885,app_open,2025-02-11
1886,app_open,2025-01-19
1886,app_open,2025-01-20
1886,app_open,2025-01-26
1887,app_open,2025-01-10
1887,app_open,2025-01-11
1887,app_open,2025-01-17
1887,app_open,2025-01-24
1888,app_open,2025-01-08
1889,app_open,2025-01-22
1889,app_open,2025-01-25
1889,app_open,2025-01-29
1890,app_open,2025-02-09
1891,app_open,2025-03-18
1892,app_open,2025-03-14
1892,app_open,2025-03-15
1893,app_open,2025-02-06
1894,app_open,2025-02-26
1894,app_open,2025-02-27
1895,app_open,2025-01-16
1896,app_open,2025-03-01
1896,app_open,2025-03-02
1897,app_open,2025-02-08
1898,app_open,2025-02-21
1898,app_open,2025-02-22
1899,app_open,2025-02-04
1899,app_open,2025-02-05
1900,app_open,2025-03-06
1900,app_open,2025-03-07
1900,app_open,2025-03-09
1901,app_open,2025-03-11
1902,app_open,2025-03-05
1902,app_open,2025-03-06
1903,app_open,2025-02-26
1903,app_open,2025-02-27
1904,app_open,2025-01-11
1904,app_open,2025-01-12
1904,app_open,2025-01-18
1905,app_open,2025-03-18
1905,app_open,2025-03-19
1906,app_open,2025-01-06
1906,app_open,2025-02-03
1907,app_open,2025-02-25
1907,app_open,2025-03-25
1908,app_open,2025-02-11
1908,app_open,2025-02-14
1909,app_open,2025-03-19
1909,app_open,2025-03-20
1910,app_open,2025-02-02
1910,app_open,2025-02-03
1910,app_open,2025-02-05
1911,app_open,2025-01-04
1911,app_open,2025-01-05
1911,app_open,2025-01-18
1912,app_open,2025-01-12
1912,app_open,2025-01-13
1913,app_open,2025-01-30
1913,app_open,2025-01-31
1914,app_open,2025-03-15
1914,app_open,2025-03-16
1915,app_open,2025-03-17
1915,app_open,2025-03-18
1915,app_open,2025-03-24
1916,app_open,2025-01-03
1916,app_open,2025-01-04
1916,app_open,2025-01-17
1917,app_open,2025-02-04
1918,app_open,2025-03-15
1918,app_open,2025-03-16
1919,app_open,2025-01-06
1919,app_open,2025-01-20
1919,app_open,2025-02-03
1920,app_open,2025-01-23
1920,app_open,2025-01-30
1921,app_open,2025-03-02
1921,app_open,2025-03-09
1921,app_open,2025-03-16
1921,app_open,2025-03-30
1922,app_open,2025-03-08
1922,app_open,2025-03-09
1922,app_open,2025-03-11
1923,app_open,2025-02-26
1923,app_open,2025-02-27
1924,app_open,2025-02-05
1924,app_open,2025-02-06
1924,app_open,2025-02-12
1925,app_open,2025-01-24
1925,app_open,2025-01-25
1926,app_open,2025-03-16
1927,app_open,2025-02-25
1927,app_open,2025-03-25
1928,app_open,2025-03-04
1928,app_open,2025-03-07
1929,app_open,2025-01-12
1929,app_open,2025-01-13
1929,app_open,2025-01-15
1930,app_open,2025-03-02
1930,app_open,2025-03-16
1931,app_open,2025-02-14
1931,app_open,2025-02-17
1932,app_open,2025-02-22
1933,app_open,2025-02-12
1933,app_open,2025-02-13
1933,app_open,2025-02-15
1934,app_open,2025-02-11
1935,app_open,2025-01-14
1936,app_open,2025-01-21
1936,app_open,2025-01-22
1937,app_open,2025-02-12
1938,app_open,2025-02-22
1938,app_open,2025-02-23
1939,app_open,2025-03-05
1940,app_open,2025-02-06
1940,app_open,2025-02-07
1941,app_open,2025-02-21
1941,app_open,2025-02-22
1942,app_open,2025-03-12
1942,app_open,2025-03-13
1942,app_open,2025-03-15
1943,app_open,2025-01-05
1943,app_open,2025-01-06
1944,app_open,2025-02-28
1945,app_open,2025-01-12
1945,app_open,2025-01-13
1945,app_open,2025-01-15
1946,app_open,2025-02-10
1946,app_open,2025-02-13
1946,app_open,2025-02-24
1947,app_open,2025-02-02
1948,app_open,2025-02-11
1948,app_open,2025-02-12
1949,app_open,2025-01-15
1949,app_open,2025-01-16
1949,app_open,2025-01-18
1950,app_open,2025-02-21
1950,app_open,2025-02-24
1951,app_open,2025-03-07
1951,app_open,2025-03-08
1952,app_open,2025-01-01
1953,app_open,2025-03-11
1953,app_open,2025-03-14
1954,app_open,2025-03-01
1955,app_open,2025-02-22
1956,app_open,2025-01-07
1956,app_open,2025-01-08
1956,app_open,2025-01-21
1957,app_open,2025-01-25
1958,app_open,2025-03-08
1958,app_open,2025-03-11
1959,app_open,2025-02-16
1959,app_open,2025-02-17
1959,app_open,2025-02-23
1960,app_open,2025-03-21
1960,app_open,2025-03-22
1960,app_open,2025-03-24
1961,app_open,2025-03-05
1962,app_open,2025-03-22
1962,app_open,2025-03-23
1963,app_open,2025-02-26
1964,app_open,2025-01-07
1964,app_open,2025-01-08
1964,app_open,2025-01-14
1965,app_open,2025-01-27
1965,app_open,2025-01-30
1966,app_open,2025-02-04
1966,app_open,2025-02-07
1967,app_open,2025-03-12
1967,app_open,2025-03-15
1968,app_open,2025-01-17
1968,app_open,2025-01-18
1968,app_open,2025-01-20
1969,app_open,2025-02-06
1969,app_open,2025-02-09
1969,app_open,2025-02-13
1970,app_open,2025-02-26
1970,app_open,2025-02-27
1970,app_open,2025-03-01
1970,app_open,2025-03-05
1971,app_open,2025-03-04
1971,app_open,2025-03-05
1972,app_open,2025-01-16
1972,app_open,2025-01-17
1972,app_open,2025-01-19
1973,app_open,2025-01-04
1973,app_open,2025-01-05
1973,app_open,2025-01-11
1974,app_open,2025-03-22
1974,app_open,2025-03-23
1975,app_open,2025-03-19
1975,app_open,2025-03-20
1975,app_open,2025-03-22
1976,app_open,2025-01-31
1976,app_open,2025-02-01
1976,app_open,2025-02-03
1977,app_open,2025-01-21
1977,app_open,2025-01-22
1977,app_open,2025-01-24
1978,app_open,2025-02-09
1978,app_open,2025-02-10
1979,app_open,2025-03-12
1979,app_open,2025-03-26
1980,app_open,2025-01-02
1980,app_open,2025-01-03
1980,app_open,2025-01-05
1981,app_open,2025-03-12
1981,app_open,2025-03-13
1982,app_open,2025-02-22
1982,app_open,2025-03-08
1983,app_open,2025-01-12
1984,app_open,2025-01-29
1984,app_open,2025-02-26
1985,app_open,2025-01-15
1985,app_open,2025-01-16
1986,app_open,2025-03-01
1986,app_open,2025-03-29
1987,app_open,2025-01-16
1987,app_open,2025-01-17
1988,app_open,2025-01-20
1988,app_open,2025-01-21
1989,app_open,2025-03-05
1990,app_open,2025-02-07
1990,app_open,2025-02-10
1990,app_open,2025-02-14
1990,app_open,2025-02-21
1990,app_open,2025-03-07
1991,app_open,2025-03-07
1991,app_open,2025-03-08
1991,app_open,2025-03-21
1992,app_open,2025-02-04
1992,app_open,2025-03-04
1993,app_open,2025-02-23
1993,app_open,2025-03-02
1994,app_open,2025-03-03
1994,app_open,2025-03-04
1995,app_open,2025-03-02
1995,app_open,2025-03-03
1996,app_open,2025-02-01
1996,app_open,2025-02-15
1997,app_open,2025-02-28
1997,app_open,2025-03-01
1998,app_open,2025-03-12
1998,app_open,2025-03-15
1998,app_open,2025-03-19
1999,app_open,2025-01-19
1999,app_open,2025-01-20
1999,app_open,2025-01-22
2000,app_open,2025-02-19
2001,app_open,2025-01-25
2001,app_open,2025-01-26
2002,app_open,2025-03-18
2002,app_open,2025-03-19
2002,app_open,2025-03-25
2003,app_open,2025-03-07
2004,app_open,2025-01-18
2004,app_open,2025-01-19
2005,app_open,2025-01-09
2005,app_open,2025-01-10
2006,app_open,2025-02-05
2006,app_open,2025-02-06
2007,app_open,2025-02-23
2007,app_open,2025-02-24
2008,app_open,2025-02-13
2008,app_open,2025-02-14
2009,app_open,2025-03-06
2009,app_open,2025-03-07
2009,app_open,2025-03-09
2010,app_open,2025-02-04
2010,app_open,2025-02-05
2010,app_open,2025-02-11
2011,app_open,2025-01-01
2011,app_open,2025-01-04
2011,app_open,2025-01-15
2012,app_open,2025-02-06
2013,app_open,2025-02-08
2014,app_open,2025-03-17
2014,app_open,2025-03-20
2015,app_open,2025-03-16
2015,app_open,2025-03-23
2016,app_open,2025-03-04
2016,app_open,2025-03-05
2017,app_open,2025-01-20
2017,app_open,2025-01-21
2017,app_open,2025-01-23
2017,app_open,2025-02-17
2018,app_open,2025-02-27
2018,app_open,2025-02-28
2019,app_open,2025-03-10
2019,app_open,2025-03-13
2019,app_open,2025-03-24
2020,app_open,2025-03-03
2021,app_open,2025-02-14
2022,app_open,2025-02-12
2022,app_open,2025-02-19
2023,app_open,2025-03-12
2023,app_open,2025-03-13
2023,app_open,2025-03-19
2024,app_open,2025-03-11
2024,app_open,2025-03-12
2024,app_open,2025-03-18
2025,app_open,2025-02-18
2026,app_open,2025-02-28
2027,app_open,2025-02-11
2027,app_open,2025-02-12
2028,app_open,2025-01-25
2028,app_open,2025-01-26
2028,app_open,2025-01-28
2029,app_open,2025-01-31
2029,app_open,2025-02-07
2029,app_open,2025-02-14
2030,app_open,2025-03-15
2030,app_open,2025-03-16
2030,app_open,2025-03-18
2031,app_open,2025-02-19
2031,app_open,2025-02-22
2032,app_open,2025-01-30
2032,app_open,2025-02-13
2033,app_open,2025-02-22
2033,app_open,2025-02-23
2034,app_open,2025-01-06
2034,app_open,2025-01-07
2034,app_open,2025-01-13
2035,app_open,2025-02-10
2035,app_open,2025-02-11
2035,app_open,2025-02-17
2036,app_open,2025-03-02
2036,app_open,2025-03-03
2036,app_open,2025-03-09
2036,app_open,2025-03-16
2036,app_open,2025-03-30
2037,app_open,2025-02-18
2038,app_open,2025-02-19
2038,app_open,2025-02-22
2039,app_open,2025-01-20
2039,app_open,2025-01-21
2040,app_open,2025-03-05
2040,app_open,2025-03-08
2041,app_open,2025-01-05
2041,app_open,2025-01-12
2042,app_open,2025-01-17
2042,app_open,2025-01-18
2043,app_open,2025-03-06
2043,app_open,2025-03-07
2044,app_open,2025-03-17
2045,app_open,2025-02-12
2045,app_open,2025-02-13
2046,app_open,2025-01-13
2047,app_open,2025-02-26
2047,app_open,2025-02-27
2047,app_open,2025-03-01
2048,app_open,2025-01-13
2048,app_open,2025-01-16
2049,app_open,2025-03-09
2049,app_open,2025-03-10
2049,app_open,2025-03-16
2050,app_open,2025-02-28
2050,app_open,2025-03-07
2051,app_open,2025-01-02
2051,app_open,2025-01-03
2052,app_open,2025-01-19
2052,app_open,2025-01-20
2053,app_open,2025-02-22
2053,app_open,2025-02-23
2053,app_open,2025-03-22
2054,app_open,2025-01-20
2054,app_open,2025-01-27
2055,app_open,2025-01-10
2056,app_open,2025-03-02
2056,app_open,2025-03-03
2056,app_open,2025-03-09
2057,app_open,2025-02-03
2058,app_open,2025-02-13
2058,app_open,2025-02-14
2059,app_open,2025-03-21
2059,app_open,2025-03-22
2060,app_open,2025-02-20
2060,app_open,2025-02-21
2060,app_open,2025-03-06
2061,app_open,2025-01-11
2061,app_open,2025-01-12
2062,app_open,2025-02-12
2062,app_open,2025-02-13
2062,app_open,2025-03-12
2063,app_open,2025-03-10
2063,app_open,2025-03-11
2063,app_open,2025-03-17
2064,app_open,2025-02-18
2064,app_open,2025-02-19
2065,app_open,2025-02-10
2065,app_open,2025-02-13
2066,app_open,2025-03-22
2067,app_open,2025-03-04
2067,app_open,2025-03-05
2068,app_open,2025-03-11
2068,app_open,2025-03-12
2069,app_open,2025-01-05
2069,app_open,2025-01-06
2070,app_open,2025-03-21
2070,app_open,2025-03-22
2071,app_open,2025-01-09
2071,app_open,2025-01-10
2072,app_open,2025-01-31
2072,app_open,2025-02-03
2073,app_open,2025-03-22
2073,app_open,2025-03-23
2073,app_open,2025-03-25
2074,app_open,2025-02-06
2074,app_open,2025-02-07
2075,app_open,2025-01-30
2075,app_open,2025-01-31
2075,app_open,2025-02-06
2076,app_open,2025-01-12
2076,app_open,2025-01-19
2077,app_open,2025-02-25
2077,app_open,2025-02-26
2077,app_open,2025-03-04
2078,app_open,2025-01-13
2078,app_open,2025-01-16
2079,app_open,2025-01-13
2079,app_open,2025-01-16
2080,app_open,2025-02-26
2080,app_open,2025-02-27
2080,app_open,2025-03-26
2081,app_open,2025-01-22
2081,app_open,2025-01-23
2082,app_open,2025-02-08
2082,app_open,2025-03-08
2083,app_open,2025-01-04
2084,app_open,2025-01-06
2084,app_open,2025-01-07
2085,app_open,2025-02-11
2085,app_open,2025-02-12
2086,app_open,2025-01-08
2086,app_open,2025-01-09
2086,app_open,2025-01-11
2087,app_open,2025-02-07
2087,app_open,2025-02-08
2087,app_open,2025-02-10
2088,app_open,2025-02-15
2088,app_open,2025-02-16
2088,app_open,2025-02-18
2089,app_open,2025-02-17
2089,app_open,2025-02-18
2089,app_open,2025-02-24
2090,app_open,2025-02-25
2091,app_open,2025-01-19
2091,app_open,2025-01-20
2091,app_open,2025-01-22
2091,app_open,2025-01-26
2092,app_open,2025-02-01
2093,app_open,2025-03-09
2093,app_open,2025-03-10
2093,app_open,2025-03-12
2094,app_open,2025-02-22
2094,app_open,2025-02-23
2094,app_open,2025-02-25
2095,app_open,2025-03-14
2095,app_open,2025-03-15
2096,app_open,2025-01-24
2097,app_open,2025-01-22
2097,app_open,2025-01-23
2097,app_open,2025-02-19
2098,app_open,2025-01-23
2099,app_open,2025-01-11
2099,app_open,2025-01-12
2099,app_open,2025-01-25
2100,app_open,2025-03-20
2100,app_open,2025-03-21
2101,app_open,2025-02-18
2102,app_open,2025-03-21
2102,app_open,2025-03-22
2102,app_open,2025-03-24
2103,app_open,2025-01-31
2103,app_open,2025-02-01
2104,app_open,2025-03-05
2104,app_open,2025-03-06
2105,app_open,2025-03-16
2106,app_open,2025-01-19
2106,app_open,2025-01-20
2106,app_open,2025-01-22
2106,app_open,2025-01-26
2106,app_open,2025-02-16
2107,app_open,2025-01-30
2107,app_open,2025-02-02
2107,app_open,2025-02-13
2108,app_open,2025-03-01
2108,app_open,2025-03-02
2109,app_open,2025-02-02
2109,app_open,2025-02-03
2110,app_open,2025-02-28
2110,app_open,2025-03-01
2111,app_open,2025-02-02
2112,app_open,2025-01-02
2112,app_open,2025-01-03
2113,app_open,2025-03-01
2113,app_open,2025-03-02
2113,app_open,2025-03-04
2113,app_open,2025-03-08
2114,app_open,2025-02-06
2114,app_open,2025-02-07
2115,app_open,2025-03-11
2115,app_open,2025-03-12
2116,app_open,2025-01-21
2116,app_open,2025-01-22
2116,app_open,2025-02-18
2117,app_open,2025-01-10
2117,app_open,2025-01-24
2118,app_open,2025-02-26
2118,app_open,2025-02-27
2119,app_open,2025-02-14
2120,app_open,2025-03-17
2120,app_open,2025-03-20
2121,app_open,2025-02-08
2122,app_open,2025-02-24
2122,app_open,2025-02-25
2122,app_open,2025-03-10
2123,app_open,2025-02-02
2123,app_open,2025-02-03
2124,app_open,2025-02-28
2125,app_open,2025-02-08
2125,app_open,2025-02-22
2126,app_open,2025-01-26
2127,app_open,2025-02-19
2127,app_open,2025-02-26
2128,app_open,2025-03-03
2128,app_open,2025-03-04
2129,app_open,2025-01-14
2129,app_open,2025-01-15
2130,app_open,2025-01-31
2131,app_open,2025-02-18
2132,app_open,2025-03-15
2133,app_open,2025-02-15
2133,app_open,2025-02-18
2133,app_open,2025-02-22
2134,app_open,2025-03-15
2135,app_open,2025-02-07
2136,app_open,2025-02-07
2136,app_open,2025-02-08
2136,app_open,2025-02-10
2136,app_open,2025-02-14
2137,app_open,2025-01-03
2137,app_open,2025-01-04
2138,app_open,2025-02-20
2138,app_open,2025-02-23
2139,app_open,2025-02-05
2139,app_open,2025-02-06
2139,app_open,2025-02-12
2140,app_open,2025-01-02
2140,app_open,2025-01-03
2141,app_open,2025-03-14
2141,app_open,2025-03-15
2141,app_open,2025-03-17
2142,app_open,2025-01-07
2142,app_open,2025-01-08
2142,app_open,2025-02-04
2143,app_open,2025-03-19
2144,app_open,2025-03-05
2145,app_open,2025-02-06
2145,app_open,2025-02-07
2146,app_open,2025-01-30
2146,app_open,2025-02-02
2147,app_open,2025-03-19
2148,app_open,2025-02-15
2148,app_open,2025-02-18
2148,app_open,2025-03-01
2149,app_open,2025-01-29
2149,app_open,2025-01-30
2149,app_open,2025-02-01
2149,app_open,2025-02-12
2150,app_open,2025-01-25
2151,app_open,2025-03-21
2151,app_open,2025-03-22
2151,app_open,2025-03-24
2152,app_open,2025-02-02
2153,app_open,2025-01-18
2153,app_open,2025-01-19
2154,app_open,2025-03-22
2154,app_open,2025-03-23
2154,app_open,2025-03-25
2155,app_open,2025-01-13
2155,app_open,2025-01-14
2155,app_open,2025-02-10
2156,app_open,2025-03-22
2157,app_open,2025-01-06
2157,app_open,2025-01-07
2158,app_open,2025-02-09
2159,app_open,2025-02-26
2160,app_open,2025-01-05
2160,app_open,2025-01-08
2161,app_open,2025-03-16
2161,app_open,2025-03-19
2162,app_open,2025-02-16
2162,app_open,2025-02-17
2162,app_open,2025-02-19
2163,app_open,2025-01-17
2163,app_open,2025-01-18
2164,app_open,2025-01-12
2164,app_open,2025-01-13
2164,app_open,2025-01-15
2165,app_open,2025-02-07
2165,app_open,2025-02-08
2165,app_open,2025-02-10
2165,app_open,2025-02-14
2166,app_open,2025-02-11
2166,app_open,2025-02-12
2166,app_open,2025-02-14
2167,app_open,2025-02-23
2167,app_open,2025-02-26
2168,app_open,2025-01-23
2168,app_open,2025-01-24
2168,app_open,2025-01-26
2168,app_open,2025-02-20
2169,app_open,2025-01-26
2169,app_open,2025-02-02
2169,app_open,2025-02-23
2170,app_open,2025-01-17
2170,app_open,2025-01-18
2171,app_open,2025-03-11
2171,app_open,2025-03-12
2172,app_open,2025-02-16
2173,app_open,2025-03-09
2173,app_open,2025-03-12
2174,app_open,2025-03-06
2175,app_open,2025-02-04
2175,app_open,2025-02-05
2176,app_open,2025-01-22
2176,app_open,2025-01-23
2176,app_open,2025-01-25
2177,app_open,2025-02-02
2178,app_open,2025-03-03
2178,app_open,2025-03-04
2178,app_open,2025-03-31
2179,app_open,2025-02-07
2180,app_open,2025-02-13
2181,app_open,2025-01-15
2181,app_open,2025-01-16
2182,app_open,2025-03-01
2182,app_open,2025-03-02
2183,app_open,2025-01-10
2183,app_open,2025-01-13
2184,app_open,2025-01-19
2184,app_open,2025-01-20
2184,app_open,2025-01-26
2185,app_open,2025-01-29
2185,app_open,2025-02-01
2186,app_open,2025-02-20
2186,app_open,2025-02-27
2186,app_open,2025-03-06
2187,app_open,2025-03-13
2187,app_open,2025-03-14
2187,app_open,2025-03-16
2187,app_open,2025-03-20
2188,app_open,2025-02-16
2188,app_open,2025-02-17
2189,app_open,2025-01-12
2189,app_open,2025-01-13
2189,app_open,2025-01-19
2189,app_open,2025-02-09
2190,app_open,2025-02-20
2190,app_open,2025-02-21
2191,app_open,2025-01-02
2191,app_open,2025-01-05
2192,app_open,2025-02-03
2192,app_open,2025-02-06
2193,app_open,2025-03-10
2193,app_open,2025-03-13
2194,app_open,2025-01-16
2195,app_open,2025-02-28
2195,app_open,2025-03-28
2196,app_open,2025-02-17
2196,app_open,2025-02-18
2196,app_open,2025-02-24
2197,app_open,2025-02-03
2198,app_open,2025-03-16
2198,app_open,2025-03-19
2199,app_open,2025-02-18
2199,app_open,2025-02-21
2200,app_open,2025-02-17
2200,app_open,2025-02-20
2200,app_open,2025-03-17
2201,app_open,2025-01-14
2202,app_open,2025-01-30
2202,app_open,2025-01-31
2203,app_open,2025-03-02
2203,app_open,2025-03-03
2203,app_open,2025-03-16
2204,app_open,2025-01-04
2204,app_open,2025-01-05
2204,app_open,2025-02-01
2205,app_open,2025-03-21
2205,app_open,2025-03-22
2205,app_open,2025-03-28
2206,app_open,2025-03-13
2206,app_open,2025-03-14
2206,app_open,2025-03-16
2206,app_open,2025-03-20
2207,app_open,2025-02-11
2207,app_open,2025-02-12
2208,app_open,2025-03-20
2208,app_open,2025-03-21
2208,app_open,2025-03-23
2209,app_open,2025-01-29
2210,app_open,2025-01-09
2210,app_open,2025-01-10
2210,app_open,2025-02-06
2211,app_open,2025-03-01
2211,app_open,2025-03-02
2211,app_open,2025-03-04
2211,app_open,2025-03-08
2212,app_open,2025-02-08
2213,app_open,2025-02-22
2213,app_open,2025-02-23
2213,app_open,2025-03-01
2214,app_open,2025-01-15
2214,app_open,2025-01-22
2215,app_open,2025-01-18
2216,app_open,2025-01-06
2216,app_open,2025-01-07
2216,app_open,2025-01-09
2217,app_open,2025-01-05
2217,app_open,2025-01-12
2218,app_open,2025-02-08
2218,app_open,2025-02-09
2218,app_open,2025-03-08
2219,app_open,2025-03-05
2219,app_open,2025-03-08
2220,app_open,2025-01-15
2220,app_open,2025-01-18
2220,app_open,2025-01-22
2220,app_open,2025-01-29
2221,app_open,2025-01-13
2221,app_open,2025-01-14
2221,app_open,2025-02-10
2222,app_open,2025-01-31
2223,app_open,2025-03-10
2224,app_open,2025-01-18
2224,app_open,2025-02-01
2225,app_open,2025-02-19
2226,app_open,2025-02-28
2226,app_open,2025-03-01
2227,app_open,2025-02-17
2227,app_open,2025-02-20
2227,app_open,2025-02-24
2228,app_open,2025-03-11
2228,app_open,2025-03-12
2228,app_open,2025-03-18
2229,app_open,2025-02-23
2230,app_open,2025-03-17
2230,app_open,2025-03-24
2231,app_open,2025-01-20
2231,app_open,2025-01-21
2232,app_open,2025-02-23
2232,app_open,2025-02-24
2232,app_open,2025-02-26
2233,app_open,2025-01-13
2233,app_open,2025-01-14
2233,app_open,2025-01-16
2233,app_open,2025-01-27
2233,app_open,2025-02-10
2234,app_open,2025-03-04
2234,app_open,2025-03-05
2235,app_open,2025-03-20
2235,app_open,2025-03-21
2235,app_open,2025-03-27
2236,app_open,2025-02-22
2236,app_open,2025-02-23
2236,app_open,2025-02-25
2237,app_open,2025-02-05
2237,app_open,2025-02-19
2237,app_open,2025-03-05
2238,app_open,2025-01-05
2239,app_open,2025-02-17
2239,app_open,2025-02-18
2239,app_open,2025-02-24
2240,app_open,2025-01-28
2240,app_open,2025-01-29
2241,app_open,2025-02-26
2241,app_open,2025-02-27
2242,app_open,2025-02-26
2243,app_open,2025-01-31
2244,app_open,2025-02-16
2245,app_open,2025-01-13
2245,app_open,2025-01-14
2245,app_open,2025-01-16
2246,app_open,2025-02-17
2246,app_open,2025-03-03
2247,app_open,2025-03-11
2247,app_open,2025-03-18
2247,app_open,2025-03-25
2248,app_open,2025-02-15
2248,app_open,2025-02-16
2249,app_open,2025-01-08
2250,app_open,2025-02-20
2250,app_open,2025-02-21
2250,app_open,2025-02-23
2250,app_open,2025-03-06
2251,app_open,2025-02-05
2251,app_open,2025-02-06
2251,app_open,2025-02-08
2251,app_open,2025-02-19
2252,app_open,2025-01-25
2253,app_open,2025-01-16
2253,app_open,2025-01-23
2253,app_open,2025-01-30
2253,app_open,2025-02-13
2254,app_open,2025-02-28
2254,app_open,2025-03-01
2255,app_open,2025-01-12
2255,app_open,2025-01-15
2256,app_open,2025-01-28
2257,app_open,2025-03-18
2257,app_open,2025-03-21
2258,app_open,2025-01-03
2258,app_open,2025-01-04
2258,app_open,2025-01-10
2259,app_open,2025-01-07
2259,app_open,2025-01-10
2260,app_open,2025-02-12
2260,app_open,2025-02-15
2261,app_open,2025-02-01
2262,app_open,2025-01-17
2263,app_open,2025-03-14
2263,app_open,2025-03-15
2263,app_open,2025-03-17
2264,app_open,2025-01-27
2264,app_open,2025-01-28
2264,app_open,2025-02-03
2264,app_open,2025-02-10
2265,app_open,2025-01-09
2265,app_open,2025-01-10
2265,app_open,2025-01-12
2266,app_open,2025-03-12
2266,app_open,2025-03-13
2267,app_open,2025-01-27
2267,app_open,2025-01-28
2268,app_open,2025-03-17
2268,app_open,2025-03-18
2269,app_open,2025-01-28
2269,app_open,2025-01-29
2270,app_open,2025-01-30
2271,app_open,2025-02-12
2271,app_open,2025-02-19
2272,app_open,2025-01-19
2272,app_open,2025-02-16
2273,app_open,2025-03-18
2273,app_open,2025-03-25
2274,app_open,2025-01-01
2274,app_open,2025-01-04
2275,app_open,2025-02-05
2275,app_open,2025-02-06
2276,app_open,2025-01-19
2276,app_open,2025-01-20
2277,app_open,2025-01-17
2277,app_open,2025-01-18
2278,app_open,2025-03-11
2279,app_open,2025-02-02
2279,app_open,2025-02-03
2279,app_open,2025-02-05
2279,app_open,2025-02-09
2280,app_open,2025-01-23
2281,app_open,2025-01-15
2281,app_open,2025-01-18
2282,app_open,2025-01-04
2282,app_open,2025-02-01
2283,app_open,2025-01-17
2283,app_open,2025-01-20
2284,app_open,2025-01-02
2284,app_open,2025-01-03
2284,app_open,2025-01-05
2285,app_open,2025-02-15
2285,app_open,2025-02-16
2286,app_open,2025-01-31
2286,app_open,2025-02-01
2286,app_open,2025-02-03
2286,app_open,2025-02-07
2287,app_open,2025-03-17
2287,app_open,2025-03-18
2288,app_open,2025-02-11
2288,app_open,2025-02-12
2289,app_open,2025-01-03
2289,app_open,2025-01-10
2290,app_open,2025-01-23
2290,app_open,2025-01-24
2290,app_open,2025-02-20
2291,app_open,2025-02-03
2291,app_open,2025-02-06
2292,app_open,2025-01-07
2293,app_open,2025-01-17
2293,app_open,2025-01-18
2294,app_open,2025-02-23
2294,app_open,2025-02-26
2295,app_open,2025-03-09
2295,app_open,2025-03-10
2295,app_open,2025-03-12
2296,app_open,2025-01-15
2296,app_open,2025-01-16
2296,app_open,2025-01-22
2297,app_open,2025-01-09
2297,app_open,2025-01-10
2297,app_open,2025-02-06
2298,app_open,2025-03-02
2298,app_open,2025-03-09
2299,app_open,2025-02-27
2299,app_open,2025-02-28
2299,app_open,2025-03-13
2300,app_open,2025-02-16
2300,app_open,2025-02-17
2301,app_open,2025-03-07
2301,app_open,2025-03-08
2301,app_open,2025-03-10
2302,app_open,2025-03-17
2302,app_open,2025-03-24
2302,app_open,2025-03-31
2303,app_open,2025-01-14
2304,app_open,2025-02-27
2304,app_open,2025-03-02
2305,app_open,2025-03-06
2306,app_open,2025-01-29
2306,app_open,2025-01-30
2306,app_open,2025-02-05
2307,app_open,2025-03-20
2308,app_open,2025-01-06
2308,app_open,2025-01-07
2308,app_open,2025-01-09
2309,app_open,2025-03-08
2309,app_open,2025-03-11
2310,app_open,2025-02-08
2310,app_open,2025-02-15
2311,app_open,2025-02-28
2312,app_open,2025-01-04
2312,app_open,2025-01-05
2312,app_open,2025-01-11
2313,app_open,2025-01-08
2313,app_open,2025-01-09
2314,app_open,2025-03-03
2314,app_open,2025-03-06
2314,app_open,2025-03-17
2315,app_open,2025-02-21
2315,app_open,2025-02-22
2315,app_open,2025-02-24
2316,app_open,2025-02-24
2316,app_open,2025-02-27
2317,app_open,2025-01-14
2318,app_open,2025-03-04
2318,app_open,2025-03-05
2319,app_open,2025-02-26
2319,app_open,2025-02-27
2320,app_open,2025-01-10
2320,app_open,2025-01-11
2320,app_open,2025-01-13
2321,app_open,2025-01-11
2321,app_open,2025-02-08
2322,app_open,2025-02-11
2323,app_open,2025-03-19
2323,app_open,2025-03-20
2324,app_open,2025-01-19
2324,app_open,2025-01-22
2325,app_open,2025-01-09
2325,app_open,2025-01-23
2326,app_open,2025-01-17
2326,app_open,2025-01-18
2327,app_open,2025-02-05
2327,app_open,2025-02-12
2328,app_open,2025-03-21
2329,app_open,2025-03-16
2329,app_open,2025-03-30
2330,app_open,2025-03-12
2331,app_open,2025-02-11
2331,app_open,2025-02-12
2331,app_open,2025-02-14
2331,app_open,2025-02-25
2332,app_open,2025-02-18
2332,app_open,2025-02-19
2333,app_open,2025-03-18
2333,app_open,2025-03-21
2334,app_open,2025-03-09
2334,app_open,2025-03-10
2334,app_open,2025-03-16
2335,app_open,2025-02-07
2335,app_open,2025-02-10
2336,app_open,2025-02-28
2336,app_open,2025-03-01
2337,app_open,2025-03-06
2337,app_open,2025-03-07
2337,app_open,2025-03-09
2338,app_open,2025-03-19
2338,app_open,2025-03-20
2338,app_open,2025-03-26
2339,app_open,2025-02-25
2339,app_open,2025-02-28
2340,app_open,2025-01-13
2340,app_open,2025-01-14
2340,app_open,2025-01-20
2341,app_open,2025-01-15
2342,app_open,2025-03-12
2342,app_open,2025-03-13
2343,app_open,2025-01-28
2344,app_open,2025-02-25
2344,app_open,2025-02-26
2344,app_open,2025-02-28
2345,app_open,2025-02-27
2345,app_open,2025-02-28
2346,app_open,2025-01-30
2347,app_open,2025-02-22
2347,app_open,2025-02-23
2347,app_open,2025-02-25
2347,app_open,2025-03-01
2348,app_open,2025-02-13
2349,app_open,2025-02-28
2349,app_open,2025-03-01
2349,app_open,2025-03-03
2350,app_open,2025-02-21
2350,app_open,2025-02-22
2351,app_open,2025-02-23
2351,app_open,2025-03-02
2352,app_open,2025-01-13
2352,app_open,2025-01-14
2353,app_open,2025-02-10
2353,app_open,2025-02-11
2354,app_open,2025-02-24
2355,app_open,2025-02-10
2355,app_open,2025-02-11
2356,app_open,2025-02-02
2356,app_open,2025-02-03
2356,app_open,2025-02-09
2357,app_open,2025-02-17
2358,app_open,2025-01-20
2358,app_open,2025-02-17
2359,app_open,2025-03-02
2360,app_open,2025-01-09
2361,app_open,2025-01-12
2361,app_open,2025-01-13
2361,app_open,2025-01-15
2362,app_open,2025-01-11
2362,app_open,2025-01-12
2363,app_open,2025-01-12
2363,app_open,2025-01-13
2363,app_open,2025-01-15
2363,app_open,2025-01-26
2364,app_open,2025-02-25
2364,app_open,2025-02-26
2365,app_open,2025-01-13
2365,app_open,2025-01-14
2366,app_open,2025-02-17
2366,app_open,2025-02-18
2366,app_open,2025-02-20
2367,app_open,2025-01-17
2368,app_open,2025-03-13
2368,app_open,2025-03-20
2369,app_open,2025-01-08
2369,app_open,2025-01-09
2370,app_open,2025-03-17
2370,app_open,2025-03-18
2370,app_open,2025-03-24
2371,app_open,2025-03-13
2371,app_open,2025-03-14
2372,app_open,2025-03-13
2372,app_open,2025-03-14
2372,app_open,2025-03-16
2373,app_open,2025-02-12
2373,app_open,2025-02-15
2374,app_open,2025-01-16
2374,app_open,2025-01-17
2374,app_open,2025-01-23
2375,app_open,2025-02-22
2375,app_open,2025-02-23
2376,app_open,2025-02-15
2376,app_open,2025-02-16
2377,app_open,2025-02-24
2378,app_open,2025-01-07
2378,app_open,2025-01-10
2379,app_open,2025-02-06
2379,app_open,2025-02-07
2379,app_open,2025-02-13
2380,app_open,2025-03-18
2380,app_open,2025-03-25
2381,app_open,2025-02-09
2381,app_open,2025-02-23
2382,app_open,2025-02-15
2383,app_open,2025-01-14
2383,app_open,2025-01-15
2383,app_open,2025-01-21
2384,app_open,2025-03-15
2384,app_open,2025-03-16
2384,app_open,2025-03-22
2385,app_open,2025-03-06
2385,app_open,2025-03-07
2385,app_open,2025-03-13
2386,app_open,2025-01-28
2386,app_open,2025-01-29
2386,app_open,2025-01-31
2387,app_open,2025-01-20
2387,app_open,2025-01-21
2387,app_open,2025-01-23
2388,app_open,2025-03-03
2389,app_open,2025-01-29
2389,app_open,2025-01-30
2390,app_open,2025-01-14
2390,app_open,2025-01-15
2391,app_open,2025-02-14
2391,app_open,2025-02-15
2391,app_open,2025-02-17
2391,app_open,2025-02-21
2392,app_open,2025-03-13
2393,app_open,2025-02-17
2394,app_open,2025-01-15
2394,app_open,2025-01-16
2394,app_open,2025-01-18
2394,app_open,2025-01-29
2395,app_open,2025-02-05
2395,app_open,2025-03-05
2396,app_open,2025-03-15
2396,app_open,2025-03-16
2396,app_open,2025-03-22
2397,app_open,2025-01-29
2397,app_open,2025-02-12
2398,app_open,2025-02-24
2398,app_open,2025-02-25
2399,app_open,2025-03-13
2399,app_open,2025-03-14
2400,app_open,2025-03-21
2400,app_open,2025-03-24
2401,app_open,2025-03-20
2401,app_open,2025-03-21
2402,app_open,2025-03-13
2402,app_open,2025-03-14
2403,app_open,2025-01-04
2403,app_open,2025-01-07
2404,app_open,2025-03-19
2404,app_open,2025-03-20
2404,app_open,2025-03-26
2405,app_open,2025-02-04
2405,app_open,2025-02-05
2406,app_open,2025-01-04
2406,app_open,2025-01-05
2406,app_open,2025-01-07
2407,app_open,2025-01-24
2407,app_open,2025-01-25
2407,app_open,2025-01-31
2408,app_open,2025-02-04
2409,app_open,2025-02-09
2409,app_open,2025-02-10
2409,app_open,2025-02-16
2409,app_open,2025-02-23
2410,app_open,2025-02-13
2410,app_open,2025-02-14
2410,app_open,2025-02-16
2411,app_open,2025-02-14
2412,app_open,2025-01-01
2412,app_open,2025-01-15
2413,app_open,2025-01-24
2414,app_open,2025-01-19
2414,app_open,2025-01-20
2414,app_open,2025-01-26
2415,app_open,2025-03-14
2415,app_open,2025-03-15
2416,app_open,2025-02-21
2416,app_open,2025-02-22
2417,app_open,2025-01-09
2417,app_open,2025-01-10
2417,app_open,2025-01-16
2418,app_open,2025-01-19
2418,app_open,2025-01-20
2419,app_open,2025-01-04
2419,app_open,2025-01-05
2419,app_open,2025-01-07
2420,app_open,2025-01-12
2420,app_open,2025-01-19
2420,app_open,2025-01-26
2421,app_open,2025-03-09
2421,app_open,2025-03-12
2422,app_open,2025-01-28
2423,app_open,2025-02-18
2424,app_open,2025-02-23
2424,app_open,2025-02-24
2424,app_open,2025-02-26
2425,app_open,2025-02-28
2425,app_open,2025-03-28
2426,app_open,2025-02-13
2426,app_open,2025-02-14
2427,app_open,2025-01-21
2428,app_open,2025-02-17
2429,app_open,2025-02-09
2429,app_open,2025-02-10
2429,app_open,2025-02-16
2429,app_open,2025-03-09
2430,app_open,2025-02-11
2430,app_open,2025-02-18
2431,app_open,2025-03-14
2431,app_open,2025-03-15
2431,app_open,2025-03-17
2432,app_open,2025-03-18
2432,app_open,2025-03-19
2432,app_open,2025-03-25
2433,app_open,2025-01-11
2433,app_open,2025-01-12
2434,app_open,2025-01-07
2435,app_open,2025-01-20
2435,app_open,2025-01-23
2436,app_open,2025-01-21
2436,app_open,2025-01-22
2437,app_open,2025-03-21
2437,app_open,2025-03-22
2438,app_open,2025-01-07
2439,app_open,2025-01-11
2439,app_open,2025-01-12
2439,app_open,2025-01-14
2440,app_open,2025-02-04
2440,app_open,2025-02-18
2441,app_open,2025-02-26
2441,app_open,2025-03-01
2441,app_open,2025-03-12
2442,app_open,2025-02-24
2442,app_open,2025-02-25
2442,app_open,2025-02-27
2443,app_open,2025-03-04
2443,app_open,2025-03-05
2443,app_open,2025-03-18
2444,app_open,2025-03-19
2444,app_open,2025-03-20
2444,app_open,2025-03-22
2444,app_open,2025-03-26
2445,app_open,2025-02-26
2445,app_open,2025-02-27
2445,app_open,2025-03-05
2446,app_open,2025-02-23
2446,app_open,2025-03-09
2447,app_open,2025-02-04
2448,app_open,2025-01-28
2448,app_open,2025-01-29
2449,app_open,2025-03-07
2449,app_open,2025-03-08
2450,app_open,2025-01-15
2450,app_open,2025-01-16
2450,app_open,2025-02-12
2451,app_open,2025-02-14
2451,app_open,2025-02-28
2452,app_open,2025-02-25
2452,app_open,2025-02-26
2452,app_open,2025-02-28
2452,app_open,2025-03-04
2453,app_open,2025-01-15
2453,app_open,2025-01-16
2454,app_open,2025-02-06
2455,app_open,2025-03-17
2455,app_open,2025-03-18
2456,app_open,2025-03-04
2456,app_open,2025-03-07
2457,app_open,2025-03-09
2457,app_open,2025-03-10
2458,app_open,2025-02-09
2459,app_open,2025-01-06
2459,app_open,2025-01-07
2460,app_open,2025-01-29
2460,app_open,2025-02-01
2461,app_open,2025-02-20
2462,app_open,2025-03-18
2462,app_open,2025-03-25
2463,app_open,2025-01-08
2463,app_open,2025-01-09
2463,app_open,2025-01-11
2464,app_open,2025-01-01
2464,app_open,2025-01-02
2464,app_open,2025-01-08
2465,app_open,2025-01-27
2465,app_open,2025-01-28
2465,app_open,2025-02-10
2466,app_open,2025-02-08
2467,app_open,2025-01-28
2467,app_open,2025-01-29
2468,app_open,2025-01-18
2468,app_open,2025-01-19
2469,app_open,2025-02-02
2469,app_open,2025-02-03
2470,app_open,2025-02-07
2471,app_open,2025-02-11
2471,app_open,2025-02-12
2472,app_open,2025-01-16
2472,app_open,2025-01-17
2473,app_open,2025-01-01
2473,app_open,2025-01-02
2474,app_open,2025-03-05
2474,app_open,2025-03-19
2475,app_open,2025-02-25
2475,app_open,2025-02-28
2476,app_open,2025-01-23
2476,app_open,2025-01-24
2476,app_open,2025-01-26
2477,app_open,2025-01-17
2477,app_open,2025-01-20
2478,app_open,2025-02-18
2479,app_open,2025-03-10
2479,app_open,2025-03-11
2479,app_open,2025-03-17
2480,app_open,2025-01-30
2480,app_open,2025-01-31
2480,app_open,2025-02-02
2481,app_open,2025-03-06
2481,app_open,2025-03-07
2481,app_open,2025-03-20
2482,app_open,2025-03-13
2482,app_open,2025-03-20
2483,app_open,2025-02-15
2483,app_open,2025-02-16
2484,app_open,2025-01-10
2485,app_open,2025-02-20
2485,app_open,2025-02-21
2485,app_open,2025-02-23
2486,app_open,2025-01-06
2486,app_open,2025-01-07
2487,app_open,2025-02-25
2488,app_open,2025-01-03
2488,app_open,2025-01-04
2489,app_open,2025-02-28
2489,app_open,2025-03-01
2489,app_open,2025-03-03
2490,app_open,2025-01-10
2490,app_open,2025-01-17
2491,app_open,2025-02-10
2492,app_open,2025-03-15
2492,app_open,2025-03-16
2492,app_open,2025-03-22
2492,app_open,2025-03-29
2493,app_open,2025-02-24
2493,app_open,2025-03-24
2494,app_open,2025-03-15
2494,app_open,2025-03-16
2495,app_open,2025-02-21
2496,app_open,2025-02-23
2496,app_open,2025-02-24
2496,app_open,2025-02-26
2497,app_open,2025-02-07
2497,app_open,2025-02-10
2497,app_open,2025-02-14
2498,app_open,2025-01-15
2499,app_open,2025-02-21
2499,app_open,2025-02-22
2499,app_open,2025-02-24
2500,app_open,2025-01-03
2500,app_open,2025-01-10
2501,app_open,2025-02-11
2501,app_open,2025-02-12
2501,app_open,2025-02-25
2502,app_open,2025-01-22
2502,app_open,2025-02-05
2503,app_open,2025-03-21
2503,app_open,2025-03-22
2504,app_open,2025-02-28
2504,app_open,2025-03-01
2504,app_open,2025-03-07
2505,app_open,2025-02-16
2506,app_open,2025-01-12
2506,app_open,2025-02-09
2507,app_open,2025-02-25
2507,app_open,2025-02-28
2507,app_open,2025-03-25
2508,app_open,2025-01-14
2509,app_open,2025-02-01
2510,app_open,2025-02-25
2510,app_open,2025-02-26
2511,app_open,2025-03-17
2511,app_open,2025-03-31
2512,app_open,2025-02-21
2512,app_open,2025-02-28
2512,app_open,2025-03-07
2513,app_open,2025-03-09
2513,app_open,2025-03-10
2513,app_open,2025-03-16
2514,app_open,2025-01-11
2515,app_open,2025-02-20
2515,app_open,2025-02-21
2515,app_open,2025-02-23
2515,app_open,2025-02-27
2516,app_open,2025-02-09
2517,app_open,2025-02-13
2517,app_open,2025-02-14
2517,app_open,2025-02-27
2518,app_open,2025-01-29
2519,app_open,2025-02-12
2519,app_open,2025-02-13
2519,app_open,2025-02-15
2519,app_open,2025-02-19
2520,app_open,2025-01-22
2520,app_open,2025-01-25
2521,app_open,2025-01-10
2521,app_open,2025-01-11
2521,app_open,2025-01-24
2521,app_open,2025-02-07
2522,app_open,2025-03-07
2522,app_open,2025-03-08
2522,app_open,2025-03-10
2523,app_open,2025-01-15
2524,app_open,2025-03-09
2524,app_open,2025-03-10
2524,app_open,2025-03-12
2525,app_open,2025-03-07
2526,app_open,2025-01-25
2526,app_open,2025-01-26
2526,app_open,2025-01-28
2527,app_open,2025-02-14
2528,app_open,2025-02-14
2528,app_open,2025-02-15
2528,app_open,2025-02-17
2529,app_open,2025-01-19
2529,app_open,2025-01-20
2529,app_open,2025-01-22
2530,app_open,2025-01-31
2531,app_open,2025-01-14
2531,app_open,2025-01-15
2532,app_open,2025-01-19
2532,app_open,2025-01-26
2533,app_open,2025-02-02
2533,app_open,2025-02-03
2533,app_open,2025-02-09
2534,app_open,2025-01-26
2534,app_open,2025-01-27
2535,app_open,2025-01-23
2535,app_open,2025-01-26
2536,app_open,2025-03-19
2536,app_open,2025-03-20
2537,app_open,2025-01-20
2537,app_open,2025-01-21
2538,app_open,2025-01-10
2538,app_open,2025-01-11
2538,app_open,2025-01-13
2539,app_open,2025-01-23
2539,app_open,2025-02-06
2540,app_open,2025-03-22
2541,app_open,2025-03-05
2541,app_open,2025-03-06
2541,app_open,2025-03-08
2542,app_open,2025-03-01
2542,app_open,2025-03-02
2542,app_open,2025-03-15
2543,app_open,2025-03-14
2543,app_open,2025-03-15
2544,app_open,2025-03-16
2545,app_open,2025-02-27
2545,app_open,2025-03-02
2546,app_open,2025-03-14
2546,app_open,2025-03-17
2547,app_open,2025-03-21
2547,app_open,2025-03-22
2548,app_open,2025-02-11
2549,app_open,2025-03-22
2549,app_open,2025-03-23
2550,app_open,2025-02-10
2550,app_open,2025-02-11
2550,app_open,2025-02-13
2551,app_open,2025-01-20
2551,app_open,2025-01-21
2551,app_open,2025-02-03
2552,app_open,2025-02-26
2552,app_open,2025-02-27
2552,app_open,2025-03-01
2553,app_open,2025-01-09
2553,app_open,2025-01-10
2553,app_open,2025-01-23
2554,app_open,2025-03-02
2555,app_open,2025-02-26
2555,app_open,2025-03-01
2555,app_open,2025-03-05
2556,app_open,2025-03-22
2556,app_open,2025-03-23
2556,app_open,2025-03-25
2557,app_open,2025-02-08
2558,app_open,2025-02-05
2558,app_open,2025-02-06
2559,app_open,2025-03-17
2559,app_open,2025-03-18
2559,app_open,2025-03-31
2560,app_open,2025-01-08
2560,app_open,2025-01-09
2560,app_open,2025-01-11
2561,app_open,2025-02-15
2562,app_open,2025-03-06
2562,app_open,2025-03-07
2563,app_open,2025-01-10
2563,app_open,2025-01-17
2564,app_open,2025-02-09
2564,app_open,2025-02-16
2565,app_open,2025-03-01
2565,app_open,2025-03-15
2566,app_open,2025-02-27
2566,app_open,2025-03-06
2567,app_open,2025-01-05
2567,app_open,2025-01-19
2568,app_open,2025-01-08
2568,app_open,2025-01-15
2569,app_open,2025-02-17
2569,app_open,2025-02-18
2569,app_open,2025-02-20
2570,app_open,2025-02-06
2570,app_open,2025-02-07
2570,app_open,2025-03-06
2571,app_open,2025-01-10
2571,app_open,2025-01-24
2572,app_open,2025-01-12
2572,app_open,2025-01-19
2573,app_open,2025-03-20
2573,app_open,2025-03-27
2574,app_open,2025-03-18
2574,app_open,2025-03-19
2574,app_open,2025-03-21
2575,app_open,2025-03-06
2575,app_open,2025-03-09
2576,app_open,2025-02-19
2576,app_open,2025-02-20
2577,app_open,2025-03-01
2577,app_open,2025-03-02
2577,app_open,2025-03-04
2578,app_open,2025-03-16
2579,app_open,2025-03-12
2580,app_open,2025-01-06
2580,app_open,2025-01-09
2581,app_open,2025-02-27
2582,app_open,2025-03-15
2582,app_open,2025-03-16
2583,app_open,2025-01-25
2583,app_open,2025-01-26
2584,app_open,2025-02-11
2584,app_open,2025-02-14
2585,app_open,2025-03-19
2585,app_open,2025-03-20
2586,app_open,2025-03-02
2586,app_open,2025-03-03
2586,app_open,2025-03-05
2586,app_open,2025-03-09
2587,app_open,2025-03-06
2587,app_open,2025-03-07
2587,app_open,2025-03-20
2588,app_open,2025-01-20
2588,app_open,2025-01-21
2589,app_open,2025-01-08
2589,app_open,2025-01-09
2589,app_open,2025-01-15
2590,app_open,2025-02-27
2590,app_open,2025-03-13
2591,app_open,2025-01-14
2592,app_open,2025-02-13
2592,app_open,2025-02-16
2593,app_open,2025-01-11
2593,app_open,2025-01-12
2594,app_open,2025-03-06
2595,app_open,2025-01-23
2595,app_open,2025-01-26
2595,app_open,2025-01-30
2596,app_open,2025-01-06
2596,app_open,2025-01-07
2596,app_open,2025-02-03
2597,app_open,2025-02-01
2597,app_open,2025-02-08
2598,app_open,2025-02-26
2598,app_open,2025-02-27
2598,app_open,2025-03-12
2599,app_open,2025-02-26
2599,app_open,2025-02-27
2599,app_open,2025-03-05
2600,app_open,2025-03-09
2600,app_open,2025-03-23
2601,app_open,2025-03-08
2601,app_open,2025-03-11
2601,app_open,2025-03-22
2602,app_open,2025-03-20
2602,app_open,2025-03-21
2602,app_open,2025-03-27
2603,app_open,2025-01-21
2603,app_open,2025-01-22
2603,app_open,2025-01-24
2604,app_open,2025-02-16
2604,app_open,2025-02-17
2605,app_open,2025-02-17
2605,app_open,2025-02-24
2606,app_open,2025-02-06
2606,app_open,2025-03-06
2607,app_open,2025-02-19
2608,app_open,2025-02-22
2608,app_open,2025-02-23
2609,app_open,2025-02-13
2610,app_open,2025-03-18
2610,app_open,2025-03-25
2611,app_open,2025-01-07
2612,app_open,2025-03-22
2612,app_open,2025-03-23
2613,app_open,2025-02-12
2613,app_open,2025-02-13
2614,app_open,2025-01-09
2614,app_open,2025-01-10
2614,app_open,2025-02-06
2615,app_open,2025-02-12
2615,app_open,2025-02-13
2615,app_open,2025-02-19
2615,app_open,2025-02-26
2616,app_open,2025-01-13
2616,app_open,2025-01-16
2616,app_open,2025-02-10
2617,app_open,2025-03-13
2617,app_open,2025-03-16
2618,app_open,2025-02-19
2618,app_open,2025-02-22
2619,app_open,2025-02-06
2619,app_open,2025-02-07
2620,app_open,2025-02-02
2620,app_open,2025-02-03
2621,app_open,2025-03-19
2621,app_open,2025-03-20
2621,app_open,2025-03-26
2622,app_open,2025-01-20
2622,app_open,2025-01-27
2623,app_open,2025-02-12
2624,app_open,2025-01-11
2624,app_open,2025-01-18
2625,app_open,2025-03-16
2625,app_open,2025-03-19
2626,app_open,2025-01-19
2626,app_open,2025-01-20
2626,app_open,2025-01-22
2627,app_open,2025-02-14
2627,app_open,2025-02-15
2628,app_open,2025-02-09
2629,app_open,2025-02-20
2629,app_open,2025-02-23
2630,app_open,2025-01-17
2630,app_open,2025-01-18
2630,app_open,2025-01-20
2631,app_open,2025-03-18
2632,app_open,2025-01-11
2632,app_open,2025-01-14
2632,app_open,2025-02-08
2633,app_open,2025-02-09
2633,app_open,2025-02-10
2633,app_open,2025-02-16
2633,app_open,2025-03-09
2634,app_open,2025-03-13
2634,app_open,2025-03-14
2634,app_open,2025-03-16
2634,app_open,2025-03-20
2635,app_open,2025-02-18
2635,app_open,2025-02-21
2635,app_open,2025-03-04
2636,app_open,2025-02-12
2636,app_open,2025-02-13
2636,app_open,2025-02-19
2636,app_open,2025-02-26
2637,app_open,2025-01-17
2637,app_open,2025-01-18
2637,app_open,2025-01-20
2638,app_open,2025-03-09
2639,app_open,2025-01-12
2639,app_open,2025-02-09
2640,app_open,2025-02-24
2640,app_open,2025-02-27
2640,app_open,2025-03-10
2641,app_open,2025-03-07
2642,app_open,2025-02-16
2643,app_open,2025-01-03
2643,app_open,2025-01-06
2644,app_open,2025-02-16
2644,app_open,2025-03-02
2645,app_open,2025-02-09
2645,app_open,2025-02-10
2645,app_open,2025-02-12
2646,app_open,2025-01-24
2646,app_open,2025-01-25
2646,app_open,2025-02-21
2647,app_open,2025-01-28
2647,app_open,2025-02-04
2648,app_open,2025-02-13
2648,app_open,2025-02-14
2648,app_open,2025-02-16
2649,app_open,2025-03-04
2649,app_open,2025-03-05
2649,app_open,2025-03-11
2650,app_open,2025-01-25
2650,app_open,2025-01-26
2650,app_open,2025-01-28
2651,app_open,2025-01-29
2652,app_open,2025-01-18
2652,app_open,2025-01-25
2653,app_open,2025-01-20
2653,app_open,2025-01-21
2653,app_open,2025-01-27
2654,app_open,2025-01-10
2654,app_open,2025-01-13
2655,app_open,2025-02-07
2655,app_open,2025-02-08
2655,app_open,2025-02-14
2656,app_open,2025-01-13
2657,app_open,2025-03-06
2658,app_open,2025-03-11
2658,app_open,2025-03-25
2659,app_open,2025-03-09
2659,app_open,2025-03-12
2660,app_open,2025-01-05
2660,app_open,2025-01-06
2661,app_open,2025-02-13
2661,app_open,2025-02-14
2661,app_open,2025-02-16
2662,app_open,2025-03-21
2662,app_open,2025-03-22
2662,app_open,2025-03-24
2663,app_open,2025-01-17
2664,app_open,2025-03-18
2665,app_open,2025-02-18
2665,app_open,2025-02-19
2665,app_open,2025-03-04
2666,app_open,2025-01-20
2666,app_open,2025-01-21
2666,app_open,2025-01-27
2666,app_open,2025-02-17
2667,app_open,2025-01-21
2667,app_open,2025-01-24
2668,app_open,2025-01-24
2668,app_open,2025-01-25
2669,app_open,2025-03-21
2669,app_open,2025-03-22
2670,app_open,2025-01-22
2670,app_open,2025-01-23
2671,app_open,2025-02-26
2671,app_open,2025-02-27
2672,app_open,2025-01-06
2672,app_open,2025-01-09
2673,app_open,2025-02-22
2673,app_open,2025-02-23
2674,app_open,2025-02-16
2674,app_open,2025-02-17
2674,app_open,2025-02-23
2675,app_open,2025-01-31
2676,app_open,2025-02-26
2677,app_open,2025-03-20
2678,app_open,2025-02-06
2679,app_open,2025-02-27
2679,app_open,2025-02-28
2680,app_open,2025-01-30
2681,app_open,2025-03-10
2681,app_open,2025-03-11
2681,app_open,2025-03-24
2682,app_open,2025-01-31
2683,app_open,2025-02-09
2684,app_open,2025-03-02
2684,app_open,2025-03-03
2684,app_open,2025-03-05
2685,app_open,2025-01-25
2686,app_open,2025-02-17
2687,app_open,2025-03-15
2687,app_open,2025-03-22
2688,app_open,2025-02-26
2689,app_open,2025-03-01
2689,app_open,2025-03-04
2690,app_open,2025-02-06
2690,app_open,2025-02-07
2691,app_open,2025-02-18
2691,app_open,2025-02-19
2692,app_open,2025-03-06
2693,app_open,2025-03-09
2693,app_open,2025-03-23
2694,app_open,2025-02-23
2695,app_open,2025-01-21
2695,app_open,2025-01-22
2695,app_open,2025-02-04
2696,app_open,2025-01-26
2696,app_open,2025-01-29
2696,app_open,2025-02-09
2697,app_open,2025-03-19
2697,app_open,2025-03-20
2698,app_open,2025-01-18
2698,app_open,2025-01-19
2699,app_open,2025-02-02
2699,app_open,2025-02-03
2699,app_open,2025-02-05
2700,app_open,2025-01-07
2700,app_open,2025-01-08
2701,app_open,2025-03-03
2701,app_open,2025-03-06
2701,app_open,2025-03-17
2701,app_open,2025-03-31
2702,app_open,2025-02-17
2703,app_open,2025-03-12
2703,app_open,2025-03-13
2704,app_open,2025-01-14
2704,app_open,2025-01-15
2704,app_open,2025-01-17
2705,app_open,2025-03-08
2706,app_open,2025-01-16
2706,app_open,2025-01-19
2707,app_open,2025-02-06
2707,app_open,2025-02-07
2708,app_open,2025-01-11
2708,app_open,2025-02-08
2709,app_open,2025-01-21
2710,app_open,2025-02-04
2710,app_open,2025-02-05
2710,app_open,2025-02-07
2710,app_open,2025-03-04
2711,app_open,2025-02-27
2711,app_open,2025-03-06
2712,app_open,2025-03-07
2712,app_open,2025-03-10
2712,app_open,2025-03-21
2713,app_open,2025-01-19
2714,app_open,2025-02-25
2715,app_open,2025-01-12
2715,app_open,2025-01-13
2715,app_open,2025-01-15
2716,app_open,2025-01-29
2716,app_open,2025-01-30
2716,app_open,2025-02-05
2717,app_open,2025-02-27
2717,app_open,2025-02-28
2718,app_open,2025-02-14
2719,app_open,2025-01-04
2719,app_open,2025-01-05
2719,app_open,2025-02-01
2720,app_open,2025-02-23
2720,app_open,2025-03-02
2721,app_open,2025-01-07
2721,app_open,2025-01-14
2721,app_open,2025-02-04
2722,app_open,2025-02-20
2723,app_open,2025-03-06
2723,app_open,2025-03-09
2724,app_open,2025-02-17
2724,app_open,2025-02-18
2725,app_open,2025-01-31
2725,app_open,2025-02-01
2725,app_open,2025-02-14
2726,app_open,2025-02-19
2727,app_open,2025-01-11
2727,app_open,2025-01-12
2727,app_open,2025-01-14
2728,app_open,2025-02-17
2728,app_open,2025-02-18
2729,app_open,2025-01-29
2729,app_open,2025-01-30
2729,app_open,2025-02-05
2730,app_open,2025-01-04
2731,app_open,2025-02-10
2731,app_open,2025-02-17
2732,app_open,2025-01-13
2732,app_open,2025-01-16
2733,app_open,2025-02-12
2733,app_open,2025-02-13
2733,app_open,2025-02-15
2734,app_open,2025-01-19
2735,app_open,2025-01-18
2736,app_open,2025-01-05
2736,app_open,2025-01-06
2737,app_open,2025-02-06
2737,app_open,2025-02-09
2738,app_open,2025-03-02
2738,app_open,2025-03-05
2739,app_open,2025-01-18
2740,app_open,2025-03-02
2740,app_open,2025-03-05
2741,app_open,2025-02-27
2742,app_open,2025-03-20
2743,app_open,2025-01-01
2743,app_open,2025-01-04
2744,app_open,2025-01-11
2744,app_open,2025-01-12
2745,app_open,2025-01-03
2745,app_open,2025-01-06
2746,app_open,2025-02-02
2746,app_open,2025-02-03
2746,app_open,2025-02-05
2746,app_open,2025-02-16
2747,app_open,2025-01-28
2747,app_open,2025-01-29
2748,app_open,2025-01-20
2748,app_open,2025-01-23
2749,app_open,2025-03-12
2750,app_open,2025-03-19
2750,app_open,2025-03-20
2751,app_open,2025-03-09
2752,app_open,2025-02-24
2752,app_open,2025-03-03
2753,app_open,2025-01-15
2754,app_open,2025-02-06
2754,app_open,2025-02-07
2755,app_open,2025-01-31
2755,app_open,2025-02-01
2755,app_open,2025-02-14
2756,app_open,2025-02-08
2756,app_open,2025-02-09
2756,app_open,2025-02-11
2757,app_open,2025-01-16
2757,app_open,2025-01-17
2758,app_open,2025-01-07
2759,app_open,2025-01-31
2759,app_open,2025-02-01
2759,app_open,2025-02-07
2760,app_open,2025-02-23
2761,app_open,2025-03-21
2761,app_open,2025-03-22
2762,app_open,2025-02-28
2763,app_open,2025-01-09
2763,app_open,2025-01-10
2764,app_open,2025-01-15
2764,app_open,2025-01-16
2765,app_open,2025-03-05
2766,app_open,2025-03-18
2766,app_open,2025-03-19
2766,app_open,2025-03-21
2767,app_open,2025-03-10
2768,app_open,2025-01-03
2768,app_open,2025-01-06
2768,app_open,2025-01-10
2769,app_open,2025-03-22
2769,app_open,2025-03-23
2769,app_open,2025-03-25
2770,app_open,2025-03-07
2771,app_open,2025-03-15
2771,app_open,2025-03-16
2772,app_open,2025-01-31
2772,app_open,2025-02-01
2773,app_open,2025-01-19
2774,app_open,2025-02-07
2775,app_open,2025-02-24
2775,app_open,2025-02-25
2775,app_open,2025-03-24
2776,app_open,2025-01-01
2776,app_open,2025-01-02
2776,app_open,2025-01-04
2777,app_open,2025-03-20
2778,app_open,2025-02-15
2778,app_open,2025-02-18
2779,app_open,2025-01-31
2779,app_open,2025-02-01
2780,app_open,2025-03-15
2780,app_open,2025-03-16
2780,app_open,2025-03-22
2781,app_open,2025-02-23
2782,app_open,2025-01-24
2782,app_open,2025-01-25
2782,app_open,2025-02-07
2783,app_open,2025-01-11
2783,app_open,2025-02-08
2784,app_open,2025-03-09
2784,app_open,2025-03-10
2784,app_open,2025-03-12
2785,app_open,2025-02-16
2785,app_open,2025-02-17
2785,app_open,2025-02-19
2785,app_open,2025-02-23
2786,app_open,2025-01-09
2787,app_open,2025-03-09
2788,app_open,2025-03-11
2788,app_open,2025-03-18
2789,app_open,2025-03-06
2790,app_open,2025-03-06
2791,app_open,2025-03-12
2791,app_open,2025-03-13
2792,app_open,2025-01-03
2792,app_open,2025-01-04
2792,app_open,2025-01-06
2793,app_open,2025-02-19
2793,app_open,2025-02-20
2794,app_open,2025-03-02
2794,app_open,2025-03-05
2794,app_open,2025-03-09
2795,app_open,2025-01-06
2796,app_open,2025-02-19
2796,app_open,2025-02-22
2797,app_open,2025-02-17
2797,app_open,2025-02-18
2798,app_open,2025-02-02
2798,app_open,2025-02-03
2799,app_open,2025-01-03
2799,app_open,2025-01-10
2800,app_open,2025-02-15
2800,app_open,2025-03-15
2801,app_open,2025-01-09
2801,app_open,2025-01-12
2802,app_open,2025-02-14
2802,app_open,2025-02-15
2802,app_open,2025-02-28
2803,app_open,2025-01-31
2804,app_open,2025-03-22
2804,app_open,2025-03-23
2804,app_open,2025-03-25
2804,app_open,2025-03-29
2805,app_open,2025-01-14
2805,app_open,2025-01-15
2806,app_open,2025-03-16
2806,app_open,2025-03-17
2806,app_open,2025-03-30
2807,app_open,2025-02-12
2807,app_open,2025-02-13
2807,app_open,2025-02-15
2808,app_open,2025-01-18
2808,app_open,2025-01-19
2809,app_open,2025-01-06
2809,app_open,2025-01-09
2809,app_open,2025-01-13
2810,app_open,2025-02-15
2810,app_open,2025-03-01
2811,app_open,2025-03-11
2812,app_open,2025-02-13
2812,app_open,2025-02-20
2813,app_open,2025-01-23
2814,app_open,2025-03-01
2814,app_open,2025-03-08
2815,app_open,2025-03-03
2815,app_open,2025-03-04
2816,app_open,2025-03-22
2816,app_open,2025-03-23
2817,app_open,2025-01-24
2817,app_open,2025-01-25
2817,app_open,2025-01-31
2817,app_open,2025-02-07
2818,app_open,2025-01-18
2819,app_open,2025-01-09
2819,app_open,2025-01-10
2819,app_open,2025-01-16
2819,app_open,2025-01-23
2820,app_open,2025-02-28
2820,app_open,2025-03-01
2820,app_open,2025-03-14
2821,app_open,2025-01-05
2821,app_open,2025-01-19
2822,app_open,2025-02-07
2822,app_open,2025-02-14
2822,app_open,2025-03-07
2823,app_open,2025-01-26
2823,app_open,2025-01-27
2823,app_open,2025-01-29
2824,app_open,2025-01-06
2824,app_open,2025-01-13
2824,app_open,2025-02-03
2825,app_open,2025-01-26
2825,app_open,2025-01-27
2825,app_open,2025-01-29
2826,app_open,2025-01-06
2826,app_open,2025-01-07
2826,app_open,2025-01-20
2827,app_open,2025-02-10
2827,app_open,2025-02-13
2828,app_open,2025-02-09
2828,app_open,2025-02-10
2828,app_open,2025-02-16
2829,app_open,2025-03-07
2829,app_open,2025-03-10
2829,app_open,2025-03-14
2830,app_open,2025-02-20
2831,app_open,2025-03-11
2831,app_open,2025-03-14
2832,app_open,2025-03-02
2832,app_open,2025-03-05
2832,app_open,2025-03-16
2833,app_open,2025-02-02
2833,app_open,2025-02-03
2834,app_open,2025-01-05
2834,app_open,2025-01-06
2835,app_open,2025-01-25
2835,app_open,2025-01-28
2835,app_open,2025-02-01
2835,app_open,2025-02-22
2836,app_open,2025-02-06
2836,app_open,2025-02-09
2836,app_open,2025-02-20
2837,app_open,2025-02-15
2837,app_open,2025-02-16
2837,app_open,2025-03-01
2838,app_open,2025-01-07
2838,app_open,2025-01-10
2838,app_open,2025-01-14
2839,app_open,2025-02-12
2839,app_open,2025-02-13
2839,app_open,2025-02-15
2839,app_open,2025-02-19
2840,app_open,2025-02-04
2840,app_open,2025-02-05
2841,app_open,2025-01-16
2841,app_open,2025-01-19
2842,app_open,2025-02-17
2842,app_open,2025-02-18
2843,app_open,2025-02-25
2843,app_open,2025-03-04
2844,app_open,2025-02-21
2844,app_open,2025-02-22
2844,app_open,2025-02-24
2845,app_open,2025-02-26
2845,app_open,2025-02-27
2846,app_open,2025-02-19
2846,app_open,2025-02-22
2847,app_open,2025-02-13
2847,app_open,2025-02-14
2848,app_open,2025-01-24
2848,app_open,2025-01-25
2848,app_open,2025-01-27
2849,app_open,2025-03-05
2849,app_open,2025-03-06
2850,app_open,2025-03-05
2850,app_open,2025-03-06
2851,app_open,2025-02-17
2851,app_open,2025-02-18
2852,app_open,2025-03-08
2852,app_open,2025-03-09
2853,app_open,2025-02-04
2854,app_open,2025-01-11
2855,app_open,2025-02-24
2855,app_open,2025-02-25
2856,app_open,2025-01-11
2856,app_open,2025-01-14
2857,app_open,2025-02-25
2857,app_open,2025-02-26
2857,app_open,2025-03-04
2857,app_open,2025-03-11
2858,app_open,2025-03-19
2858,app_open,2025-03-20
2859,app_open,2025-01-24
2860,app_open,2025-03-11
2860,app_open,2025-03-12
2861,app_open,2025-02-07
2861,app_open,2025-02-08
2862,app_open,2025-02-11
2862,app_open,2025-02-12
2863,app_open,2025-01-14
2863,app_open,2025-01-17
2863,app_open,2025-01-21
2864,app_open,2025-01-11
2864,app_open,2025-01-14
2865,app_open,2025-02-11
2865,app_open,2025-02-12
2865,app_open,2025-02-14
2865,app_open,2025-02-18
2866,app_open,2025-02-07
2866,app_open,2025-02-08
2866,app_open,2025-02-14
2866,app_open,2025-03-07
2867,app_open,2025-02-09
2867,app_open,2025-02-10
2868,app_open,2025-02-27
2868,app_open,2025-03-06
2869,app_open,2025-03-19
2869,app_open,2025-03-20
2870,app_open,2025-02-24
2871,app_open,2025-01-22
2872,app_open,2025-02-26
2873,app_open,2025-02-14
2873,app_open,2025-02-15
2873,app_open,2025-02-17
2874,app_open,2025-02-27
2874,app_open,2025-03-02
2875,app_open,2025-01-06
2875,app_open,2025-01-13
2876,app_open,2025-02-15
2876,app_open,2025-02-16
2877,app_open,2025-03-20
2878,app_open,2025-02-25
2878,app_open,2025-02-28
2878,app_open,2025-03-11
2879,app_open,2025-02-05
2879,app_open,2025-02-08
2880,app_open,2025-01-08
2880,app_open,2025-01-09
2880,app_open,2025-01-22
2881,app_open,2025-01-10
2881,app_open,2025-01-11
2881,app_open,2025-01-13
2882,app_open,2025-02-21
2882,app_open,2025-02-24
2883,app_open,2025-02-16
2883,app_open,2025-02-17
2884,app_open,2025-03-07
2885,app_open,2025-01-21
2885,app_open,2025-01-22
2885,app_open,2025-01-28
2885,app_open,2025-02-04
2886,app_open,2025-01-04
2886,app_open,2025-02-01
2887,app_open,2025-01-19
2887,app_open,2025-01-20
2887,app_open,2025-01-26
2888,app_open,2025-03-19
2889,app_open,2025-02-26
2889,app_open,2025-03-01
2890,app_open,2025-01-05
2890,app_open,2025-01-06
2890,app_open,2025-01-08
2891,app_open,2025-01-17
2892,app_open,2025-01-09
2892,app_open,2025-01-10
2892,app_open,2025-01-16
2892,app_open,2025-01-23
2893,app_open,2025-01-31
2893,app_open,2025-02-03
2894,app_open,2025-02-16
2894,app_open,2025-02-23
2895,app_open,2025-02-16
2895,app_open,2025-02-19
2896,app_open,2025-02-19
2896,app_open,2025-03-19
2897,app_open,2025-03-14
2897,app_open,2025-03-15
2897,app_open,2025-03-28
2898,app_open,2025-01-05
2898,app_open,2025-01-12
2898,app_open,2025-01-19
2899,app_open,2025-03-19
2900,app_open,2025-01-20
2901,app_open,2025-02-27
2902,app_open,2025-02-17
2902,app_open,2025-02-18
2902,app_open,2025-02-24
2903,app_open,2025-02-17
2903,app_open,2025-02-20
2903,app_open,2025-03-03
2904,app_open,2025-02-26
2904,app_open,2025-02-27
2904,app_open,2025-03-01
2904,app_open,2025-03-05
2905,app_open,2025-01-10
2905,app_open,2025-01-11
2905,app_open,2025-01-13
2905,app_open,2025-02-07
2906,app_open,2025-03-15
2907,app_open,2025-01-18
2907,app_open,2025-01-19
2907,app_open,2025-01-25
2908,app_open,2025-03-09
2908,app_open,2025-03-10
2908,app_open,2025-03-16
2909,app_open,2025-02-16
2909,app_open,2025-02-17
2910,app_open,2025-02-20
2910,app_open,2025-02-23
2911,app_open,2025-02-10
2912,app_open,2025-02-05
2912,app_open,2025-02-06
2912,app_open,2025-02-08
2913,app_open,2025-02-01
2913,app_open,2025-02-02
2914,app_open,2025-01-15
2915,app_open,2025-01-04
2915,app_open,2025-01-05
2915,app_open,2025-01-07
2916,app_open,2025-01-24
2916,app_open,2025-01-25
2916,app_open,2025-01-27
2917,app_open,2025-03-05
2917,app_open,2025-03-06
2918,app_open,2025-03-08
2918,app_open,2025-03-09
2919,app_open,2025-02-19
2919,app_open,2025-02-20
2919,app_open,2025-02-22
2920,app_open,2025-03-13
2920,app_open,2025-03-16
2921,app_open,2025-01-16
2922,app_open,2025-02-03
2922,app_open,2025-02-04
2922,app_open,2025-02-06
2923,app_open,2025-02-03
2923,app_open,2025-02-04
2924,app_open,2025-02-27
2924,app_open,2025-03-02
2925,app_open,2025-01-28
2925,app_open,2025-01-29
2926,app_open,2025-03-20
2926,app_open,2025-03-23
2927,app_open,2025-02-06
2927,app_open,2025-02-07
2927,app_open,2025-02-13
2928,app_open,2025-03-04
2928,app_open,2025-03-18
2929,app_open,2025-01-26
2929,app_open,2025-01-29
2930,app_open,2025-01-16
2930,app_open,2025-01-17
2930,app_open,2025-02-13
2931,app_open,2025-01-18
2932,app_open,2025-01-10
2932,app_open,2025-01-11
2933,app_open,2025-02-27
2933,app_open,2025-02-28
2933,app_open,2025-03-13
2934,app_open,2025-01-23
2935,app_open,2025-02-26
2935,app_open,2025-03-05
2936,app_open,2025-01-12
2936,app_open,2025-01-13
2937,app_open,2025-02-10
2937,app_open,2025-02-11
2937,app_open,2025-02-17
2937,app_open,2025-02-24
2937,app_open,2025-03-10
2938,app_open,2025-02-14
2938,app_open,2025-02-28
2939,app_open,2025-01-09
2939,app_open,2025-01-10
2939,app_open,2025-02-06
2940,app_open,2025-03-12
2940,app_open,2025-03-26
2941,app_open,2025-03-11
2941,app_open,2025-03-12
2942,app_open,2025-02-07
2942,app_open,2025-02-10
2942,app_open,2025-03-07
2943,app_open,2025-02-08
2944,app_open,2025-01-21
2945,app_open,2025-01-23
2946,app_open,2025-02-16
2947,app_open,2025-03-07
2947,app_open,2025-03-10
2947,app_open,2025-03-14
2947,app_open,2025-03-21
2948,app_open,2025-01-29
2948,app_open,2025-01-30
2948,app_open,2025-02-01
2949,app_open,2025-01-16
2949,app_open,2025-01-17
2949,app_open,2025-01-30
2950,app_open,2025-01-26
2950,app_open,2025-01-29
2951,app_open,2025-01-18
2951,app_open,2025-01-19
2951,app_open,2025-01-21
2952,app_open,2025-01-31
2953,app_open,2025-03-05
2954,app_open,2025-01-04
2954,app_open,2025-01-05
2954,app_open,2025-01-07
2954,app_open,2025-01-11
2955,app_open,2025-02-16
2955,app_open,2025-02-17
2955,app_open,2025-02-23
2955,app_open,2025-03-02
2955,app_open,2025-03-16
2956,app_open,2025-03-12
2957,app_open,2025-03-15
2957,app_open,2025-03-16
2957,app_open,2025-03-18
2958,app_open,2025-02-17
2959,app_open,2025-03-01
2959,app_open,2025-03-02
2959,app_open,2025-03-04
2959,app_open,2025-03-08
2960,app_open,2025-03-12
2960,app_open,2025-03-15
2960,app_open,2025-03-19
2961,app_open,2025-01-17
2961,app_open,2025-01-18
2961,app_open,2025-01-20
2961,app_open,2025-01-31
2962,app_open,2025-03-20
2962,app_open,2025-03-23
2963,app_open,2025-01-12
2964,app_open,2025-01-09
2964,app_open,2025-01-16
2965,app_open,2025-02-09
2965,app_open,2025-02-10
2965,app_open,2025-02-12
2966,app_open,2025-02-20
2967,app_open,2025-03-03
2967,app_open,2025-03-04
2967,app_open,2025-03-31
2968,app_open,2025-03-09
2968,app_open,2025-03-10
2968,app_open,2025-03-12
2968,app_open,2025-03-23
2969,app_open,2025-02-22
2970,app_open,2025-02-22
2970,app_open,2025-02-25
2970,app_open,2025-03-01
2971,app_open,2025-03-15
2971,app_open,2025-03-16
2972,app_open,2025-01-10
2972,app_open,2025-01-11
2972,app_open,2025-01-24
2973,app_open,2025-01-17
2973,app_open,2025-01-18
2973,app_open,2025-01-31
2974,app_open,2025-02-10
2975,app_open,2025-01-10
2976,app_open,2025-02-27
2977,app_open,2025-03-01
2978,app_open,2025-03-08
2979,app_open,2025-02-14
2979,app_open,2025-02-15
2980,app_open,2025-01-17
2980,app_open,2025-01-18
2980,app_open,2025-01-24
2981,app_open,2025-03-12
2981,app_open,2025-03-13
2982,app_open,2025-03-17
2983,app_open,2025-01-24
2983,app_open,2025-01-25
2984,app_open,2025-01-17
2984,app_open,2025-01-20
2984,app_open,2025-01-24
2985,app_open,2025-02-25
2985,app_open,2025-03-04
2985,app_open,2025-03-25
2986,app_open,2025-03-06
2986,app_open,2025-03-07
2986,app_open,2025-03-09
2986,app_open,2025-03-13
2987,app_open,2025-01-08
2987,app_open,2025-01-11
2988,app_open,2025-01-16
2988,app_open,2025-01-17
2988,app_open,2025-01-19
2989,app_open,2025-03-08
2989,app_open,2025-03-11
2989,app_open,2025-03-15
2990,app_open,2025-01-20
2990,app_open,2025-01-21
2990,app_open,2025-02-17
2991,app_open,2025-02-08
2991,app_open,2025-02-09
2991,app_open,2025-02-11
2991,app_open,2025-02-22
2991,app_open,2025-03-08
2992,app_open,2025-01-22
2993,app_open,2025-01-21
2993,app_open,2025-01-28
2994,app_open,2025-02-11
2994,app_open,2025-02-12
2994,app_open,2025-02-14
2995,app_open,2025-01-29
2995,app_open,2025-01-30
2995,app_open,2025-02-05
2996,app_open,2025-02-14
2996,app_open,2025-02-17
2997,app_open,2025-03-08
2997,app_open,2025-03-09
2998,app_open,2025-02-06
2998,app_open,2025-02-09
2998,app_open,2025-02-13
2999,app_open,2025-01-11
2999,app_open,2025-01-18
3000,app_open,2025-02-02
3000,app_open,2025-02-03
3001,app_open,2025-01-26
3002,app_open,2025-03-12
3003,app_open,2025-02-05
3003,app_open,2025-02-06
3004,app_open,2025-01-17
3004,app_open,2025-01-18
3005,app_open,2025-03-22
3006,app_open,2025-02-08
3006,app_open,2025-02-09
3006,app_open,2025-02-11
3006,app_open,2025-02-22
3007,app_open,2025-03-20
3007,app_open,2025-03-21
3008,app_open,2025-03-10
3008,app_open,2025-03-11
3008,app_open,2025-03-17
3009,app_open,2025-01-12
3009,app_open,2025-01-13
3009,app_open,2025-02-09
3010,app_open,2025-03-06
3010,app_open,2025-03-07
3011,app_open,2025-01-22
3011,app_open,2025-01-23
3012,app_open,2025-03-17
3012,app_open,2025-03-20
3013,app_open,2025-03-16
3014,app_open,2025-01-20
3014,app_open,2025-01-21
3015,app_open,2025-01-22
3016,app_open,2025-03-21
3016,app_open,2025-03-22
3016,app_open,2025-03-24
3017,app_open,2025-03-19
3017,app_open,2025-03-20
3018,app_open,2025-02-13
3018,app_open,2025-02-14
3018,app_open,2025-03-13
3019,app_open,2025-03-14
3020,app_open,2025-01-06
3020,app_open,2025-01-07
3020,app_open,2025-01-13
3021,app_open,2025-01-04
3022,app_open,2025-01-11
3022,app_open,2025-01-12
3022,app_open,2025-01-14
3022,app_open,2025-01-18
3023,app_open,2025-01-06
3024,app_open,2025-03-15
3024,app_open,2025-03-18
3025,app_open,2025-02-03
3025,app_open,2025-02-06
3026,app_open,2025-01-27
3026,app_open,2025-01-30
3027,app_open,2025-03-15
3028,app_open,2025-02-23
3028,app_open,2025-02-24
3029,app_open,2025-03-21
3030,app_open,2025-01-04
3030,app_open,2025-01-07
3030,app_open,2025-01-18
3031,app_open,2025-03-05
3031,app_open,2025-03-06
3031,app_open,2025-03-19
3032,app_open,2025-03-22
3032,app_open,2025-03-23
3032,app_open,2025-03-25
3033,app_open,2025-03-11
3033,app_open,2025-03-12
3034,app_open,2025-02-07
3034,app_open,2025-02-21
3035,app_open,2025-02-08
3035,app_open,2025-02-09
3036,app_open,2025-03-03
3036,app_open,2025-03-04
3036,app_open,2025-03-06
3036,app_open,2025-03-10
3037,app_open,2025-02-01
3037,app_open,2025-02-02
3038,app_open,2025-02-21
3038,app_open,2025-02-24
3038,app_open,2025-03-07
3039,app_open,2025-02-08
3039,app_open,2025-02-09
3040,app_open,2025-02-28
3040,app_open,2025-03-03
3041,app_open,2025-01-10
3041,app_open,2025-01-11
3041,app_open,2025-01-13
3042,app_open,2025-01-08
3042,app_open,2025-01-09
3042,app_open,2025-01-15
3043,app_open,2025-01-21
3044,app_open,2025-02-26
3044,app_open,2025-02-27
3044,app_open,2025-03-12
3045,app_open,2025-02-23
3045,app_open,2025-02-24
3045,app_open,2025-03-23
3046,app_open,2025-03-03
3047,app_open,2025-03-01
3047,app_open,2025-03-08
3047,app_open,2025-03-15
3048,app_open,2025-01-27
3049,app_open,2025-02-13
3049,app_open,2025-02-14
3050,app_open,2025-03-19
3050,app_open,2025-03-20
3050,app_open,2025-03-22
3051,app_open,2025-01-19
3051,app_open,2025-01-20
3052,app_open,2025-02-10
3052,app_open,2025-02-11
3052,app_open,2025-02-17
3053,app_open,2025-02-10
3053,app_open,2025-02-11
3053,app_open,2025-02-13
3054,app_open,2025-02-14
3054,app_open,2025-02-15
3055,app_open,2025-02-21
3055,app_open,2025-02-24
3056,app_open,2025-01-17
3056,app_open,2025-01-20
3057,app_open,2025-02-17
3057,app_open,2025-02-20
3057,app_open,2025-02-24
3058,app_open,2025-03-07
3058,app_open,2025-03-08
3059,app_open,2025-03-13
3059,app_open,2025-03-14
3059,app_open,2025-03-16
3060,app_open,2025-01-14
3061,app_open,2025-02-10
3062,app_open,2025-01-31
3063,app_open,2025-03-01
3063,app_open,2025-03-04
3064,app_open,2025-01-16
3064,app_open,2025-01-17
3065,app_open,2025-02-04
3065,app_open,2025-02-07
3065,app_open,2025-02-18
3065,app_open,2025-03-04
3066,app_open,2025-02-27
3067,app_open,2025-02-01
3067,app_open,2025-02-02
3068,app_open,2025-01-19
3069,app_open,2025-01-13
3070,app_open,2025-01-07
3071,app_open,2025-02-07
3072,app_open,2025-02-19
3073,app_open,2025-03-20
3073,app_open,2025-03-21
3074,app_open,2025-02-23
3074,app_open,2025-02-24
3074,app_open,2025-02-26
3075,app_open,2025-02-01
3076,app_open,2025-01-21
3076,app_open,2025-02-18
3077,app_open,2025-02-11
3077,app_open,2025-02-12
3077,app_open,2025-03-11
3078,app_open,2025-03-15
3078,app_open,2025-03-16
3078,app_open,2025-03-29
3079,app_open,2025-02-10
3079,app_open,2025-02-11
3079,app_open,2025-02-17
3079,app_open,2025-02-24
3080,app_open,2025-01-25
3080,app_open,2025-02-01
3080,app_open,2025-02-08
3081,app_open,2025-01-21
3082,app_open,2025-03-05
3083,app_open,2025-03-07
3084,app_open,2025-03-01
3084,app_open,2025-03-02
3084,app_open,2025-03-15
3085,app_open,2025-03-05
3085,app_open,2025-03-06
3086,app_open,2025-02-09
3087,app_open,2025-03-05
3087,app_open,2025-03-06
3088,app_open,2025-01-03
3088,app_open,2025-01-04
3088,app_open,2025-01-06
3089,app_open,2025-01-12
3089,app_open,2025-01-13
3090,app_open,2025-02-20
3090,app_open,2025-02-21
3090,app_open,2025-02-23
3091,app_open,2025-03-06
3091,app_open,2025-03-09
3091,app_open,2025-03-20
3092,app_open,2025-02-28
3093,app_open,2025-01-31
3093,app_open,2025-02-01
3093,app_open,2025-02-03
3093,app_open,2025-02-07
3094,app_open,2025-01-28
3095,app_open,2025-03-16
3095,app_open,2025-03-17
3096,app_open,2025-02-15
3096,app_open,2025-03-01
3097,app_open,2025-01-07
3097,app_open,2025-01-08
3097,app_open,2025-01-10
3097,app_open,2025-01-14
3098,app_open,2025-01-07
3098,app_open,2025-01-08
3098,app_open,2025-01-14
3098,app_open,2025-01-21
3099,app_open,2025-02-06
3099,app_open,2025-02-13
3100,app_open,2025-03-05
3100,app_open,2025-03-06
3101,app_open,2025-03-18
3101,app_open,2025-03-21
3102,app_open,2025-03-02
3102,app_open,2025-03-30
3103,app_open,2025-02-06
3104,app_open,2025-03-10
3104,app_open,2025-03-13
3104,app_open,2025-03-17
3105,app_open,2025-01-02
3105,app_open,2025-01-03
3106,app_open,2025-01-14
3106,app_open,2025-01-17
3106,app_open,2025-01-28
3107,app_open,2025-02-25
3107,app_open,2025-02-28
3107,app_open,2025-03-25
3108,app_open,2025-01-18
3108,app_open,2025-01-19
3109,app_open,2025-02-03
3110,app_open,2025-02-16
3110,app_open,2025-02-17
3110,app_open,2025-02-19
3111,app_open,2025-02-21
3111,app_open,2025-02-22
3112,app_open,2025-02-16
3112,app_open,2025-02-17
3112,app_open,2025-02-19
3113,app_open,2025-01-06
3113,app_open,2025-01-07
3114,app_open,2025-02-21
3114,app_open,2025-02-22
3115,app_open,2025-01-07
3115,app_open,2025-01-08
3115,app_open,2025-02-04
3116,app_open,2025-03-14
3117,app_open,2025-03-13
3117,app_open,2025-03-14
3117,app_open,2025-03-16
3118,app_open,2025-01-25
3118,app_open,2025-01-28
3119,app_open,2025-02-16
3119,app_open,2025-02-17
3120,app_open,2025-03-12
3121,app_open,2025-02-06
3121,app_open,2025-02-07
3122,app_open,2025-01-10
3122,app_open,2025-01-11
3123,app_open,2025-02-19
3124,app_open,2025-03-06
3125,app_open,2025-02-27
3126,app_open,2025-03-12
3127,app_open,2025-02-05
3127,app_open,2025-02-08
3128,app_open,2025-03-21
3128,app_open,2025-03-22
3128,app_open,2025-03-24
3129,app_open,2025-03-20
3129,app_open,2025-03-27
3130,app_open,2025-01-16
3130,app_open,2025-01-17
3130,app_open,2025-01-23
3131,app_open,2025-01-17
3131,app_open,2025-01-18
3132,app_open,2025-01-13
3132,app_open,2025-01-14
3132,app_open,2025-01-16
3132,app_open,2025-01-27
3133,app_open,2025-02-20
3133,app_open,2025-02-21
3133,app_open,2025-02-23
3134,app_open,2025-02-17
3134,app_open,2025-02-18
3134,app_open,2025-03-03
3135,app_open,2025-02-13
3136,app_open,2025-03-13
3136,app_open,2025-03-16
3137,app_open,2025-02-16
3137,app_open,2025-02-17
3137,app_open,2025-03-16
3138,app_open,2025-01-19
3138,app_open,2025-01-26
3139,app_open,2025-01-26
3139,app_open,2025-01-27
3140,app_open,2025-03-19
3141,app_open,2025-03-07
3142,app_open,2025-02-21
3143,app_open,2025-03-06
3143,app_open,2025-03-07
3144,app_open,2025-01-06
3144,app_open,2025-01-07
3145,app_open,2025-01-06
3145,app_open,2025-01-09
3145,app_open,2025-01-20
3146,app_open,2025-01-05
3146,app_open,2025-01-06
3147,app_open,2025-01-18
3147,app_open,2025-01-21
3148,app_open,2025-02-12
3148,app_open,2025-02-13
3149,app_open,2025-03-02
3149,app_open,2025-03-09
3150,app_open,2025-03-08
3150,app_open,2025-03-09
3151,app_open,2025-02-28
3151,app_open,2025-03-28
3152,app_open,2025-01-20
3153,app_open,2025-03-19
3154,app_open,2025-03-07
3154,app_open,2025-03-08
3155,app_open,2025-01-18
3156,app_open,2025-02-11
3156,app_open,2025-02-12
3156,app_open,2025-02-18
3157,app_open,2025-03-20
3157,app_open,2025-03-21
3157,app_open,2025-03-27
3158,app_open,2025-02-10
3159,app_open,2025-01-21
3159,app_open,2025-01-22
3160,app_open,2025-02-20
3160,app_open,2025-02-21
3161,app_open,2025-03-20
3161,app_open,2025-03-21
3161,app_open,2025-03-27
3162,app_open,2025-02-08
3162,app_open,2025-02-11
3162,app_open,2025-02-15
3162,app_open,2025-02-22
3163,app_open,2025-03-17
3163,app_open,2025-03-18
3163,app_open,2025-03-24
3164,app_open,2025-02-13
3164,app_open,2025-02-14
3165,app_open,2025-03-06
3165,app_open,2025-03-07
3166,app_open,2025-03-07
3166,app_open,2025-03-08
3167,app_open,2025-03-10
3167,app_open,2025-03-13
3167,app_open,2025-03-17
3168,app_open,2025-03-04
3168,app_open,2025-03-05
3169,app_open,2025-03-14
3169,app_open,2025-03-15
3170,app_open,2025-02-08
3170,app_open,2025-02-11
3170,app_open,2025-02-15
3171,app_open,2025-03-02
3171,app_open,2025-03-03
3172,app_open,2025-01-03
3172,app_open,2025-01-04
3173,app_open,2025-02-17
3173,app_open,2025-03-03
3174,app_open,2025-02-12
3175,app_open,2025-01-15
3175,app_open,2025-01-16
3175,app_open,2025-01-18
3176,app_open,2025-02-23
3177,app_open,2025-03-16
3177,app_open,2025-03-19
3177,app_open,2025-03-23
3178,app_open,2025-02-09
3179,app_open,2025-03-22
3179,app_open,2025-03-23
3179,app_open,2025-03-25
3180,app_open,2025-01-04
3180,app_open,2025-01-05
3180,app_open,2025-02-01
3181,app_open,2025-03-18
3181,app_open,2025-03-21
3182,app_open,2025-03-02
3182,app_open,2025-03-03
3183,app_open,2025-02-03
3183,app_open,2025-02-04
3183,app_open,2025-03-03
3184,app_open,2025-03-16
3184,app_open,2025-03-17
3185,app_open,2025-03-15
3186,app_open,2025-01-30
3187,app_open,2025-01-07
3188,app_open,2025-03-16
3188,app_open,2025-03-30
3189,app_open,2025-03-03
3190,app_open,2025-01-22
3190,app_open,2025-01-23
3190,app_open,2025-01-29
3191,app_open,2025-03-09
3192,app_open,2025-03-22
3192,app_open,2025-03-29
3193,app_open,2025-03-21
3194,app_open,2025-02-18
3194,app_open,2025-03-04
3194,app_open,2025-03-18
3195,app_open,2025-01-19
3195,app_open,2025-01-22
3196,app_open,2025-02-01
3197,app_open,2025-01-05
3197,app_open,2025-01-12
3198,app_open,2025-03-15
3199,app_open,2025-01-15
3199,app_open,2025-01-16
3199,app_open,2025-01-22
3199,app_open,2025-01-29
3200,app_open,2025-01-25
3200,app_open,2025-01-26
3200,app_open,2025-02-01
3201,app_open,2025-01-03
3201,app_open,2025-01-06
3202,app_open,2025-02-26
3202,app_open,2025-03-01
3202,app_open,2025-03-05
3203,app_open,2025-02-10
3203,app_open,2025-02-11
3203,app_open,2025-02-13
3204,app_open,2025-02-23
3205,app_open,2025-01-20
3205,app_open,2025-01-21
3205,app_open,2025-01-23
3205,app_open,2025-02-03
3206,app_open,2025-02-22
3206,app_open,2025-02-23
3207,app_open,2025-01-27
3207,app_open,2025-02-24
3208,app_open,2025-02-22
3209,app_open,2025-03-06
3209,app_open,2025-03-09
3210,app_open,2025-03-20
3210,app_open,2025-03-21
3211,app_open,2025-03-02
3211,app_open,2025-03-05
3212,app_open,2025-01-08
3212,app_open,2025-01-09
3212,app_open,2025-01-11
3212,app_open,2025-01-22
3213,app_open,2025-01-18
3213,app_open,2025-01-19
3213,app_open,2025-01-25
3214,app_open,2025-03-08
3214,app_open,2025-03-09
3214,app_open,2025-03-15
3214,app_open,2025-03-22
3215,app_open,2025-01-27
3215,app_open,2025-02-10
3216,app_open,2025-03-13
3216,app_open,2025-03-14
3217,app_open,2025-02-11
3218,app_open,2025-03-03
3218,app_open,2025-03-10
3219,app_open,2025-03-09
3219,app_open,2025-03-10
3219,app_open,2025-03-16
3220,app_open,2025-02-18
3220,app_open,2025-02-19
3220,app_open,2025-03-04
3220,app_open,2025-03-18
3221,app_open,2025-02-10
3221,app_open,2025-02-11
3221,app_open,2025-02-13
3222,app_open,2025-01-23
3223,app_open,2025-02-28
3224,app_open,2025-03-10
3224,app_open,2025-03-11
3224,app_open,2025-03-24
3225,app_open,2025-02-13
3226,app_open,2025-03-11
3226,app_open,2025-03-12
3227,app_open,2025-02-15
3227,app_open,2025-02-16
3228,app_open,2025-02-03
3228,app_open,2025-02-04
3228,app_open,2025-02-17
3229,app_open,2025-03-20
3229,app_open,2025-03-27
3230,app_open,2025-03-03
3230,app_open,2025-03-04
3230,app_open,2025-03-06
3231,app_open,2025-01-25
3231,app_open,2025-01-26
3231,app_open,2025-01-28
3231,app_open,2025-02-01
3232,app_open,2025-02-01
3232,app_open,2025-02-02
3233,app_open,2025-02-05
3233,app_open,2025-02-08
3233,app_open,2025-02-12
3234,app_open,2025-03-13
3234,app_open,2025-03-27
3235,app_open,2025-02-08
3235,app_open,2025-02-09
3236,app_open,2025-01-29
3236,app_open,2025-01-30
3236,app_open,2025-02-05
3237,app_open,2025-02-08
3237,app_open,2025-02-11
3238,app_open,2025-02-06
3238,app_open,2025-02-07
3239,app_open,2025-01-27
3239,app_open,2025-01-30
3239,app_open,2025-02-03
3240,app_open,2025-03-04
3241,app_open,2025-02-10
3241,app_open,2025-02-11
3241,app_open,2025-03-10
3242,app_open,2025-03-03
3243,app_open,2025-02-14
3243,app_open,2025-02-15
3244,app_open,2025-03-13
3245,app_open,2025-02-05
3245,app_open,2025-02-12
3246,app_open,2025-02-06
3246,app_open,2025-02-07
3246,app_open,2025-02-13
3247,app_open,2025-01-16
3247,app_open,2025-01-19
3247,app_open,2025-01-30
3248,app_open,2025-03-15
3248,app_open,2025-03-16
3248,app_open,2025-03-22
3249,app_open,2025-03-11
3249,app_open,2025-03-25
3250,app_open,2025-02-18
3250,app_open,2025-02-19
3251,app_open,2025-02-20
3252,app_open,2025-02-14
3252,app_open,2025-02-17
3252,app_open,2025-02-21
3253,app_open,2025-01-19
3253,app_open,2025-01-20
3253,app_open,2025-01-22
3254,app_open,2025-02-07
3254,app_open,2025-02-08
3255,app_open,2025-01-06
3256,app_open,2025-02-06
3257,app_open,2025-01-11
3257,app_open,2025-01-14
3257,app_open,2025-01-18
3258,app_open,2025-02-14
3258,app_open,2025-02-15
3259,app_open,2025-02-26
3259,app_open,2025-02-27
3260,app_open,2025-02-02
3260,app_open,2025-02-05
3261,app_open,2025-03-03
3261,app_open,2025-03-17
3262,app_open,2025-01-28
3262,app_open,2025-02-04
3263,app_open,2025-01-26
3263,app_open,2025-01-27
3264,app_open,2025-03-10
3264,app_open,2025-03-11
3265,app_open,2025-02-04
3265,app_open,2025-02-05
3265,app_open,2025-02-11
3266,app_open,2025-03-13
3266,app_open,2025-03-14
3266,app_open,2025-03-16
3267,app_open,2025-02-04
3267,app_open,2025-02-05
3267,app_open,2025-02-11
3268,app_open,2025-01-18
3269,app_open,2025-01-14
3269,app_open,2025-01-17
3270,app_open,2025-03-20
3270,app_open,2025-03-21
3271,app_open,2025-03-17
3271,app_open,2025-03-18
3272,app_open,2025-01-31
3272,app_open,2025-02-03
3273,app_open,2025-02-01
3273,app_open,2025-02-04
3274,app_open,2025-01-07
3274,app_open,2025-01-08
3275,app_open,2025-03-09
3276,app_open,2025-01-29
3277,app_open,2025-01-30
3277,app_open,2025-02-27
3278,app_open,2025-01-07
3278,app_open,2025-01-08
3278,app_open,2025-01-21
3279,app_open,2025-01-13
3279,app_open,2025-01-14
3280,app_open,2025-02-22
3280,app_open,2025-02-23
3281,app_open,2025-02-12
3281,app_open,2025-03-12
3282,app_open,2025-03-02
3283,app_open,2025-01-13
3284,app_open,2025-01-18
3284,app_open,2025-01-19
3284,app_open,2025-01-25
3285,app_open,2025-01-01
3285,app_open,2025-01-02
3286,app_open,2025-03-12
3286,app_open,2025-03-13
3286,app_open,2025-03-15
3286,app_open,2025-03-26
3287,app_open,2025-01-21
3287,app_open,2025-01-22
3288,app_open,2025-02-22
3288,app_open,2025-02-23
3289,app_open,2025-03-02
3290,app_open,2025-03-03
3290,app_open,2025-03-04
3290,app_open,2025-03-10
3291,app_open,2025-01-26
3291,app_open,2025-01-27
3291,app_open,2025-01-29
3292,app_open,2025-02-06
3292,app_open,2025-02-07
3293,app_open,2025-02-11
3293,app_open,2025-02-18
3294,app_open,2025-02-06
3294,app_open,2025-02-07
3294,app_open,2025-02-13
3295,app_open,2025-01-08
3296,app_open,2025-01-12
3296,app_open,2025-01-15
3297,app_open,2025-03-15
3298,app_open,2025-01-30
3298,app_open,2025-01-31
3299,app_open,2025-03-10
3299,app_open,2025-03-24
3300,app_open,2025-01-05
3300,app_open,2025-01-08
3301,app_open,2025-01-23
3301,app_open,2025-01-24
3301,app_open,2025-02-06
3302,app_open,2025-02-23
3302,app_open,2025-02-24
3303,app_open,2025-01-23
3303,app_open,2025-01-24
3303,app_open,2025-01-26
3303,app_open,2025-01-30
3304,app_open,2025-01-05
3304,app_open,2025-01-06
3304,app_open,2025-01-12
3304,app_open,2025-01-19
3305,app_open,2025-02-20
3305,app_open,2025-02-23
3306,app_open,2025-03-05
3307,app_open,2025-01-24
3307,app_open,2025-01-25
3307,app_open,2025-01-31
3308,app_open,2025-02-07
3308,app_open,2025-02-08
3309,app_open,2025-01-05
3309,app_open,2025-01-06
3309,app_open,2025-01-08
3310,app_open,2025-01-02
3310,app_open,2025-01-03
3310,app_open,2025-01-16
3311,app_open,2025-02-08
3311,app_open,2025-02-15
3312,app_open,2025-03-14
3312,app_open,2025-03-15
3312,app_open,2025-03-21
3313,app_open,2025-03-19
3313,app_open,2025-03-20
3314,app_open,2025-01-14
3315,app_open,2025-02-12
3316,app_open,2025-02-06
3316,app_open,2025-02-09
3317,app_open,2025-02-28
3317,app_open,2025-03-01
3317,app_open,2025-03-14
3318,app_open,2025-03-11
3318,app_open,2025-03-12
3318,app_open,2025-03-14
3319,app_open,2025-03-09
3319,app_open,2025-03-10
3320,app_open,2025-03-05
3321,app_open,2025-01-18
3322,app_open,2025-03-06
3322,app_open,2025-03-20
3323,app_open,2025-03-01
3323,app_open,2025-03-02
3324,app_open,2025-02-04
3324,app_open,2025-02-05
3324,app_open,2025-02-07
3325,app_open,2025-01-25
3325,app_open,2025-01-26
3326,app_open,2025-01-15
3327,app_open,2025-02-12
3327,app_open,2025-02-13
3327,app_open,2025-03-12
3328,app_open,2025-01-21
3328,app_open,2025-01-28
3328,app_open,2025-02-04
3329,app_open,2025-02-28
3329,app_open,2025-03-01
3330,app_open,2025-02-02
3330,app_open,2025-02-03
3331,app_open,2025-01-24
3331,app_open,2025-01-27
3332,app_open,2025-01-02
3333,app_open,2025-02-13
3333,app_open,2025-02-16
3333,app_open,2025-02-27
3334,app_open,2025-02-07
3334,app_open,2025-02-10
3334,app_open,2025-02-14
3334,app_open,2025-03-07
3335,app_open,2025-03-14
3335,app_open,2025-03-21
3336,app_open,2025-01-25
3336,app_open,2025-01-26
3336,app_open,2025-01-28
3336,app_open,2025-02-01
3336,app_open,2025-02-08
3337,app_open,2025-01-23
3338,app_open,2025-03-20
3338,app_open,2025-03-21
3339,app_open,2025-02-21
3340,app_open,2025-02-24
3340,app_open,2025-03-10
3341,app_open,2025-03-07
3341,app_open,2025-03-08
3341,app_open,2025-03-14
3342,app_open,2025-02-11
3342,app_open,2025-02-12
3343,app_open,2025-01-12
3343,app_open,2025-01-13
3343,app_open,2025-01-26
3344,app_open,2025-02-21
3344,app_open,2025-02-28
3345,app_open,2025-01-13
3345,app_open,2025-01-14
3345,app_open,2025-01-27
3346,app_open,2025-01-24
3346,app_open,2025-01-25
3346,app_open,2025-01-27
3347,app_open,2025-01-18
3347,app_open,2025-01-19
3347,app_open,2025-01-21
3348,app_open,2025-03-03
3349,app_open,2025-02-11
3349,app_open,2025-02-14
3350,app_open,2025-02-01
3350,app_open,2025-02-02
3351,app_open,2025-01-01
3351,app_open,2025-01-02
3352,app_open,2025-02-03
3352,app_open,2025-02-04
3353,app_open,2025-02-19
3353,app_open,2025-02-20
3353,app_open,2025-02-26
3354,app_open,2025-01-31
3355,app_open,2025-02-27
3356,app_open,2025-02-04
3356,app_open,2025-02-05
3357,app_open,2025-02-12
3357,app_open,2025-02-13
3357,app_open,2025-03-12
3358,app_open,2025-02-08
3358,app_open,2025-02-11
3359,app_open,2025-03-16
3359,app_open,2025-03-17
3359,app_open,2025-03-23
3360,app_open,2025-03-15
3360,app_open,2025-03-16
3361,app_open,2025-01-02
3361,app_open,2025-01-03
3361,app_open,2025-01-30
3362,app_open,2025-02-03
3362,app_open,2025-02-17
3363,app_open,2025-02-16
3364,app_open,2025-01-31
3364,app_open,2025-02-01
3365,app_open,2025-01-08
3366,app_open,2025-01-16
3366,app_open,2025-01-23
3367,app_open,2025-03-01
3367,app_open,2025-03-15
3368,app_open,2025-02-09
3368,app_open,2025-02-10
3368,app_open,2025-02-12
3368,app_open,2025-03-09
3369,app_open,2025-01-21
3370,app_open,2025-02-21
3370,app_open,2025-02-22
3370,app_open,2025-02-24
3371,app_open,2025-03-06
3371,app_open,2025-03-20
3372,app_open,2025-02-09
3373,app_open,2025-01-16
3373,app_open,2025-01-17
3373,app_open,2025-01-19
3374,app_open,2025-02-07
3374,app_open,2025-02-08
3375,app_open,2025-02-17
3375,app_open,2025-02-18
3376,app_open,2025-03-20
3377,app_open,2025-01-29
3377,app_open,2025-01-30
3377,app_open,2025-02-01
3378,app_open,2025-01-29
3378,app_open,2025-01-30
3378,app_open,2025-02-05
3379,app_open,2025-01-18
3379,app_open,2025-01-21
3379,app_open,2025-01-25
3380,app_open,2025-03-03
3381,app_open,2025-01-20
3381,app_open,2025-02-03
3381,app_open,2025-02-17
3382,app_open,2025-02-28
3382,app_open,2025-03-01
3383,app_open,2025-03-19
3383,app_open,2025-03-20
3384,app_open,2025-02-17
3384,app_open,2025-02-18
3385,app_open,2025-02-23
3385,app_open,2025-02-24
3385,app_open,2025-02-26
3385,app_open,2025-03-02
3386,app_open,2025-03-12
3386,app_open,2025-03-13
3387,app_open,2025-03-02
3387,app_open,2025-03-30
3388,app_open,2025-03-10
3389,app_open,2025-01-28
3390,app_open,2025-02-01
3390,app_open,2025-02-04
3390,app_open,2025-02-15
3391,app_open,2025-03-18
3391,app_open,2025-03-19
3391,app_open,2025-03-21
3392,app_open,2025-01-11
3393,app_open,2025-03-09
3393,app_open,2025-03-10
3393,app_open,2025-03-12
3393,app_open,2025-03-16
3394,app_open,2025-02-27
3394,app_open,2025-03-06
3395,app_open,2025-03-09
3395,app_open,2025-03-16
3396,app_open,2025-02-16
3397,app_open,2025-01-10
3397,app_open,2025-01-11
3398,app_open,2025-03-14
3398,app_open,2025-03-17
3399,app_open,2025-01-15
3399,app_open,2025-01-16
3400,app_open,2025-01-08
3400,app_open,2025-01-11
3401,app_open,2025-03-12
3401,app_open,2025-03-19
3402,app_open,2025-03-06
3403,app_open,2025-01-26
3403,app_open,2025-02-09
3403,app_open,2025-02-23
3404,app_open,2025-03-15
3404,app_open,2025-03-16
3404,app_open,2025-03-29
3405,app_open,2025-03-10
3405,app_open,2025-03-13
3406,app_open,2025-01-20
3406,app_open,2025-01-21
3406,app_open,2025-02-17
3407,app_open,2025-01-22
3407,app_open,2025-01-23
3407,app_open,2025-01-29
3407,app_open,2025-02-19
3408,app_open,2025-02-11
3409,app_open,2025-03-08
3410,app_open,2025-02-26
3411,app_open,2025-01-15
3411,app_open,2025-01-16
3412,app_open,2025-01-27
3412,app_open,2025-01-28
3413,app_open,2025-03-16
3413,app_open,2025-03-17
3413,app_open,2025-03-23
3414,app_open,2025-03-04
3414,app_open,2025-03-05
3414,app_open,2025-03-11
3415,app_open,2025-01-12
3415,app_open,2025-01-19
3415,app_open,2025-01-26
3416,app_open,2025-03-07
3416,app_open,2025-03-21
3417,app_open,2025-02-27
3417,app_open,2025-02-28
3418,app_open,2025-01-08
3418,app_open,2025-01-11
3418,app_open,2025-01-15
3419,app_open,2025-02-28
3419,app_open,2025-03-03
3420,app_open,2025-01-17
3420,app_open,2025-01-18
3420,app_open,2025-01-20
3421,app_open,2025-03-07
3421,app_open,2025-03-21
3422,app_open,2025-02-23
3422,app_open,2025-02-24
3423,app_open,2025-02-28
3423,app_open,2025-03-01
3424,app_open,2025-03-14
3424,app_open,2025-03-15
3424,app_open,2025-03-17
3425,app_open,2025-01-08
3425,app_open,2025-01-09
3425,app_open,2025-01-22
3426,app_open,2025-03-13
3426,app_open,2025-03-20
3427,app_open,2025-03-01
3427,app_open,2025-03-02
3427,app_open,2025-03-08
3428,app_open,2025-02-09
3429,app_open,2025-01-03
3429,app_open,2025-01-06
3429,app_open,2025-01-31
3430,app_open,2025-02-20
3431,app_open,2025-02-02
3431,app_open,2025-02-03
3432,app_open,2025-01-01
3432,app_open,2025-01-15
3433,app_open,2025-01-28
3434,app_open,2025-03-16
3434,app_open,2025-03-19
3434,app_open,2025-03-23
3435,app_open,2025-01-10
3435,app_open,2025-01-11
3436,app_open,2025-01-06
3437,app_open,2025-02-24
3437,app_open,2025-03-10
3438,app_open,2025-02-14
3438,app_open,2025-02-21
3439,app_open,2025-01-09
3439,app_open,2025-01-10
3439,app_open,2025-01-12
3439,app_open,2025-01-16
3440,app_open,2025-03-11
3440,app_open,2025-03-12
3441,app_open,2025-01-08
3441,app_open,2025-01-09
3442,app_open,2025-01-09
3442,app_open,2025-01-10
3443,app_open,2025-03-02
3444,app_open,2025-01-05
3445,app_open,2025-02-06
3445,app_open,2025-02-07
3446,app_open,2025-02-22
3446,app_open,2025-02-23
3447,app_open,2025-01-24
3447,app_open,2025-01-25
3447,app_open,2025-01-27
3447,app_open,2025-01-31
3448,app_open,2025-01-18
3448,app_open,2025-01-19
3449,app_open,2025-02-23
3450,app_open,2025-02-17
3451,app_open,2025-02-18
3451,app_open,2025-02-19
3452,app_open,2025-02-27
3452,app_open,2025-02-28
3453,app_open,2025-02-18
3453,app_open,2025-02-19
3453,app_open,2025-02-21
3454,app_open,2025-02-18
3455,app_open,2025-01-11
3455,app_open,2025-01-12
3456,app_open,2025-03-11
3456,app_open,2025-03-12
3457,app_open,2025-01-18
3457,app_open,2025-01-19
3457,app_open,2025-02-15
3458,app_open,2025-02-14
3458,app_open,2025-02-15
3458,app_open,2025-02-17
3459,app_open,2025-01-16
3460,app_open,2025-01-23
3460,app_open,2025-01-24
3461,app_open,2025-03-10
3461,app_open,2025-03-11
3462,app_open,2025-02-20
3462,app_open,2025-03-06
3463,app_open,2025-03-09
3463,app_open,2025-03-10
3464,app_open,2025-01-17
3465,app_open,2025-01-29
3465,app_open,2025-01-30
3466,app_open,2025-01-01
3466,app_open,2025-01-02
3466,app_open,2025-01-15
3467,app_open,2025-01-03
3467,app_open,2025-01-04
3467,app_open,2025-01-10
3468,app_open,2025-02-08
3468,app_open,2025-02-09
3468,app_open,2025-02-11
3469,app_open,2025-03-01
3469,app_open,2025-03-04
3469,app_open,2025-03-15
3470,app_open,2025-03-11
3471,app_open,2025-02-24
3471,app_open,2025-02-25
3472,app_open,2025-03-10
3472,app_open,2025-03-13
3472,app_open,2025-03-17
3473,app_open,2025-02-18
3473,app_open,2025-02-19
3473,app_open,2025-02-21
3474,app_open,2025-01-30
3474,app_open,2025-01-31
3475,app_open,2025-02-01
3476,app_open,2025-02-28
3476,app_open,2025-03-01
3476,app_open,2025-03-03
3476,app_open,2025-03-14
3477,app_open,2025-02-14
3477,app_open,2025-02-15
3478,app_open,2025-01-20
3479,app_open,2025-02-05
3479,app_open,2025-02-06
3480,app_open,2025-01-25
3480,app_open,2025-01-26
3480,app_open,2025-02-01
3481,app_open,2025-01-15
3482,app_open,2025-01-05
3482,app_open,2025-01-12
3483,app_open,2025-02-23
3484,app_open,2025-03-20
3485,app_open,2025-01-03
3485,app_open,2025-01-10
3486,app_open,2025-01-31
3486,app_open,2025-02-01
3487,app_open,2025-01-27
3487,app_open,2025-01-28
3488,app_open,2025-01-09
3488,app_open,2025-01-16
3489,app_open,2025-01-13
3489,app_open,2025-01-16
3490,app_open,2025-03-18
3490,app_open,2025-03-19
3491,app_open,2025-01-05
3491,app_open,2025-01-08
3491,app_open,2025-01-19
3492,app_open,2025-02-27
3492,app_open,2025-03-02
3493,app_open,2025-03-18
3494,app_open,2025-01-07
3494,app_open,2025-01-08
3495,app_open,2025-02-01
3495,app_open,2025-02-02
3496,app_open,2025-01-06
3496,app_open,2025-01-07
3497,app_open,2025-02-21
3497,app_open,2025-02-22
3498,app_open,2025-02-26
3498,app_open,2025-03-01
3499,app_open,2025-01-30
3499,app_open,2025-02-13
3500,app_open,2025-03-11
3501,app_open,2025-01-28
3502,app_open,2025-01-08
3502,app_open,2025-01-11
3503,app_open,2025-01-18
3503,app_open,2025-01-25
3504,app_open,2025-03-06
3504,app_open,2025-03-13
3505,app_open,2025-02-07
3505,app_open,2025-02-14
3506,app_open,2025-01-30
3506,app_open,2025-01-31
3506,app_open,2025-02-02
3507,app_open,2025-03-15
3507,app_open,2025-03-29
3508,app_open,2025-02-10
3509,app_open,2025-03-15
3510,app_open,2025-03-18
3510,app_open,2025-03-19
3511,app_open,2025-02-11
3511,app_open,2025-02-12
3511,app_open,2025-02-14
3511,app_open,2025-02-18
3512,app_open,2025-01-31
3513,app_open,2025-02-08
3513,app_open,2025-02-09
3514,app_open,2025-01-19
3514,app_open,2025-01-20
3515,app_open,2025-03-08
3515,app_open,2025-03-11
3516,app_open,2025-01-29
3517,app_open,2025-02-22
3517,app_open,2025-02-23
3517,app_open,2025-03-01
3518,app_open,2025-02-08
3518,app_open,2025-02-11
3518,app_open,2025-02-15
3519,app_open,2025-02-05
3519,app_open,2025-02-08
3519,app_open,2025-02-12
3520,app_open,2025-01-08
3520,app_open,2025-01-09
3520,app_open,2025-01-22
3521,app_open,2025-03-13
3521,app_open,2025-03-16
3522,app_open,2025-03-17
3522,app_open,2025-03-20
3523,app_open,2025-01-23
3523,app_open,2025-01-24
3524,app_open,2025-03-22
3525,app_open,2025-02-24
3525,app_open,2025-02-25
3526,app_open,2025-03-13
3526,app_open,2025-03-14
3526,app_open,2025-03-20
3527,app_open,2025-03-05
3527,app_open,2025-03-06
3527,app_open,2025-03-08
3528,app_open,2025-01-07
3528,app_open,2025-01-10
3529,app_open,2025-02-14
3529,app_open,2025-02-15
3530,app_open,2025-02-18
3531,app_open,2025-03-09
3531,app_open,2025-03-10
3532,app_open,2025-02-10
3532,app_open,2025-02-13
3533,app_open,2025-02-23
3534,app_open,2025-02-22
3535,app_open,2025-01-20
3536,app_open,2025-02-08
3536,app_open,2025-02-09
3537,app_open,2025-02-18
3537,app_open,2025-02-21
3538,app_open,2025-01-24
3538,app_open,2025-01-27
3539,app_open,2025-03-10
3539,app_open,2025-03-13
3540,app_open,2025-03-02
3540,app_open,2025-03-03
3541,app_open,2025-01-31
3541,app_open,2025-02-07
3542,app_open,2025-01-29
3542,app_open,2025-01-30
3543,app_open,2025-02-08
3544,app_open,2025-01-19
3544,app_open,2025-01-22
3544,app_open,2025-02-02
3545,app_open,2025-03-01
3546,app_open,2025-01-08
3546,app_open,2025-01-09
3546,app_open,2025-01-15
3547,app_open,2025-03-13
3547,app_open,2025-03-14
3547,app_open,2025-03-16
3548,app_open,2025-02-22
3549,app_open,2025-02-23
3549,app_open,2025-02-24
3549,app_open,2025-03-23
3550,app_open,2025-03-13
3550,app_open,2025-03-14
3550,app_open,2025-03-16
3550,app_open,2025-03-20
3550,app_open,2025-03-27
3551,app_open,2025-03-09
3551,app_open,2025-03-10
3551,app_open,2025-03-12
3551,app_open,2025-03-23
3552,app_open,2025-01-18
3552,app_open,2025-01-19
3552,app_open,2025-01-21
3553,app_open,2025-02-19
3554,app_open,2025-02-01
3554,app_open,2025-02-02
3555,app_open,2025-02-02
3555,app_open,2025-02-03
3556,app_open,2025-01-27
3556,app_open,2025-01-28
3556,app_open,2025-02-24
3557,app_open,2025-02-12
3557,app_open,2025-02-13
3557,app_open,2025-02-26
3558,app_open,2025-01-11
3558,app_open,2025-01-18
3559,app_open,2025-02-27
3559,app_open,2025-03-02
3560,app_open,2025-02-17
3561,app_open,2025-01-12
3561,app_open,2025-01-13
3561,app_open,2025-01-19
3561,app_open,2025-01-26
3562,app_open,2025-03-10
3562,app_open,2025-03-13
3563,app_open,2025-01-25
3564,app_open,2025-01-07
3564,app_open,2025-01-10
3564,app_open,2025-01-14
3565,app_open,2025-02-04
3565,app_open,2025-02-18
3565,app_open,2025-03-04
3566,app_open,2025-02-18
3566,app_open,2025-02-25
3567,app_open,2025-03-19
3567,app_open,2025-03-26
3568,app_open,2025-03-19
3568,app_open,2025-03-20
3568,app_open,2025-03-22
3569,app_open,2025-01-06
3569,app_open,2025-01-07
3569,app_open,2025-02-03
3570,app_open,2025-01-10
3570,app_open,2025-01-11
3571,app_open,2025-01-25
3571,app_open,2025-02-08
3572,app_open,2025-03-17
3572,app_open,2025-03-20
3573,app_open,2025-03-13
3574,app_open,2025-01-28
3574,app_open,2025-01-29
3574,app_open,2025-02-25
3575,app_open,2025-03-03
3575,app_open,2025-03-04
3576,app_open,2025-01-27
3576,app_open,2025-01-28
3576,app_open,2025-01-30
3576,app_open,2025-02-03
3576,app_open,2025-02-10
3576,app_open,2025-02-24
3577,app_open,2025-02-12
3577,app_open,2025-02-15
3577,app_open,2025-03-12
3578,app_open,2025-02-08
3578,app_open,2025-02-09
3579,app_open,2025-01-02
3579,app_open,2025-01-03
3579,app_open,2025-01-05
3580,app_open,2025-01-28
3580,app_open,2025-01-29
3581,app_open,2025-01-25
3581,app_open,2025-01-26
3582,app_open,2025-01-16
3582,app_open,2025-01-17
3582,app_open,2025-01-30
3582,app_open,2025-02-13
3583,app_open,2025-03-03
3583,app_open,2025-03-04
3584,app_open,2025-02-01
3584,app_open,2025-02-02
3584,app_open,2025-02-04
3585,app_open,2025-03-19
3585,app_open,2025-03-20
3586,app_open,2025-01-27
3586,app_open,2025-01-28
3587,app_open,2025-02-20
3588,app_open,2025-01-31
3589,app_open,2025-03-12
3589,app_open,2025-03-13
3589,app_open,2025-03-15
3590,app_open,2025-02-11
3591,app_open,2025-02-06
3592,app_open,2025-02-18
3592,app_open,2025-02-21
3593,app_open,2025-03-01
3594,app_open,2025-03-10
3594,app_open,2025-03-17
3594,app_open,2025-03-24
3595,app_open,2025-02-15
3596,app_open,2025-02-09
3596,app_open,2025-02-16
3596,app_open,2025-02-23
3597,app_open,2025-02-03
3598,app_open,2025-02-16
3599,app_open,2025-03-07
3599,app_open,2025-03-08
3600,app_open,2025-03-05
3601,app_open,2025-03-01
3601,app_open,2025-03-02
3602,app_open,2025-01-13
3603,app_open,2025-03-02
3604,app_open,2025-02-10
3604,app_open,2025-02-11
3604,app_open,2025-02-17
3605,app_open,2025-01-27
3605,app_open,2025-01-28
3606,app_open,2025-02-17
3606,app_open,2025-02-18
3607,app_open,2025-02-10
3607,app_open,2025-02-11
3607,app_open,2025-02-13
3608,app_open,2025-02-22
3608,app_open,2025-02-25
3609,app_open,2025-01-06
3609,app_open,2025-01-07
3610,app_open,2025-03-14
3610,app_open,2025-03-15
3611,app_open,2025-01-29
3611,app_open,2025-01-30
3611,app_open,2025-02-12
3612,app_open,2025-01-19
3613,app_open,2025-01-03
3614,app_open,2025-02-03
3614,app_open,2025-02-06
3615,app_open,2025-03-12
3615,app_open,2025-03-13
3615,app_open,2025-03-15
3616,app_open,2025-03-16
3616,app_open,2025-03-23
3617,app_open,2025-03-16
3617,app_open,2025-03-19
3618,app_open,2025-02-23
3619,app_open,2025-02-07
3619,app_open,2025-02-08
3619,app_open,2025-02-10
3620,app_open,2025-01-20
3620,app_open,2025-01-23
3620,app_open,2025-01-27
3621,app_open,2025-01-26
3621,app_open,2025-01-27
3622,app_open,2025-02-12
3623,app_open,2025-01-30
3624,app_open,2025-02-18
3624,app_open,2025-02-19
3624,app_open,2025-02-25
3625,app_open,2025-03-14
3625,app_open,2025-03-15
3625,app_open,2025-03-17
3625,app_open,2025-03-21
3626,app_open,2025-02-01
3626,app_open,2025-02-02
3627,app_open,2025-03-05
3628,app_open,2025-03-12
3628,app_open,2025-03-13
3629,app_open,2025-02-13
3629,app_open,2025-02-14
3629,app_open,2025-02-20
3630,app_open,2025-02-02
3630,app_open,2025-02-09
3631,app_open,2025-03-04
3632,app_open,2025-03-04
3633,app_open,2025-02-28
3633,app_open,2025-03-01
3633,app_open,2025-03-03
3634,app_open,2025-01-22
3634,app_open,2025-01-23
3634,app_open,2025-01-25
3635,app_open,2025-02-15
3635,app_open,2025-02-16
3636,app_open,2025-01-22
3636,app_open,2025-01-23
3636,app_open,2025-01-25
3637,app_open,2025-01-18
3637,app_open,2025-01-19
3638,app_open,2025-03-11
3638,app_open,2025-03-12
3639,app_open,2025-03-04
3640,app_open,2025-01-24
3640,app_open,2025-01-27
3641,app_open,2025-03-11
3641,app_open,2025-03-18
3641,app_open,2025-03-25
3642,app_open,2025-01-08
3643,app_open,2025-03-09
3644,app_open,2025-01-05
3644,app_open,2025-01-06
3644,app_open,2025-01-12
3645,app_open,2025-01-10
3645,app_open,2025-01-11
3646,app_open,2025-01-07
3646,app_open,2025-01-08
3646,app_open,2025-01-10
3646,app_open,2025-01-14
3646,app_open,2025-01-21
3647,app_open,2025-01-01
3647,app_open,2025-01-15
3648,app_open,2025-02-22
3648,app_open,2025-02-23
3648,app_open,2025-03-01
3649,app_open,2025-01-18
3650,app_open,2025-03-22
3650,app_open,2025-03-23
3650,app_open,2025-03-25
3651,app_open,2025-01-30
3651,app_open,2025-01-31
3651,app_open,2025-02-06
3652,app_open,2025-01-09
3653,app_open,2025-01-20
3653,app_open,2025-01-21
3653,app_open,2025-01-23
3654,app_open,2025-01-02
3654,app_open,2025-01-03
3654,app_open,2025-01-05
3655,app_open,2025-01-28
3655,app_open,2025-01-29
3656,app_open,2025-03-06
3656,app_open,2025-03-07
3657,app_open,2025-02-28
3657,app_open,2025-03-01
3658,app_open,2025-02-17
3658,app_open,2025-02-18
3659,app_open,2025-01-08
3659,app_open,2025-01-11
3660,app_open,2025-03-21
3660,app_open,2025-03-22
3661,app_open,2025-03-20
3662,app_open,2025-03-03
3662,app_open,2025-03-04
3663,app_open,2025-03-04
3663,app_open,2025-03-05
3664,app_open,2025-01-03
3665,app_open,2025-01-01
3665,app_open,2025-01-02
3666,app_open,2025-03-10
3666,app_open,2025-03-11
3667,app_open,2025-03-12
3667,app_open,2025-03-15
3667,app_open,2025-03-19
3668,app_open,2025-02-22
3668,app_open,2025-02-23
3668,app_open,2025-02-25
3669,app_open,2025-01-02
3669,app_open,2025-01-09
3670,app_open,2025-01-03
3670,app_open,2025-01-04
3670,app_open,2025-01-17
3671,app_open,2025-03-09
3671,app_open,2025-03-12
3672,app_open,2025-02-05
3672,app_open,2025-02-08
3673,app_open,2025-03-10
3673,app_open,2025-03-11
3674,app_open,2025-02-06
3675,app_open,2025-01-03
3675,app_open,2025-01-10
3676,app_open,2025-03-06
3677,app_open,2025-02-25
3677,app_open,2025-02-26
3678,app_open,2025-01-23
3679,app_open,2025-01-14
3679,app_open,2025-01-21
3680,app_open,2025-01-13
3680,app_open,2025-01-14
3680,app_open,2025-01-16
3681,app_open,2025-03-09
3681,app_open,2025-03-10
3681,app_open,2025-03-23
3682,app_open,2025-01-20
3682,app_open,2025-01-21
3683,app_open,2025-01-31
3683,app_open,2025-02-01
3684,app_open,2025-01-25
3684,app_open,2025-01-26
3685,app_open,2025-03-21
3685,app_open,2025-03-22
3685,app_open,2025-03-28
3686,app_open,2025-03-09
3686,app_open,2025-03-10
3687,app_open,2025-02-02
3687,app_open,2025-02-03
3688,app_open,2025-02-15
3689,app_open,2025-02-04
3689,app_open,2025-02-07
3690,app_open,2025-02-20
3691,app_open,2025-01-11
3692,app_open,2025-02-17
3692,app_open,2025-02-18
3692,app_open,2025-02-20
3692,app_open,2025-02-24
3693,app_open,2025-02-21
3693,app_open,2025-02-22
3693,app_open,2025-03-07
3694,app_open,2025-02-28
3694,app_open,2025-03-01
3694,app_open,2025-03-03
3694,app_open,2025-03-07
3695,app_open,2025-03-14
3695,app_open,2025-03-15
3696,app_open,2025-02-01
3696,app_open,2025-02-02
3696,app_open,2025-02-04
3696,app_open,2025-03-01
3697,app_open,2025-01-29
3697,app_open,2025-01-30
3697,app_open,2025-02-01
3697,app_open,2025-02-05
3697,app_open,2025-02-12
3697,app_open,2025-02-26
3698,app_open,2025-02-08
3699,app_open,2025-01-11
3699,app_open,2025-02-08
3700,app_open,2025-01-05
3700,app_open,2025-01-06
3701,app_open,2025-01-12
3701,app_open,2025-01-13
3701,app_open,2025-01-15
3702,app_open,2025-02-21
3702,app_open,2025-02-24
3702,app_open,2025-03-21
3703,app_open,2025-02-18
3703,app_open,2025-02-19
3704,app_open,2025-02-18
3705,app_open,2025-03-12
3706,app_open,2025-03-02
3706,app_open,2025-03-09
3707,app_open,2025-01-08
3707,app_open,2025-01-09
3707,app_open,2025-01-15
3708,app_open,2025-01-02
3708,app_open,2025-01-03
3708,app_open,2025-01-16
3709,app_open,2025-01-22
3709,app_open,2025-01-23
3710,app_open,2025-01-11
3711,app_open,2025-03-05
3711,app_open,2025-03-08
3711,app_open,2025-03-12
3712,app_open,2025-02-25
3712,app_open,2025-02-26
3712,app_open,2025-02-28
3712,app_open,2025-03-04
3713,app_open,2025-02-12
3714,app_open,2025-03-14
3714,app_open,2025-03-15
3715,app_open,2025-01-13
3715,app_open,2025-01-14
3716,app_open,2025-03-09
3716,app_open,2025-03-10
3716,app_open,2025-03-12
3717,app_open,2025-01-06
3718,app_open,2025-01-30
3718,app_open,2025-02-02
3718,app_open,2025-02-13
3719,app_open,2025-01-28
3720,app_open,2025-03-14
3720,app_open,2025-03-15
3721,app_open,2025-03-02
3722,app_open,2025-02-04
3723,app_open,2025-01-06
3723,app_open,2025-01-09
3723,app_open,2025-02-03
3724,app_open,2025-01-10
3724,app_open,2025-01-17
3724,app_open,2025-01-24
3725,app_open,2025-02-05
3726,app_open,2025-03-11
3726,app_open,2025-03-12
3726,app_open,2025-03-14
3726,app_open,2025-03-25
3727,app_open,2025-03-14
3727,app_open,2025-03-21
3728,app_open,2025-01-05
3728,app_open,2025-01-06
3729,app_open,2025-01-23
3730,app_open,2025-02-10
3731,app_open,2025-01-03
3732,app_open,2025-01-27
3732,app_open,2025-01-28
3733,app_open,2025-03-17
3733,app_open,2025-03-18
3733,app_open,2025-03-24
3734,app_open,2025-01-19
3734,app_open,2025-01-22
3734,app_open,2025-02-16
3735,app_open,2025-02-20
3735,app_open,2025-02-21
3736,app_open,2025-01-10
3736,app_open,2025-01-13
3737,app_open,2025-02-08
3737,app_open,2025-02-11
3738,app_open,2025-01-21
3738,app_open,2025-01-22
3738,app_open,2025-01-28
3739,app_open,2025-03-14
3739,app_open,2025-03-15
3739,app_open,2025-03-28
3740,app_open,2025-01-31
3740,app_open,2025-02-01
3740,app_open,2025-02-03
3741,app_open,2025-03-14
3741,app_open,2025-03-15
3742,app_open,2025-02-19
3742,app_open,2025-02-20
3742,app_open,2025-03-05
3743,app_open,2025-03-11
3744,app_open,2025-02-12
3745,app_open,2025-02-19
3745,app_open,2025-02-20
3745,app_open,2025-02-22
3746,app_open,2025-01-18
3746,app_open,2025-01-19
3746,app_open,2025-02-01
3746,app_open,2025-02-15
3747,app_open,2025-01-11
3747,app_open,2025-01-12
3747,app_open,2025-01-14
3747,app_open,2025-01-18
3748,app_open,2025-03-06
3749,app_open,2025-02-14
3750,app_open,2025-01-07
3750,app_open,2025-01-08
3751,app_open,2025-01-13
3751,app_open,2025-01-20
3752,app_open,2025-02-25
3752,app_open,2025-02-28
3752,app_open,2025-03-04
3753,app_open,2025-01-30
3753,app_open,2025-02-02
3754,app_open,2025-01-10
3754,app_open,2025-01-17
3754,app_open,2025-01-24
3755,app_open,2025-02-13
3755,app_open,2025-02-16
3756,app_open,2025-03-19
3756,app_open,2025-03-20
3757,app_open,2025-03-20
3757,app_open,2025-03-21
3757,app_open,2025-03-23
3758,app_open,2025-03-18
3759,app_open,2025-02-20
3759,app_open,2025-03-20
3760,app_open,2025-02-11
3760,app_open,2025-02-12
3761,app_open,2025-01-04
3761,app_open,2025-01-11
3762,app_open,2025-02-04
3762,app_open,2025-02-05
3763,app_open,2025-02-27
3763,app_open,2025-03-02
3764,app_open,2025-03-04
3764,app_open,2025-03-05
3765,app_open,2025-01-30
3765,app_open,2025-01-31
3765,app_open,2025-02-02
3766,app_open,2025-02-15
3767,app_open,2025-03-12
3767,app_open,2025-03-13
3767,app_open,2025-03-15
3768,app_open,2025-02-18
3769,app_open,2025-02-25
3770,app_open,2025-01-24
3771,app_open,2025-03-16
3772,app_open,2025-02-18
3772,app_open,2025-02-19
3772,app_open,2025-02-21
3773,app_open,2025-01-11
3774,app_open,2025-03-21
3774,app_open,2025-03-22
3774,app_open,2025-03-24
3775,app_open,2025-02-07
3775,app_open,2025-02-08
3775,app_open,2025-02-14
3775,app_open,2025-03-07
3776,app_open,2025-02-01
3776,app_open,2025-02-02
3776,app_open,2025-02-04
3777,app_open,2025-01-10
3778,app_open,2025-01-11
3778,app_open,2025-01-12
3778,app_open,2025-01-14
3778,app_open,2025-01-18
3779,app_open,2025-02-04
3779,app_open,2025-02-07
3780,app_open,2025-01-20
3780,app_open,2025-01-21
3781,app_open,2025-02-18
3781,app_open,2025-02-19
3781,app_open,2025-02-21
3782,app_open,2025-01-20
3782,app_open,2025-02-17
3783,app_open,2025-02-19
3783,app_open,2025-02-22
3783,app_open,2025-02-26
3784,app_open,2025-02-10
3784,app_open,2025-02-17
3785,app_open,2025-02-16
3785,app_open,2025-02-17
3785,app_open,2025-02-23
3786,app_open,2025-01-14
3786,app_open,2025-01-15
3786,app_open,2025-01-17
3786,app_open,2025-01-21
3786,app_open,2025-02-11
3787,app_open,2025-01-12
3787,app_open,2025-01-13
3787,app_open,2025-02-09
3788,app_open,2025-01-01
3788,app_open,2025-01-02
3789,app_open,2025-02-09
3789,app_open,2025-02-10
3790,app_open,2025-02-26
3790,app_open,2025-02-27
3791,app_open,2025-02-16
3792,app_open,2025-02-04
3792,app_open,2025-02-05
3792,app_open,2025-02-07
3792,app_open,2025-02-11
3792,app_open,2025-02-18
3793,app_open,2025-01-14
3793,app_open,2025-01-15
3793,app_open,2025-01-17
3794,app_open,2025-01-17
3794,app_open,2025-01-18
3795,app_open,2025-01-12
3795,app_open,2025-01-13
3796,app_open,2025-01-24
3796,app_open,2025-01-25
3796,app_open,2025-01-31
3797,app_open,2025-02-25
3798,app_open,2025-02-27
3798,app_open,2025-03-02
3798,app_open,2025-03-06
3799,app_open,2025-03-13
3799,app_open,2025-03-14
3800,app_open,2025-03-13
3800,app_open,2025-03-14
3800,app_open,2025-03-16
3801,app_open,2025-03-07
3802,app_open,2025-02-22
3802,app_open,2025-02-23
3803,app_open,2025-01-14
3804,app_open,2025-01-04
3804,app_open,2025-01-05
3805,app_open,2025-01-12
3805,app_open,2025-01-15
3805,app_open,2025-01-26
3806,app_open,2025-02-15
3806,app_open,2025-02-16
3807,app_open,2025-03-12
3808,app_open,2025-01-12
3808,app_open,2025-01-13
3809,app_open,2025-03-18
3810,app_open,2025-03-18
3810,app_open,2025-03-19
3811,app_open,2025-02-11
3811,app_open,2025-02-12
3811,app_open,2025-02-14
3812,app_open,2025-02-19
3812,app_open,2025-02-20
3812,app_open,2025-02-22
3812,app_open,2025-02-26
3813,app_open,2025-01-02
3813,app_open,2025-01-03
3814,app_open,2025-02-07
3814,app_open,2025-02-08
3815,app_open,2025-02-22
3815,app_open,2025-02-25
3815,app_open,2025-03-01
3815,app_open,2025-03-08
3816,app_open,2025-02-19
3817,app_open,2025-01-11
3817,app_open,2025-01-12
3817,app_open,2025-01-14
3818,app_open,2025-03-13
3818,app_open,2025-03-14
3819,app_open,2025-02-01
3819,app_open,2025-02-02
3820,app_open,2025-03-15
3820,app_open,2025-03-16
3820,app_open,2025-03-22
3821,app_open,2025-03-08
3821,app_open,2025-03-15
3822,app_open,2025-01-22
3822,app_open,2025-01-25
3822,app_open,2025-01-29
3823,app_open,2025-02-18
3823,app_open,2025-02-19
3823,app_open,2025-02-21
3823,app_open,2025-02-25
3824,app_open,2025-01-22
3824,app_open,2025-01-29
3824,app_open,2025-02-19
3825,app_open,2025-01-18
3825,app_open,2025-01-19
3826,app_open,2025-02-04
3826,app_open,2025-03-04
3827,app_open,2025-02-08
3827,app_open,2025-02-09
3827,app_open,2025-02-11
3828,app_open,2025-02-04
3828,app_open,2025-02-05
3829,app_open,2025-03-05
3829,app_open,2025-03-06
3830,app_open,2025-01-19
3830,app_open,2025-02-16
3831,app_open,2025-01-09
3831,app_open,2025-01-10
3831,app_open,2025-01-12
3831,app_open,2025-01-16
3832,app_open,2025-01-22
3832,app_open,2025-01-23
3833,app_open,2025-02-25
3833,app_open,2025-02-26
3834,app_open,2025-02-05
3834,app_open,2025-02-06
3834,app_open,2025-03-05
3835,app_open,2025-02-23
3835,app_open,2025-02-24
3835,app_open,2025-02-26
3836,app_open,2025-02-08
3836,app_open,2025-02-09
3836,app_open,2025-02-11
3837,app_open,2025-03-03
3837,app_open,2025-03-04
3837,app_open,2025-03-06
3837,app_open,2025-03-17
3838,app_open,2025-01-10
3839,app_open,2025-02-16
3839,app_open,2025-02-17
3839,app_open,2025-03-02
3840,app_open,2025-02-02
3840,app_open,2025-02-03
3840,app_open,2025-02-09
3841,app_open,2025-02-01
3841,app_open,2025-02-02
3842,app_open,2025-03-22
3843,app_open,2025-03-05
3844,app_open,2025-03-18
3844,app_open,2025-03-21
3844,app_open,2025-03-25
3845,app_open,2025-03-20
3845,app_open,2025-03-23
3846,app_open,2025-01-26
3847,app_open,2025-02-28
3847,app_open,2025-03-14
3848,app_open,2025-01-14
3848,app_open,2025-01-15
3848,app_open,2025-01-17
3849,app_open,2025-01-18
3849,app_open,2025-01-19
3849,app_open,2025-01-25
3850,app_open,2025-02-08
3851,app_open,2025-01-01
3851,app_open,2025-01-04
3852,app_open,2025-02-20
3852,app_open,2025-02-21
3852,app_open,2025-02-27
3853,app_open,2025-02-12
3853,app_open,2025-02-13
3854,app_open,2025-03-21
3855,app_open,2025-02-18
3855,app_open,2025-02-19
3855,app_open,2025-03-04
3856,app_open,2025-02-12
3856,app_open,2025-02-13
3857,app_open,2025-02-26
3858,app_open,2025-02-12
3859,app_open,2025-02-25
3859,app_open,2025-02-28
3859,app_open,2025-03-25
3860,app_open,2025-03-18
3860,app_open,2025-03-19
3861,app_open,2025-01-18
3861,app_open,2025-01-19
3861,app_open,2025-01-25
3862,app_open,2025-02-08
3862,app_open,2025-02-09
3862,app_open,2025-02-15
3863,app_open,2025-02-11
3863,app_open,2025-02-14
3864,app_open,2025-03-19
3864,app_open,2025-03-20
3864,app_open,2025-03-26
3865,app_open,2025-01-26
3865,app_open,2025-01-29
3866,app_open,2025-03-03
3866,app_open,2025-03-04
3867,app_open,2025-02-10
3868,app_open,2025-01-23
3868,app_open,2025-01-24
3869,app_open,2025-02-20
3869,app_open,2025-02-21
3869,app_open,2025-02-23
3869,app_open,2025-03-06
3870,app_open,2025-02-10
3870,app_open,2025-02-17
3871,app_open,2025-02-07
3871,app_open,2025-02-08
3871,app_open,2025-02-14
3872,app_open,2025-03-04
3873,app_open,2025-03-15
3873,app_open,2025-03-16
3873,app_open,2025-03-29
3874,app_open,2025-02-01
3874,app_open,2025-02-04
3874,app_open,2025-02-08
3875,app_open,2025-02-11
3875,app_open,2025-02-12
3875,app_open,2025-02-14
3876,app_open,2025-02-18
3876,app_open,2025-02-19
3877,app_open,2025-02-05
3877,app_open,2025-02-06
3877,app_open,2025-02-19
3878,app_open,2025-02-20
3879,app_open,2025-02-16
3879,app_open,2025-02-17
3880,app_open,2025-01-15
3880,app_open,2025-01-16
3880,app_open,2025-01-22
3881,app_open,2025-03-14
3881,app_open,2025-03-17
3882,app_open,2025-01-26
3882,app_open,2025-01-27
3883,app_open,2025-03-17
3883,app_open,2025-03-20
3884,app_open,2025-03-11
3884,app_open,2025-03-12
3885,app_open,2025-01-24
3886,app_open,2025-03-12
3886,app_open,2025-03-15
3887,app_open,2025-01-04
3887,app_open,2025-01-07
3887,app_open,2025-01-11
3887,app_open,2025-01-18
3888,app_open,2025-03-01
3888,app_open,2025-03-02
3888,app_open,2025-03-08
3889,app_open,2025-01-27
3890,app_open,2025-02-26
3890,app_open,2025-02-27
3891,app_open,2025-02-07
3891,app_open,2025-02-10
3891,app_open,2025-03-07
3892,app_open,2025-01-09
3893,app_open,2025-02-22
3893,app_open,2025-02-23
3894,app_open,2025-03-05
3894,app_open,2025-03-06
3894,app_open,2025-03-12
3895,app_open,2025-01-18
3895,app_open,2025-01-19
3895,app_open,2025-02-01
3896,app_open,2025-02-08
3897,app_open,2025-01-31
3897,app_open,2025-02-01
3897,app_open,2025-02-28
3898,app_open,2025-02-02
3898,app_open,2025-02-03
3898,app_open,2025-02-16
3899,app_open,2025-01-20
3899,app_open,2025-01-21
3900,app_open,2025-02-24
3900,app_open,2025-02-25
3901,app_open,2025-02-18
3902,app_open,2025-01-10
3902,app_open,2025-01-13
3903,app_open,2025-02-27
3903,app_open,2025-02-28
3904,app_open,2025-03-18
3905,app_open,2025-03-03
3905,app_open,2025-03-06
3906,app_open,2025-03-16
3906,app_open,2025-03-19
3907,app_open,2025-02-21
3908,app_open,2025-03-10
3908,app_open,2025-03-11
3909,app_open,2025-03-06
3909,app_open,2025-03-20
3910,app_open,2025-02-23
3911,app_open,2025-03-11
3911,app_open,2025-03-12
3912,app_open,2025-01-05
3912,app_open,2025-01-08
3913,app_open,2025-02-16
3914,app_open,2025-03-10
3915,app_open,2025-03-18
3916,app_open,2025-01-11
3916,app_open,2025-01-18
3916,app_open,2025-01-25
3917,app_open,2025-01-14
3917,app_open,2025-01-15
3917,app_open,2025-01-21
3918,app_open,2025-02-01
3918,app_open,2025-02-02
3919,app_open,2025-02-15
3919,app_open,2025-02-18
3920,app_open,2025-01-22
3920,app_open,2025-02-05
3921,app_open,2025-03-20
3921,app_open,2025-03-21
3921,app_open,2025-03-23
3922,app_open,2025-01-06
3922,app_open,2025-01-13
3922,app_open,2025-01-20
3923,app_open,2025-03-14
3924,app_open,2025-02-21
3925,app_open,2025-02-12
3925,app_open,2025-02-26
3926,app_open,2025-02-25
3926,app_open,2025-02-26
3927,app_open,2025-01-14
3928,app_open,2025-01-02
3928,app_open,2025-01-09
3929,app_open,2025-01-13
3929,app_open,2025-01-16
3930,app_open,2025-02-03
3931,app_open,2025-01-29
3931,app_open,2025-01-30
3932,app_open,2025-03-07
3933,app_open,2025-03-08
3933,app_open,2025-03-09
3933,app_open,2025-03-22
3934,app_open,2025-03-13
3934,app_open,2025-03-14
3935,app_open,2025-03-16
3935,app_open,2025-03-19
3936,app_open,2025-03-15
3936,app_open,2025-03-29
3937,app_open,2025-01-29
3937,app_open,2025-02-01
3937,app_open,2025-02-26
3938,app_open,2025-02-27
3938,app_open,2025-03-02
3939,app_open,2025-02-17
3939,app_open,2025-02-24
3940,app_open,2025-02-20
3941,app_open,2025-03-01
3941,app_open,2025-03-04
3942,app_open,2025-03-17
3943,app_open,2025-03-06
3943,app_open,2025-03-13
3944,app_open,2025-01-20
3944,app_open,2025-01-23
3944,app_open,2025-01-27
3944,app_open,2025-02-03
3945,app_open,2025-02-14
3945,app_open,2025-02-15
3945,app_open,2025-03-14
3946,app_open,2025-01-04
3946,app_open,2025-01-05
3947,app_open,2025-03-03
3947,app_open,2025-03-04
3947,app_open,2025-03-10
3948,app_open,2025-01-14
3948,app_open,2025-01-15
3949,app_open,2025-02-07
3949,app_open,2025-02-21
3950,app_open,2025-02-23
3950,app_open,2025-02-26
3950,app_open,2025-03-09
3951,app_open,2025-01-11
3951,app_open,2025-01-12
3952,app_open,2025-01-15
3952,app_open,2025-01-16
3953,app_open,2025-01-19
3954,app_open,2025-02-14
3954,app_open,2025-02-15
3954,app_open,2025-03-14
3955,app_open,2025-02-09
3955,app_open,2025-02-10
3956,app_open,2025-02-13
3956,app_open,2025-02-14
3957,app_open,2025-02-28
3957,app_open,2025-03-01
3958,app_open,2025-01-27
3958,app_open,2025-01-28
3958,app_open,2025-01-30
3959,app_open,2025-03-08
3959,app_open,2025-03-11
3959,app_open,2025-03-22
3960,app_open,2025-03-03
3961,app_open,2025-02-14
3961,app_open,2025-02-17
3962,app_open,2025-03-02
3962,app_open,2025-03-03
3962,app_open,2025-03-09
3963,app_open,2025-01-13
3963,app_open,2025-01-14
3963,app_open,2025-01-16
3963,app_open,2025-01-20
3963,app_open,2025-02-10
3964,app_open,2025-02-26
3964,app_open,2025-03-05
3965,app_open,2025-02-27
3965,app_open,2025-03-02
3965,app_open,2025-03-06
3966,app_open,2025-02-10
3966,app_open,2025-02-11
3966,app_open,2025-02-13
3967,app_open,2025-01-09
3967,app_open,2025-01-10
3967,app_open,2025-01-12
3967,app_open,2025-01-16
3968,app_open,2025-02-08
3969,app_open,2025-01-06
3969,app_open,2025-01-09
3970,app_open,2025-01-15
3970,app_open,2025-01-16
3971,app_open,2025-01-03
3971,app_open,2025-01-06
3971,app_open,2025-01-10
3972,app_open,2025-02-13
3973,app_open,2025-01-14
3973,app_open,2025-01-15
3973,app_open,2025-01-17
3974,app_open,2025-01-22
3974,app_open,2025-02-19
3975,app_open,2025-02-01
3975,app_open,2025-02-02
3975,app_open,2025-02-04
3976,app_open,2025-03-08
3976,app_open,2025-03-09
3976,app_open,2025-03-11
3977,app_open,2025-01-23
3977,app_open,2025-01-24
3978,app_open,2025-03-12
3978,app_open,2025-03-13
3979,app_open,2025-01-21
3979,app_open,2025-01-22
3979,app_open,2025-01-28
3980,app_open,2025-02-12
3980,app_open,2025-02-13
3980,app_open,2025-02-15
3981,app_open,2025-03-13
3981,app_open,2025-03-14
3982,app_open,2025-02-24
3982,app_open,2025-02-25
3983,app_open,2025-03-01
3983,app_open,2025-03-04
3984,app_open,2025-01-30
3984,app_open,2025-01-31
3984,app_open,2025-02-06
3985,app_open,2025-02-21
3985,app_open,2025-02-22
3986,app_open,2025-03-22
3986,app_open,2025-03-25
3987,app_open,2025-01-24
3988,app_open,2025-01-24
3988,app_open,2025-01-25
3988,app_open,2025-01-27
3989,app_open,2025-02-25
3989,app_open,2025-02-26
3989,app_open,2025-03-25
3990,app_open,2025-02-20
3990,app_open,2025-02-21
3991,app_open,2025-01-04
3991,app_open,2025-01-05
3992,app_open,2025-03-20
3992,app_open,2025-03-23
3992,app_open,2025-03-27
3993,app_open,2025-01-26
3993,app_open,2025-01-27
3994,app_open,2025-02-27
3994,app_open,2025-02-28
3994,app_open,2025-03-13
3995,app_open,2025-03-17
3995,app_open,2025-03-31
3996,app_open,2025-02-24
3996,app_open,2025-02-27
3996,app_open,2025-03-03
3997,app_open,2025-02-19
3997,app_open,2025-02-20
3997,app_open,2025-02-26
3998,app_open,2025-01-01
3998,app_open,2025-01-08
3998,app_open,2025-01-29
3999,app_open,2025-01-28
3999,app_open,2025-01-29
4000,app_open,2025-01-27
4000,app_open,2025-01-28
4000,app_open,2025-02-24
4001,app_open,2025-02-05
4001,app_open,2025-02-06
4001,app_open,2025-02-12
4002,app_open,2025-01-09
4002,app_open,2025-01-10
4002,app_open,2025-01-16
4002,app_open,2025-01-23
4003,app_open,2025-03-15
4003,app_open,2025-03-16
4003,app_open,2025-03-22
4003,app_open,2025-03-29
4004,app_open,2025-01-14
4004,app_open,2025-01-15
4005,app_open,2025-03-10
4005,app_open,2025-03-13
4005,app_open,2025-03-17
4006,app_open,2025-01-24
4007,app_open,2025-02-16
4008,app_open,2025-02-11
4008,app_open,2025-02-12
4009,app_open,2025-01-26
4009,app_open,2025-01-29
4010,app_open,2025-02-28
4011,app_open,2025-01-15
4011,app_open,2025-01-16
4011,app_open,2025-01-22
4012,app_open,2025-02-03
4012,app_open,2025-02-04
4012,app_open,2025-03-03
4013,app_open,2025-03-04
4013,app_open,2025-03-07
4014,app_open,2025-03-09
4014,app_open,2025-03-10
4015,app_open,2025-02-10
4016,app_open,2025-03-18
4016,app_open,2025-03-25
4017,app_open,2025-02-19
4017,app_open,2025-03-19
4018,app_open,2025-03-20
4018,app_open,2025-03-21
4019,app_open,2025-02-20
4019,app_open,2025-02-21
4020,app_open,2025-03-17
4020,app_open,2025-03-18
4020,app_open,2025-03-31
4021,app_open,2025-01-15
4021,app_open,2025-01-16
4022,app_open,2025-02-14
4022,app_open,2025-02-15
4023,app_open,2025-02-15
4023,app_open,2025-02-18
4023,app_open,2025-02-22
4023,app_open,2025-03-15
4024,app_open,2025-02-28
4024,app_open,2025-03-14
4025,app_open,2025-03-21
4025,app_open,2025-03-22
4026,app_open,2025-01-23
4026,app_open,2025-01-24
4026,app_open,2025-01-26
4026,app_open,2025-01-30
4027,app_open,2025-02-08
4027,app_open,2025-02-09
4028,app_open,2025-03-20
4029,app_open,2025-03-17
4029,app_open,2025-03-24
4030,app_open,2025-01-11
4030,app_open,2025-01-12
4030,app_open,2025-02-08
4031,app_open,2025-01-18
4032,app_open,2025-02-10
4033,app_open,2025-01-16
4033,app_open,2025-01-17
4033,app_open,2025-01-19
4034,app_open,2025-01-31
4034,app_open,2025-02-01
4034,app_open,2025-02-28
4035,app_open,2025-02-09
4035,app_open,2025-02-10
4035,app_open,2025-02-12
4035,app_open,2025-02-23
4036,app_open,2025-01-15
4036,app_open,2025-02-12
4037,app_open,2025-01-24
4037,app_open,2025-01-25
4038,app_open,2025-02-17
4038,app_open,2025-02-18
4038,app_open,2025-02-20
4039,app_open,2025-01-19
4040,app_open,2025-03-07
4041,app_open,2025-02-19
4041,app_open,2025-02-20
4041,app_open,2025-02-22
4041,app_open,2025-03-19
4042,app_open,2025-02-23
4042,app_open,2025-02-24
4042,app_open,2025-02-26
4043,app_open,2025-03-18
4044,app_open,2025-01-18
4045,app_open,2025-03-15
4046,app_open,2025-02-19
4046,app_open,2025-02-22
4046,app_open,2025-02-26
4047,app_open,2025-02-24
4047,app_open,2025-02-25
4048,app_open,2025-01-24
4048,app_open,2025-01-25
4048,app_open,2025-01-27
4049,app_open,2025-03-04
4049,app_open,2025-03-07
4049,app_open,2025-03-11
4050,app_open,2025-03-10
4050,app_open,2025-03-11
4051,app_open,2025-01-23
4051,app_open,2025-01-24
4051,app_open,2025-01-26
4052,app_open,2025-03-13
4052,app_open,2025-03-14
4052,app_open,2025-03-16
4053,app_open,2025-01-22
4053,app_open,2025-01-23
4054,app_open,2025-03-04
4054,app_open,2025-03-11
4055,app_open,2025-02-06
4055,app_open,2025-02-07
4056,app_open,2025-01-18
4056,app_open,2025-01-21
4057,app_open,2025-01-24
4057,app_open,2025-01-25
4058,app_open,2025-02-10
4058,app_open,2025-02-11
4058,app_open,2025-02-17
4059,app_open,2025-02-27
4060,app_open,2025-03-21
4060,app_open,2025-03-22
4060,app_open,2025-03-28
4061,app_open,2025-01-07
4061,app_open,2025-01-14
4062,app_open,2025-02-15
4062,app_open,2025-03-15
4063,app_open,2025-01-02
4064,app_open,2025-03-04
4064,app_open,2025-03-11
4065,app_open,2025-01-18
4066,app_open,2025-01-25
4066,app_open,2025-01-26
4066,app_open,2025-01-28
4067,app_open,2025-02-19
4068,app_open,2025-03-13
4068,app_open,2025-03-14
4069,app_open,2025-03-06
4069,app_open,2025-03-07
4070,app_open,2025-03-05
4070,app_open,2025-03-12
4071,app_open,2025-02-22
4071,app_open,2025-02-25
4071,app_open,2025-03-01
4072,app_open,2025-03-04
4072,app_open,2025-03-05
4072,app_open,2025-03-07
4072,app_open,2025-03-11
4073,app_open,2025-02-23
4073,app_open,2025-03-09
4074,app_open,2025-02-26
4074,app_open,2025-02-27
4075,app_open,2025-03-04
4075,app_open,2025-03-05
4076,app_open,2025-01-22
4076,app_open,2025-01-23
4077,app_open,2025-01-11
4078,app_open,2025-03-14
4078,app_open,2025-03-15
4079,app_open,2025-01-04
4079,app_open,2025-01-05
4080,app_open,2025-01-29
4080,app_open,2025-02-01
4081,app_open,2025-02-07
4081,app_open,2025-02-14
4082,app_open,2025-01-05
4083,app_open,2025-02-05
4084,app_open,2025-01-29
4084,app_open,2025-02-05
4084,app_open,2025-02-12
4085,app_open,2025-03-10
4086,app_open,2025-02-06
4087,app_open,2025-01-22
4087,app_open,2025-01-23
4087,app_open,2025-02-19
4088,app_open,2025-02-28
4088,app_open,2025-03-03
4089,app_open,2025-03-14
4089,app_open,2025-03-15
4090,app_open,2025-03-05
4090,app_open,2025-03-06
4091,app_open,2025-03-12
4091,app_open,2025-03-13
4091,app_open,2025-03-19
4092,app_open,2025-03-07
4092,app_open,2025-03-08
4093,app_open,2025-01-15
4093,app_open,2025-01-18
4093,app_open,2025-01-22
4094,app_open,2025-03-15
4094,app_open,2025-03-16
4094,app_open,2025-03-29
4095,app_open,2025-01-15
4095,app_open,2025-01-18
4095,app_open,2025-02-12
4096,app_open,2025-02-04
4096,app_open,2025-02-05
4096,app_open,2025-02-18
4097,app_open,2025-03-11
4097,app_open,2025-03-12
4097,app_open,2025-03-14
4098,app_open,2025-02-16
4098,app_open,2025-03-02
4099,app_open,2025-03-11
4100,app_open,2025-01-06
4100,app_open,2025-01-07
4100,app_open,2025-01-13
4101,app_open,2025-02-26
4101,app_open,2025-02-27
4101,app_open,2025-03-05
4102,app_open,2025-03-11
4103,app_open,2025-01-28
4104,app_open,2025-02-24
4104,app_open,2025-02-25
4105,app_open,2025-01-14
4106,app_open,2025-02-01
4106,app_open,2025-02-02
4107,app_open,2025-02-08
4108,app_open,2025-01-05
4108,app_open,2025-01-12
4109,app_open,2025-02-27
4110,app_open,2025-02-03
4110,app_open,2025-02-04
4110,app_open,2025-02-10
4110,app_open,2025-02-17
4111,app_open,2025-02-14
4111,app_open,2025-02-15
4112,app_open,2025-01-12
4112,app_open,2025-01-13
4112,app_open,2025-01-15
4113,app_open,2025-02-26
4113,app_open,2025-02-27
4114,app_open,2025-01-16
4114,app_open,2025-01-23
4115,app_open,2025-01-31
4115,app_open,2025-02-28
4116,app_open,2025-01-27
4116,app_open,2025-01-28
4117,app_open,2025-03-17
4117,app_open,2025-03-18
4117,app_open,2025-03-20
4118,app_open,2025-02-14
4118,app_open,2025-02-17
4119,app_open,2025-03-20
4120,app_open,2025-03-22
4120,app_open,2025-03-23
4121,app_open,2025-02-24
4122,app_open,2025-01-22
4122,app_open,2025-01-23
4122,app_open,2025-01-25
4122,app_open,2025-02-05
4123,app_open,2025-03-20
4124,app_open,2025-01-18
4125,app_open,2025-01-27
4125,app_open,2025-01-28
4125,app_open,2025-01-30
4126,app_open,2025-01-27
4127,app_open,2025-01-08
4127,app_open,2025-01-11
4127,app_open,2025-01-15
4127,app_open,2025-01-22
4128,app_open,2025-03-14
4128,app_open,2025-03-15
4128,app_open,2025-03-28
4129,app_open,2025-02-14
4129,app_open,2025-02-15
4129,app_open,2025-02-28
4130,app_open,2025-03-10
4130,app_open,2025-03-13
4131,app_open,2025-02-05
4131,app_open,2025-02-06
4132,app_open,2025-03-18
4133,app_open,2025-03-10
4133,app_open,2025-03-13
4134,app_open,2025-01-22
4134,app_open,2025-01-23
4134,app_open,2025-01-29
4135,app_open,2025-02-11
4136,app_open,2025-02-07
4136,app_open,2025-02-10
4136,app_open,2025-02-21
4137,app_open,2025-02-07
4137,app_open,2025-02-14
4137,app_open,2025-02-21
4138,app_open,2025-03-15
4139,app_open,2025-02-04
4139,app_open,2025-02-11
4140,app_open,2025-03-07
4140,app_open,2025-03-10
4140,app_open,2025-03-21
4141,app_open,2025-01-13
4141,app_open,2025-01-14
4142,app_open,2025-01-18
4142,app_open,2025-01-19
4143,app_open,2025-02-22
4143,app_open,2025-02-23
4143,app_open,2025-02-25
4144,app_open,2025-01-08
4144,app_open,2025-01-09
4145,app_open,2025-02-05
4145,app_open,2025-02-06
4146,app_open,2025-01-17
4146,app_open,2025-01-18
4147,app_open,2025-01-17
4148,app_open,2025-02-01
4148,app_open,2025-02-02
4148,app_open,2025-02-15
4149,app_open,2025-01-19
4149,app_open,2025-01-20
4150,app_open,2025-02-11
4150,app_open,2025-02-18
4151,app_open,2025-02-01
4151,app_open,2025-02-02
4151,app_open,2025-02-04
4151,app_open,2025-02-08
4152,app_open,2025-02-20
4152,app_open,2025-02-21
4152,app_open,2025-02-23
4153,app_open,2025-03-04
4153,app_open,2025-03-05
4154,app_open,2025-01-19
4154,app_open,2025-01-20
4155,app_open,2025-03-15
4155,app_open,2025-03-16
4156,app_open,2025-03-22
4156,app_open,2025-03-25
4157,app_open,2025-02-04
4157,app_open,2025-02-05
4157,app_open,2025-02-07
4158,app_open,2025-03-22
4159,app_open,2025-02-23
4159,app_open,2025-02-24
4160,app_open,2025-02-18
4161,app_open,2025-02-27
4161,app_open,2025-02-28
4162,app_open,2025-01-10
4163,app_open,2025-01-12
4163,app_open,2025-01-13
4163,app_open,2025-01-15
4163,app_open,2025-01-19
4164,app_open,2025-02-21
4164,app_open,2025-02-22
4165,app_open,2025-03-07
4166,app_open,2025-02-05
4166,app_open,2025-02-06
4166,app_open,2025-02-08
4166,app_open,2025-02-12
4167,app_open,2025-02-17
4167,app_open,2025-02-18
4167,app_open,2025-02-20
4168,app_open,2025-02-28
4168,app_open,2025-03-01
4168,app_open,2025-03-14
4169,app_open,2025-03-04
4169,app_open,2025-03-05
4169,app_open,2025-03-07
4170,app_open,2025-02-11
4170,app_open,2025-02-25
4171,app_open,2025-03-16
4171,app_open,2025-03-17
4172,app_open,2025-01-01
4172,app_open,2025-01-02
4172,app_open,2025-01-08
4172,app_open,2025-01-29
4173,app_open,2025-01-12
4173,app_open,2025-01-13
4174,app_open,2025-02-28
4174,app_open,2025-03-01
4175,app_open,2025-02-15
4175,app_open,2025-02-16
4176,app_open,2025-01-09
4176,app_open,2025-01-10
4177,app_open,2025-03-10
4178,app_open,2025-02-20
4178,app_open,2025-02-21
4178,app_open,2025-03-06
4179,app_open,2025-01-28
4179,app_open,2025-01-31
4180,app_open,2025-02-24
4180,app_open,2025-02-25
4180,app_open,2025-02-27
4181,app_open,2025-01-28
4181,app_open,2025-01-29
4181,app_open,2025-01-31
4181,app_open,2025-02-04
4181,app_open,2025-02-11
4182,app_open,2025-03-05
4183,app_open,2025-02-04
4183,app_open,2025-02-05
4183,app_open,2025-02-18
4184,app_open,2025-02-11
4184,app_open,2025-02-18
4185,app_open,2025-02-06
4185,app_open,2025-02-07
4186,app_open,2025-02-13
4186,app_open,2025-02-14
4186,app_open,2025-02-20
4187,app_open,2025-03-12
4187,app_open,2025-03-13
4187,app_open,2025-03-26
4188,app_open,2025-03-15
4188,app_open,2025-03-18
4189,app_open,2025-01-17
4189,app_open,2025-01-20
4190,app_open,2025-03-14
4191,app_open,2025-03-04
4192,app_open,2025-02-13
4192,app_open,2025-02-14
4192,app_open,2025-02-20
4192,app_open,2025-02-27
4193,app_open,2025-01-07
4194,app_open,2025-01-06
4194,app_open,2025-01-07
4194,app_open,2025-01-09
4194,app_open,2025-01-13
4194,app_open,2025-01-20
4195,app_open,2025-01-13
4195,app_open,2025-02-10
4196,app_open,2025-03-22
4196,app_open,2025-03-25
4197,app_open,2025-02-28
4197,app_open,2025-03-07
4198,app_open,2025-01-03
4198,app_open,2025-01-04
4198,app_open,2025-01-06
4199,app_open,2025-01-16
4200,app_open,2025-01-21
4200,app_open,2025-01-22
4200,app_open,2025-01-24
4200,app_open,2025-01-28
4201,app_open,2025-02-26
4201,app_open,2025-02-27
4202,app_open,2025-02-28
4203,app_open,2025-01-01
4204,app_open,2025-02-24
4204,app_open,2025-02-27
4205,app_open,2025-01-26
4205,app_open,2025-01-27
4206,app_open,2025-01-17
4206,app_open,2025-01-20
4207,app_open,2025-02-08
4207,app_open,2025-02-09
4208,app_open,2025-01-21
4208,app_open,2025-01-22
4208,app_open,2025-01-24
4209,app_open,2025-02-05
4209,app_open,2025-02-06
4209,app_open,2025-02-19
4209,app_open,2025-03-05
4210,app_open,2025-01-12
4210,app_open,2025-01-15
4211,app_open,2025-02-16
4212,app_open,2025-02-02
4212,app_open,2025-02-05
4212,app_open,2025-02-16
4213,app_open,2025-01-11
4213,app_open,2025-01-12
4213,app_open,2025-01-18
4214,app_open,2025-02-17
4214,app_open,2025-02-18
4214,app_open,2025-02-24
4214,app_open,2025-03-03
4215,app_open,2025-01-22
4215,app_open,2025-01-25
4216,app_open,2025-01-07
4217,app_open,2025-02-20
4218,app_open,2025-03-22
4218,app_open,2025-03-25
4219,app_open,2025-02-09
4219,app_open,2025-03-09
4220,app_open,2025-01-30
4221,app_open,2025-02-24
4221,app_open,2025-02-27
4222,app_open,2025-01-12
4222,app_open,2025-01-13
4223,app_open,2025-01-13
4223,app_open,2025-02-10
4224,app_open,2025-01-01
4225,app_open,2025-01-28
4225,app_open,2025-02-11
4226,app_open,2025-03-03
4226,app_open,2025-03-10
4226,app_open,2025-03-17
4227,app_open,2025-01-10
4227,app_open,2025-01-13
4228,app_open,2025-01-17
4228,app_open,2025-01-24
4228,app_open,2025-01-31
4229,app_open,2025-03-17
4229,app_open,2025-03-20
4230,app_open,2025-01-29
4231,app_open,2025-03-08
4231,app_open,2025-03-09
4232,app_open,2025-02-26
4233,app_open,2025-01-02
4234,app_open,2025-01-02
4234,app_open,2025-01-05
4234,app_open,2025-01-16
4235,app_open,2025-02-13
4235,app_open,2025-02-14
4236,app_open,2025-01-16
4236,app_open,2025-01-17
4236,app_open,2025-01-30
4237,app_open,2025-02-24
4237,app_open,2025-02-25
4237,app_open,2025-02-27
4238,app_open,2025-01-17
4238,app_open,2025-01-18
4239,app_open,2025-03-03
4239,app_open,2025-03-04
4239,app_open,2025-03-06
4239,app_open,2025-03-10
4240,app_open,2025-01-10
4240,app_open,2025-01-13
4241,app_open,2025-01-30
4241,app_open,2025-02-02
4241,app_open,2025-02-06
4242,app_open,2025-02-19
4242,app_open,2025-02-20
4242,app_open,2025-02-22
4243,app_open,2025-01-12
4243,app_open,2025-01-13
4244,app_open,2025-01-14
4244,app_open,2025-01-15
4244,app_open,2025-01-17
4245,app_open,2025-01-14
4245,app_open,2025-01-15
4245,app_open,2025-01-28
4246,app_open,2025-02-10
4246,app_open,2025-02-11
4246,app_open,2025-03-10
4247,app_open,2025-02-17
4248,app_open,2025-02-08
4248,app_open,2025-02-09
4249,app_open,2025-01-18
4249,app_open,2025-01-21
4250,app_open,2025-02-18
4251,app_open,2025-01-18
4251,app_open,2025-01-21
4252,app_open,2025-01-19
4252,app_open,2025-01-20
4252,app_open,2025-01-22
4253,app_open,2025-01-09
4253,app_open,2025-01-16
4254,app_open,2025-03-09
4254,app_open,2025-03-10
4254,app_open,2025-03-12
4254,app_open,2025-03-23
4255,app_open,2025-03-14
4255,app_open,2025-03-15
4255,app_open,2025-03-17
4256,app_open,2025-01-02
4257,app_open,2025-03-20
4257,app_open,2025-03-21
4257,app_open,2025-03-27
4258,app_open,2025-01-22
4259,app_open,2025-02-26
4260,app_open,2025-02-14
4260,app_open,2025-02-15
4260,app_open,2025-03-14
4261,app_open,2025-01-28
4262,app_open,2025-03-22
4262,app_open,2025-03-23
4262,app_open,2025-03-29
4263,app_open,2025-01-20
4263,app_open,2025-01-23
4264,app_open,2025-02-22
4264,app_open,2025-02-23
4265,app_open,2025-03-20
4266,app_open,2025-02-26
4266,app_open,2025-03-01
4267,app_open,2025-01-28
4267,app_open,2025-01-29
4268,app_open,2025-01-12
4269,app_open,2025-01-13
4269,app_open,2025-01-14
4269,app_open,2025-01-16
4270,app_open,2025-01-18
4271,app_open,2025-01-16
4271,app_open,2025-01-19
4271,app_open,2025-01-23
4272,app_open,2025-03-17
4273,app_open,2025-02-19
4273,app_open,2025-02-20
4274,app_open,2025-02-14
4275,app_open,2025-02-24
4275,app_open,2025-02-25
4275,app_open,2025-03-10
4276,app_open,2025-02-10
4276,app_open,2025-02-11
4276,app_open,2025-02-13
4277,app_open,2025-01-18
4277,app_open,2025-01-19
4278,app_open,2025-02-01
4279,app_open,2025-02-05
4280,app_open,2025-01-11
4281,app_open,2025-02-01
4281,app_open,2025-02-02
4281,app_open,2025-02-04
4281,app_open,2025-02-15
4282,app_open,2025-03-12
4282,app_open,2025-03-15
4282,app_open,2025-03-19
4283,app_open,2025-03-18
4283,app_open,2025-03-19
4284,app_open,2025-03-18
4285,app_open,2025-03-19
4285,app_open,2025-03-20
4286,app_open,2025-02-06
4286,app_open,2025-02-07
4287,app_open,2025-01-04
4287,app_open,2025-01-07
4287,app_open,2025-01-11
4288,app_open,2025-02-08
4289,app_open,2025-01-27
4289,app_open,2025-01-28
4290,app_open,2025-03-08
4291,app_open,2025-03-19
4291,app_open,2025-03-20
4291,app_open,2025-03-26
4292,app_open,2025-03-07
4292,app_open,2025-03-14
4293,app_open,2025-01-25
4293,app_open,2025-01-26
4294,app_open,2025-02-20
4294,app_open,2025-02-23
4295,app_open,2025-02-07
4296,app_open,2025-01-07
4296,app_open,2025-01-08
4296,app_open,2025-01-10
4297,app_open,2025-01-31
4297,app_open,2025-02-03
4298,app_open,2025-03-05
4298,app_open,2025-03-06
4298,app_open,2025-03-12
4299,app_open,2025-02-19
4299,app_open,2025-02-22
4300,app_open,2025-01-15
4301,app_open,2025-01-31
4301,app_open,2025-02-01
4301,app_open,2025-02-28
4302,app_open,2025-03-05
4303,app_open,2025-03-18
4303,app_open,2025-03-21
4304,app_open,2025-01-10
4305,app_open,2025-03-09
4305,app_open,2025-03-10
4306,app_open,2025-01-02
4306,app_open,2025-01-09
4306,app_open,2025-01-16
4307,app_open,2025-02-16
4307,app_open,2025-03-16
4308,app_open,2025-02-10
4308,app_open,2025-02-13
4309,app_open,2025-01-17
4309,app_open,2025-01-18
4309,app_open,2025-01-20
4310,app_open,2025-02-19
4310,app_open,2025-02-20
4311,app_open,2025-03-14
4312,app_open,2025-02-23
4312,app_open,2025-02-24
4313,app_open,2025-02-16
4314,app_open,2025-03-11
4314,app_open,2025-03-14
4315,app_open,2025-01-23
4315,app_open,2025-01-26
4316,app_open,2025-03-02
4316,app_open,2025-03-03
4316,app_open,2025-03-30
4317,app_open,2025-01-10
4317,app_open,2025-01-24
4318,app_open,2025-01-03
4318,app_open,2025-01-04
4319,app_open,2025-03-17
4319,app_open,2025-03-18
4319,app_open,2025-03-24
4320,app_open,2025-01-09
4320,app_open,2025-01-10
4320,app_open,2025-01-23
4321,app_open,2025-01-02
4321,app_open,2025-01-03
4321,app_open,2025-01-16
4322,app_open,2025-02-03
4323,app_open,2025-01-28
4323,app_open,2025-01-29
4324,app_open,2025-01-06
4325,app_open,2025-01-08
4325,app_open,2025-01-09
4325,app_open,2025-01-22
4325,app_open,2025-02-05
4326,app_open,2025-02-20
4326,app_open,2025-02-21
4327,app_open,2025-03-06
4327,app_open,2025-03-07
4328,app_open,2025-02-06
4329,app_open,2025-03-22
4329,app_open,2025-03-23
4329,app_open,2025-03-29
4330,app_open,2025-03-06
4330,app_open,2025-03-07
4331,app_open,2025-02-23
4331,app_open,2025-02-24
4331,app_open,2025-03-23
4332,app_open,2025-02-24
4332,app_open,2025-02-25
4332,app_open,2025-03-24
4333,app_open,2025-02-21
4334,app_open,2025-01-11
4334,app_open,2025-01-12
4334,app_open,2025-01-25
4335,app_open,2025-03-10
4336,app_open,2025-03-10
4337,app_open,2025-03-20
4338,app_open,2025-01-20
4338,app_open,2025-01-21
4338,app_open,2025-01-27
4339,app_open,2025-02-05
4339,app_open,2025-02-12
4340,app_open,2025-01-11
4340,app_open,2025-01-12
4341,app_open,2025-02-09
4341,app_open,2025-02-10
4342,app_open,2025-01-11
4342,app_open,2025-01-14
4343,app_open,2025-03-07
4343,app_open,2025-03-08
4344,app_open,2025-01-27
4345,app_open,2025-01-20
4346,app_open,2025-03-10
4346,app_open,2025-03-24
4347,app_open,2025-02-11
4347,app_open,2025-02-12
4347,app_open,2025-02-14
4348,app_open,2025-02-20
4348,app_open,2025-02-21
4348,app_open,2025-02-23
4348,app_open,2025-03-20
4349,app_open,2025-03-17
4349,app_open,2025-03-18
4349,app_open,2025-03-31
4350,app_open,2025-01-09
4350,app_open,2025-01-10
4351,app_open,2025-02-09
4351,app_open,2025-02-12
4352,app_open,2025-02-25
4352,app_open,2025-02-28
4353,app_open,2025-01-31
4353,app_open,2025-02-14
4354,app_open,2025-01-08
4355,app_open,2025-02-01
4356,app_open,2025-01-12
4356,app_open,2025-01-13
4356,app_open,2025-01-15
4356,app_open,2025-01-26
4357,app_open,2025-02-25
4357,app_open,2025-02-28
4358,app_open,2025-01-15
4358,app_open,2025-01-22
4359,app_open,2025-02-28
4359,app_open,2025-03-03
4359,app_open,2025-03-28
4360,app_open,2025-03-20
4360,app_open,2025-03-27
4361,app_open,2025-03-19
4361,app_open,2025-03-20
4361,app_open,2025-03-22
4362,app_open,2025-01-08
4362,app_open,2025-01-09
4363,app_open,2025-02-09
4363,app_open,2025-02-10
4363,app_open,2025-02-23
4364,app_open,2025-01-23
4364,app_open,2025-01-26
4365,app_open,2025-01-16
4366,app_open,2025-01-02
4366,app_open,2025-01-03
4367,app_open,2025-01-18
4367,app_open,2025-02-01
4368,app_open,2025-01-02
4368,app_open,2025-01-03
4368,app_open,2025-01-30
4369,app_open,2025-01-21
4369,app_open,2025-01-22
4370,app_open,2025-03-05
4370,app_open,2025-03-08
4370,app_open,2025-03-12
4371,app_open,2025-02-14
4371,app_open,2025-02-15
4371,app_open,2025-02-28
4372,app_open,2025-03-08
4373,app_open,2025-03-08
4373,app_open,2025-03-09
4373,app_open,2025-03-11
4373,app_open,2025-03-22
4374,app_open,2025-02-03
4374,app_open,2025-02-04
4375,app_open,2025-01-22
4375,app_open,2025-01-23
4376,app_open,2025-02-17
4376,app_open,2025-02-18
4377,app_open,2025-01-17
4377,app_open,2025-01-18
4377,app_open,2025-01-31
4377,app_open,2025-02-14
4378,app_open,2025-02-04
4378,app_open,2025-02-05
4379,app_open,2025-01-16
4380,app_open,2025-01-04
4380,app_open,2025-01-05
4380,app_open,2025-01-07
4381,app_open,2025-02-12
4381,app_open,2025-02-13
4382,app_open,2025-02-24
4382,app_open,2025-02-25
4383,app_open,2025-02-04
4383,app_open,2025-02-05
4383,app_open,2025-02-11
4383,app_open,2025-02-18
4384,app_open,2025-03-09
4384,app_open,2025-03-10
4384,app_open,2025-03-12
4385,app_open,2025-01-09
4386,app_open,2025-02-03
4386,app_open,2025-02-10
4387,app_open,2025-03-15
4387,app_open,2025-03-16
4388,app_open,2025-03-22
4388,app_open,2025-03-23
4389,app_open,2025-01-10
4389,app_open,2025-01-17
4390,app_open,2025-03-05
4390,app_open,2025-03-12
4391,app_open,2025-02-28
4391,app_open,2025-03-03
4392,app_open,2025-03-07
4392,app_open,2025-03-08
4392,app_open,2025-03-14
4393,app_open,2025-02-16
4393,app_open,2025-02-19
4393,app_open,2025-02-23
4393,app_open,2025-03-02
4394,app_open,2025-01-08
4394,app_open,2025-01-09
4394,app_open,2025-01-11
4395,app_open,2025-03-05
4395,app_open,2025-03-06
4396,app_open,2025-03-14
4396,app_open,2025-03-15
4396,app_open,2025-03-17
4396,app_open,2025-03-21
4397,app_open,2025-01-22
4397,app_open,2025-01-23
4397,app_open,2025-02-05
4398,app_open,2025-02-17
4398,app_open,2025-02-18
4399,app_open,2025-01-21
4400,app_open,2025-02-02
4400,app_open,2025-02-05
4400,app_open,2025-02-09
4400,app_open,2025-03-02
4401,app_open,2025-01-14
4402,app_open,2025-03-15
4402,app_open,2025-03-16
4402,app_open,2025-03-22
4403,app_open,2025-01-15
4404,app_open,2025-01-30
4404,app_open,2025-01-31
4405,app_open,2025-03-07
4406,app_open,2025-01-01
4406,app_open,2025-01-02
4406,app_open,2025-01-04
4407,app_open,2025-01-06
4407,app_open,2025-01-07
4407,app_open,2025-02-03
4408,app_open,2025-01-02
4409,app_open,2025-02-01
4410,app_open,2025-01-06
4410,app_open,2025-01-13
4411,app_open,2025-03-02
4412,app_open,2025-02-16
4412,app_open,2025-02-19
4413,app_open,2025-02-19
4413,app_open,2025-02-20
4414,app_open,2025-01-20
4414,app_open,2025-01-27
4415,app_open,2025-01-23
4415,app_open,2025-01-24
4415,app_open,2025-01-26
4416,app_open,2025-01-05
4417,app_open,2025-03-12
4417,app_open,2025-03-13
4418,app_open,2025-02-23
4418,app_open,2025-02-24
4419,app_open,2025-01-29
4419,app_open,2025-01-30
4419,app_open,2025-02-01
4420,app_open,2025-02-11
4420,app_open,2025-02-18
4421,app_open,2025-02-01
4421,app_open,2025-02-04
4422,app_open,2025-02-23
4422,app_open,2025-03-09
4423,app_open,2025-02-10
4424,app_open,2025-02-04
4424,app_open,2025-02-05
4425,app_open,2025-01-10
4425,app_open,2025-01-24
4426,app_open,2025-03-15
4427,app_open,2025-02-17
4427,app_open,2025-03-17
4428,app_open,2025-01-16
4428,app_open,2025-01-17
4429,app_open,2025-03-06
4429,app_open,2025-03-09
4430,app_open,2025-01-07
4430,app_open,2025-01-14
4431,app_open,2025-01-23
4431,app_open,2025-01-30
4432,app_open,2025-01-29
4432,app_open,2025-01-30
4432,app_open,2025-02-26
4433,app_open,2025-03-08
4433,app_open,2025-03-11
4434,app_open,2025-01-06
4434,app_open,2025-01-07
4434,app_open,2025-01-20
4435,app_open,2025-02-21
4435,app_open,2025-02-22
4436,app_open,2025-01-09
4437,app_open,2025-03-01
4437,app_open,2025-03-02
4438,app_open,2025-02-06
4438,app_open,2025-02-07
4439,app_open,2025-02-09
4439,app_open,2025-02-10
4440,app_open,2025-02-11
4440,app_open,2025-03-11
4441,app_open,2025-01-12
4441,app_open,2025-01-13
4442,app_open,2025-03-12
4443,app_open,2025-02-28
4443,app_open,2025-03-28
4444,app_open,2025-01-02
4444,app_open,2025-01-09
4444,app_open,2025-01-30
4445,app_open,2025-02-17
4445,app_open,2025-02-18
4445,app_open,2025-02-20
4445,app_open,2025-02-24
4446,app_open,2025-01-26
4446,app_open,2025-01-27
4446,app_open,2025-01-29
4447,app_open,2025-02-07
4447,app_open,2025-02-08
4447,app_open,2025-02-10
4447,app_open,2025-03-07
4448,app_open,2025-03-14
4449,app_open,2025-02-08
4449,app_open,2025-03-08
4450,app_open,2025-03-21
4451,app_open,2025-02-01
4452,app_open,2025-03-01
4453,app_open,2025-02-17
4453,app_open,2025-03-03
4454,app_open,2025-03-17
4454,app_open,2025-03-18
4454,app_open,2025-03-20
4455,app_open,2025-03-05
4456,app_open,2025-01-26
4457,app_open,2025-03-11
4457,app_open,2025-03-12
4458,app_open,2025-02-01
4458,app_open,2025-02-02
4458,app_open,2025-02-04
4458,app_open,2025-02-08
4459,app_open,2025-01-20
4459,app_open,2025-01-21
4460,app_open,2025-01-01
4460,app_open,2025-01-08
4461,app_open,2025-02-22
4461,app_open,2025-02-23
4462,app_open,2025-01-04
4462,app_open,2025-01-05
4462,app_open,2025-01-07
4463,app_open,2025-01-30
4463,app_open,2025-01-31
4464,app_open,2025-03-11
4465,app_open,2025-02-14
4466,app_open,2025-01-02
4466,app_open,2025-01-03
4466,app_open,2025-01-05
4467,app_open,2025-02-12
4468,app_open,2025-01-01
4468,app_open,2025-01-02
4469,app_open,2025-02-18
4469,app_open,2025-02-19
4469,app_open,2025-03-18
4470,app_open,2025-02-09
4470,app_open,2025-02-10
4471,app_open,2025-01-14
4471,app_open,2025-01-15
4471,app_open,2025-01-21
4472,app_open,2025-01-27
4472,app_open,2025-01-30
4472,app_open,2025-02-24
4473,app_open,2025-03-09
4474,app_open,2025-01-31
4474,app_open,2025-02-01
4474,app_open,2025-02-14
4475,app_open,2025-02-23
4475,app_open,2025-02-26
4475,app_open,2025-03-09
4476,app_open,2025-03-04
4477,app_open,2025-01-08
4477,app_open,2025-01-15
4478,app_open,2025-01-19
4478,app_open,2025-02-02
4479,app_open,2025-02-05
4479,app_open,2025-02-08
4480,app_open,2025-01-12
4480,app_open,2025-01-15
4480,app_open,2025-01-19
4481,app_open,2025-01-06
4481,app_open,2025-02-03
4482,app_open,2025-01-30
4482,app_open,2025-02-02
4483,app_open,2025-03-08
4484,app_open,2025-02-22
4484,app_open,2025-02-23
4485,app_open,2025-02-17
4485,app_open,2025-02-18
4485,app_open,2025-02-24
4486,app_open,2025-02-28
4486,app_open,2025-03-01
4487,app_open,2025-01-11
4487,app_open,2025-01-12
4488,app_open,2025-03-16
4488,app_open,2025-03-17
4488,app_open,2025-03-23
4488,app_open,2025-03-30
4489,app_open,2025-01-13
4489,app_open,2025-01-14
4489,app_open,2025-01-16
4489,app_open,2025-01-27
4490,app_open,2025-03-06
4490,app_open,2025-03-07
4491,app_open,2025-01-18
4491,app_open,2025-01-19
4492,app_open,2025-02-20
4493,app_open,2025-01-10
4494,app_open,2025-03-17
4494,app_open,2025-03-20
4495,app_open,2025-03-14
4495,app_open,2025-03-17
4495,app_open,2025-03-21
4496,app_open,2025-01-08
4496,app_open,2025-01-09
4496,app_open,2025-02-05
4497,app_open,2025-02-25
4497,app_open,2025-02-26
4498,app_open,2025-01-17
4498,app_open,2025-01-18
4498,app_open,2025-01-20
4499,app_open,2025-01-31
4499,app_open,2025-02-01
4499,app_open,2025-02-03
4499,app_open,2025-02-07
4500,app_open,2025-02-07
4501,app_open,2025-02-03
4502,app_open,2025-02-10
4502,app_open,2025-02-11
4503,app_open,2025-02-20
4503,app_open,2025-02-21
4503,app_open,2025-02-23
4504,app_open,2025-02-11
4504,app_open,2025-02-12
4504,app_open,2025-02-14
4504,app_open,2025-02-25
4504,app_open,2025-03-11
4505,app_open,2025-02-10
4505,app_open,2025-02-11
4505,app_open,2025-02-13
4506,app_open,2025-02-27
4506,app_open,2025-03-13
4507,app_open,2025-02-04
4508,app_open,2025-01-30
4508,app_open,2025-01-31
4509,app_open,2025-01-10
4509,app_open,2025-01-11
4510,app_open,2025-01-26
4511,app_open,2025-01-18
4511,app_open,2025-01-21
4512,app_open,2025-03-16
4512,app_open,2025-03-17
4513,app_open,2025-01-14
4514,app_open,2025-01-20
4514,app_open,2025-01-23
4514,app_open,2025-02-17
4515,app_open,2025-01-14
4515,app_open,2025-01-21
4516,app_open,2025-01-22
4516,app_open,2025-01-23
4516,app_open,2025-01-29
4517,app_open,2025-02-27
4518,app_open,2025-03-01
4519,app_open,2025-02-10
4519,app_open,2025-02-11
4519,app_open,2025-02-13
4520,app_open,2025-02-22
4520,app_open,2025-02-23
4520,app_open,2025-02-25
4521,app_open,2025-01-16
4521,app_open,2025-01-17
4522,app_open,2025-03-10
4522,app_open,2025-03-11
4522,app_open,2025-03-13
4522,app_open,2025-03-17
4523,app_open,2025-02-15
4523,app_open,2025-02-16
4523,app_open,2025-02-18
4523,app_open,2025-03-15
4524,app_open,2025-01-27
4524,app_open,2025-01-28
4524,app_open,2025-01-30
4524,app_open,2025-02-24
4525,app_open,2025-02-27
4525,app_open,2025-03-13
4526,app_open,2025-02-09
4526,app_open,2025-02-10
4526,app_open,2025-02-23
4527,app_open,2025-03-01
4528,app_open,2025-02-03
4528,app_open,2025-02-04
4529,app_open,2025-01-16
4530,app_open,2025-01-12
4531,app_open,2025-01-21
4532,app_open,2025-02-08
4532,app_open,2025-02-11
4533,app_open,2025-03-19
4533,app_open,2025-03-22
4534,app_open,2025-01-06
4534,app_open,2025-01-07
4535,app_open,2025-01-28
4535,app_open,2025-01-29
4535,app_open,2025-02-04
4535,app_open,2025-02-11
4536,app_open,2025-02-11
4537,app_open,2025-01-19
4537,app_open,2025-01-20
4538,app_open,2025-01-12
4539,app_open,2025-02-01
4540,app_open,2025-02-15
4540,app_open,2025-02-16
4541,app_open,2025-02-20
4541,app_open,2025-02-21
4542,app_open,2025-03-07
4543,app_open,2025-01-07
4544,app_open,2025-02-08
4544,app_open,2025-02-09
4545,app_open,2025-02-03
4545,app_open,2025-02-04
4546,app_open,2025-01-23
4546,app_open,2025-01-26
4547,app_open,2025-01-04
4548,app_open,2025-02-21
4548,app_open,2025-02-22
4548,app_open,2025-02-24
4549,app_open,2025-02-27
4550,app_open,2025-03-13
4550,app_open,2025-03-27
4551,app_open,2025-03-12
4551,app_open,2025-03-13
4552,app_open,2025-02-01
4552,app_open,2025-02-02
4553,app_open,2025-01-13
4553,app_open,2025-02-10
4554,app_open,2025-03-01
4554,app_open,2025-03-02
4555,app_open,2025-01-14
4555,app_open,2025-01-28
4556,app_open,2025-01-18
4556,app_open,2025-01-19
4556,app_open,2025-01-21
4557,app_open,2025-01-16
4557,app_open,2025-01-23
4558,app_open,2025-01-02
4559,app_open,2025-01-08
4560,app_open,2025-01-29
4561,app_open,2025-01-17
4562,app_open,2025-01-26
4562,app_open,2025-02-09
4563,app_open,2025-02-21
4563,app_open,2025-02-24
4563,app_open,2025-03-21
4564,app_open,2025-02-17
4564,app_open,2025-02-18
4565,app_open,2025-03-22
4565,app_open,2025-03-23
4565,app_open,2025-03-25
4566,app_open,2025-01-11
4566,app_open,2025-01-12
4567,app_open,2025-03-16
4568,app_open,2025-03-17
4569,app_open,2025-02-03
4569,app_open,2025-02-04
4569,app_open,2025-02-06
4570,app_open,2025-01-10
4570,app_open,2025-01-13
4570,app_open,2025-02-07
4571,app_open,2025-01-03
4571,app_open,2025-01-04
4571,app_open,2025-01-06
4572,app_open,2025-01-09
4572,app_open,2025-01-10
4572,app_open,2025-01-12
4573,app_open,2025-01-26
4573,app_open,2025-01-27
4573,app_open,2025-01-29
4574,app_open,2025-02-26
4574,app_open,2025-02-27
4574,app_open,2025-03-01
4575,app_open,2025-01-17
4576,app_open,2025-01-12
4577,app_open,2025-02-12
4577,app_open,2025-02-13
4577,app_open,2025-02-19
4577,app_open,2025-02-26
4578,app_open,2025-01-16
4578,app_open,2025-01-19
4579,app_open,2025-01-06
4579,app_open,2025-01-07
4579,app_open,2025-01-09
4580,app_open,2025-03-01
4580,app_open,2025-03-02
4581,app_open,2025-01-07
4582,app_open,2025-01-22
4583,app_open,2025-03-15
4583,app_open,2025-03-18
4584,app_open,2025-02-25
4585,app_open,2025-02-20
4586,app_open,2025-03-05
4586,app_open,2025-03-06
4587,app_open,2025-01-04
4587,app_open,2025-01-05
4587,app_open,2025-01-07
4588,app_open,2025-02-18
4589,app_open,2025-02-24
4589,app_open,2025-02-25
4590,app_open,2025-01-23
4590,app_open,2025-01-24
4590,app_open,2025-01-30
4591,app_open,2025-02-15
4591,app_open,2025-02-16
4592,app_open,2025-01-28
4592,app_open,2025-01-29
4592,app_open,2025-02-04
4593,app_open,2025-01-24
4593,app_open,2025-01-25
4594,app_open,2025-02-05
4594,app_open,2025-02-08
4595,app_open,2025-02-05
4595,app_open,2025-03-05
4596,app_open,2025-02-27
4596,app_open,2025-02-28
4597,app_open,2025-01-20
4597,app_open,2025-01-21
4598,app_open,2025-01-05
4599,app_open,2025-03-20
4599,app_open,2025-03-21
4600,app_open,2025-03-21
4600,app_open,2025-03-22
4601,app_open,2025-03-20
4601,app_open,2025-03-23
4602,app_open,2025-02-01
4602,app_open,2025-02-02
4602,app_open,2025-02-04
4603,app_open,2025-02-07
4603,app_open,2025-02-10
4603,app_open,2025-02-14
4604,app_open,2025-03-05
4604,app_open,2025-03-19
4605,app_open,2025-02-22
4605,app_open,2025-02-23
4605,app_open,2025-03-08
4606,app_open,2025-03-12
4606,app_open,2025-03-13
4606,app_open,2025-03-19
4607,app_open,2025-03-03
4607,app_open,2025-03-04
4607,app_open,2025-03-06
4607,app_open,2025-03-31
4608,app_open,2025-01-08
4608,app_open,2025-01-09
4608,app_open,2025-01-11
4608,app_open,2025-01-15
4609,app_open,2025-01-12
4610,app_open,2025-02-05
4610,app_open,2025-02-06
4610,app_open,2025-03-05
4611,app_open,2025-02-19
4611,app_open,2025-02-20
4611,app_open,2025-02-22
4611,app_open,2025-03-05
4611,app_open,2025-03-19
4612,app_open,2025-01-18
4612,app_open,2025-02-01
4613,app_open,2025-02-23
4613,app_open,2025-02-24
4613,app_open,2025-03-02
4613,app_open,2025-03-09
4614,app_open,2025-01-26
4614,app_open,2025-01-27
4615,app_open,2025-03-09
4616,app_open,2025-02-01
4616,app_open,2025-02-02
4616,app_open,2025-02-04
4617,app_open,2025-03-22
4617,app_open,2025-03-25
4618,app_open,2025-03-11
4618,app_open,2025-03-12
4619,app_open,2025-01-03
4619,app_open,2025-01-06
4619,app_open,2025-01-10
4619,app_open,2025-01-17
4620,app_open,2025-02-18
4620,app_open,2025-02-19
4620,app_open,2025-02-25
4621,app_open,2025-02-15
4621,app_open,2025-02-16
4622,app_open,2025-03-03
4622,app_open,2025-03-04
4622,app_open,2025-03-10
4622,app_open,2025-03-31
4623,app_open,2025-03-11
4623,app_open,2025-03-12
4623,app_open,2025-03-14
4624,app_open,2025-03-04
4624,app_open,2025-03-05
4624,app_open,2025-03-11
4625,app_open,2025-02-14
4625,app_open,2025-02-15
4626,app_open,2025-03-14
4626,app_open,2025-03-15
4626,app_open,2025-03-21
4627,app_open,2025-03-06
4627,app_open,2025-03-07
4627,app_open,2025-03-09
4628,app_open,2025-02-11
4628,app_open,2025-02-12
4628,app_open,2025-02-18
4629,app_open,2025-02-19
4630,app_open,2025-02-04
4630,app_open,2025-02-05
4630,app_open,2025-02-07
4630,app_open,2025-02-18
4630,app_open,2025-03-04
4631,app_open,2025-01-24
4631,app_open,2025-01-25
4631,app_open,2025-01-31
4632,app_open,2025-01-04
4633,app_open,2025-02-10
4633,app_open,2025-02-13
4634,app_open,2025-03-18
4634,app_open,2025-03-19
4635,app_open,2025-01-29
4635,app_open,2025-02-12
4636,app_open,2025-01-04
4636,app_open,2025-01-05
4636,app_open,2025-01-07
4636,app_open,2025-01-11
4636,app_open,2025-02-01
4637,app_open,2025-02-05
4637,app_open,2025-02-06
4638,app_open,2025-01-08
4639,app_open,2025-03-02
4639,app_open,2025-03-03
4639,app_open,2025-03-05
4640,app_open,2025-03-09
4640,app_open,2025-03-10
4640,app_open,2025-03-23
4641,app_open,2025-02-15
4641,app_open,2025-02-16
4642,app_open,2025-03-16
4642,app_open,2025-03-17
4642,app_open,2025-03-19
4643,app_open,2025-01-30
4643,app_open,2025-01-31
4643,app_open,2025-02-13
4644,app_open,2025-01-21
4644,app_open,2025-01-24
4645,app_open,2025-01-13
4645,app_open,2025-01-14
4645,app_open,2025-01-20
4645,app_open,2025-02-10
4646,app_open,2025-02-01
4646,app_open,2025-02-04
4646,app_open,2025-02-08
4647,app_open,2025-01-31
4648,app_open,2025-02-04
4649,app_open,2025-03-10
4649,app_open,2025-03-11
4650,app_open,2025-01-08
4650,app_open,2025-01-09
4650,app_open,2025-01-15
4651,app_open,2025-01-29
4652,app_open,2025-03-15
4652,app_open,2025-03-16
4652,app_open,2025-03-18
4653,app_open,2025-02-19
4653,app_open,2025-02-20
4654,app_open,2025-02-15
4654,app_open,2025-02-16
4655,app_open,2025-01-23
4655,app_open,2025-01-24
4655,app_open,2025-02-20
4656,app_open,2025-01-23
4656,app_open,2025-01-24
4657,app_open,2025-01-31
4658,app_open,2025-03-17
4658,app_open,2025-03-18
4659,app_open,2025-02-10
4659,app_open,2025-02-11
4659,app_open,2025-02-13
4659,app_open,2025-02-17
4659,app_open,2025-02-24
4660,app_open,2025-02-15
4661,app_open,2025-03-17
4662,app_open,2025-01-04
4662,app_open,2025-02-01
4663,app_open,2025-02-15
4663,app_open,2025-03-15
4664,app_open,2025-03-14
4665,app_open,2025-03-14
4665,app_open,2025-03-15
4665,app_open,2025-03-17
4666,app_open,2025-01-19
4666,app_open,2025-01-20
4666,app_open,2025-01-22
4667,app_open,2025-03-14
4668,app_open,2025-01-25
4669,app_open,2025-03-05
4669,app_open,2025-03-06
4670,app_open,2025-03-11
4670,app_open,2025-03-14
4671,app_open,2025-02-09
4671,app_open,2025-02-23
4672,app_open,2025-01-23
4672,app_open,2025-01-24
4673,app_open,2025-03-04
4674,app_open,2025-01-05
4675,app_open,2025-01-12
4676,app_open,2025-01-08
4676,app_open,2025-02-05
4677,app_open,2025-01-30
4677,app_open,2025-01-31
4678,app_open,2025-03-19
4678,app_open,2025-03-20
4679,app_open,2025-01-29
4679,app_open,2025-01-30
4680,app_open,2025-01-03
4680,app_open,2025-01-04
4681,app_open,2025-03-09
4682,app_open,2025-03-03
4682,app_open,2025-03-04
4683,app_open,2025-01-01
4683,app_open,2025-01-02
4683,app_open,2025-01-04
4683,app_open,2025-01-08
4684,app_open,2025-02-12
4685,app_open,2025-03-20
4685,app_open,2025-03-21
4685,app_open,2025-03-23
4686,app_open,2025-01-26
4686,app_open,2025-01-27
4686,app_open,2025-02-09
4687,app_open,2025-01-17
4687,app_open,2025-01-18
4687,app_open,2025-01-20
4688,app_open,2025-02-13
4689,app_open,2025-01-23
4689,app_open,2025-01-24
4689,app_open,2025-01-30
4690,app_open,2025-02-11
4691,app_open,2025-01-08
4692,app_open,2025-01-03
4692,app_open,2025-01-04
4693,app_open,2025-01-19
4693,app_open,2025-01-22
4694,app_open,2025-03-17
4695,app_open,2025-01-19
4696,app_open,2025-01-15
4697,app_open,2025-03-09
4697,app_open,2025-03-10
4697,app_open,2025-03-16
4697,app_open,2025-03-23
4698,app_open,2025-02-16
4698,app_open,2025-02-17
4699,app_open,2025-01-10
4699,app_open,2025-01-11
4700,app_open,2025-02-17
4700,app_open,2025-02-20
4701,app_open,2025-02-20
4701,app_open,2025-02-21
4702,app_open,2025-03-17
4702,app_open,2025-03-18
4703,app_open,2025-01-13
4704,app_open,2025-02-13
4705,app_open,2025-02-08
4705,app_open,2025-03-08
4706,app_open,2025-02-11
4706,app_open,2025-02-14
4706,app_open,2025-02-18
4707,app_open,2025-01-18
4707,app_open,2025-01-19
4708,app_open,2025-01-21
4708,app_open,2025-01-24
4709,app_open,2025-02-25
4710,app_open,2025-03-04
4710,app_open,2025-03-05
4710,app_open,2025-03-07
4711,app_open,2025-02-10
4711,app_open,2025-02-11
4712,app_open,2025-01-23
4712,app_open,2025-01-26
4713,app_open,2025-03-13
4713,app_open,2025-03-14
4713,app_open,2025-03-20
4713,app_open,2025-03-27
4714,app_open,2025-03-20
4714,app_open,2025-03-21
4715,app_open,2025-02-15
4716,app_open,2025-01-29
4717,app_open,2025-03-17
4717,app_open,2025-03-18
4717,app_open,2025-03-24
4718,app_open,2025-01-23
4718,app_open,2025-01-24
4718,app_open,2025-01-30
4719,app_open,2025-02-18
4719,app_open,2025-02-19
4720,app_open,2025-02-09
4721,app_open,2025-02-07
4721,app_open,2025-02-08
4721,app_open,2025-02-10
4722,app_open,2025-01-17
4722,app_open,2025-01-20
4723,app_open,2025-01-23
4723,app_open,2025-01-24
4723,app_open,2025-01-26
4723,app_open,2025-02-20
4724,app_open,2025-01-01
4724,app_open,2025-01-02
4724,app_open,2025-01-08
4725,app_open,2025-03-15
4725,app_open,2025-03-16
4725,app_open,2025-03-22
4726,app_open,2025-02-20
4726,app_open,2025-02-23
4727,app_open,2025-03-14
4727,app_open,2025-03-15
4728,app_open,2025-01-05
4728,app_open,2025-01-06
4728,app_open,2025-02-02
4729,app_open,2025-01-24
4730,app_open,2025-03-19
4731,app_open,2025-02-10
4731,app_open,2025-02-13
4732,app_open,2025-03-20
4733,app_open,2025-01-29
4733,app_open,2025-02-12
4734,app_open,2025-03-14
4734,app_open,2025-03-15
4734,app_open,2025-03-17
4735,app_open,2025-01-14
4735,app_open,2025-01-15
4735,app_open,2025-01-28
4736,app_open,2025-03-05
4736,app_open,2025-03-06
4736,app_open,2025-03-08
4737,app_open,2025-01-19
4737,app_open,2025-01-20
4738,app_open,2025-02-12
4739,app_open,2025-01-10
4739,app_open,2025-02-07
4740,app_open,2025-01-31
4741,app_open,2025-02-14
4741,app_open,2025-02-15
4742,app_open,2025-02-10
4742,app_open,2025-02-11
4743,app_open,2025-01-22
4743,app_open,2025-01-25
4743,app_open,2025-01-29
4743,app_open,2025-02-05
4744,app_open,2025-01-12
4744,app_open,2025-01-15
4744,app_open,2025-01-19
4745,app_open,2025-02-12
4745,app_open,2025-02-13
4746,app_open,2025-02-27
4746,app_open,2025-02-28
4746,app_open,2025-03-02
4746,app_open,2025-03-27
4747,app_open,2025-01-02
4747,app_open,2025-01-03
4748,app_open,2025-02-03
4748,app_open,2025-02-10
4749,app_open,2025-01-27
4749,app_open,2025-01-28
4749,app_open,2025-01-30
4750,app_open,2025-02-01
4750,app_open,2025-02-02
4750,app_open,2025-02-04
4751,app_open,2025-01-09
4751,app_open,2025-01-10
4751,app_open,2025-01-12
4752,app_open,2025-02-14
4753,app_open,2025-02-02
4754,app_open,2025-01-14
4754,app_open,2025-01-15
4755,app_open,2025-01-01
4755,app_open,2025-01-02
4755,app_open,2025-01-04
4756,app_open,2025-01-07
4756,app_open,2025-01-10
4757,app_open,2025-02-19
4757,app_open,2025-02-20
4757,app_open,2025-02-22
4758,app_open,2025-02-26
4759,app_open,2025-02-23
4759,app_open,2025-03-02
4760,app_open,2025-01-22
4760,app_open,2025-01-23
4761,app_open,2025-02-22
4761,app_open,2025-02-23
4762,app_open,2025-03-05
4763,app_open,2025-02-18
4763,app_open,2025-02-19
4764,app_open,2025-02-14
4764,app_open,2025-02-15
4764,app_open,2025-02-17
4765,app_open,2025-03-11
4765,app_open,2025-03-18
4766,app_open,2025-02-18
4766,app_open,2025-02-19
4766,app_open,2025-02-21
4767,app_open,2025-01-13
4767,app_open,2025-01-16
4768,app_open,2025-03-03
4768,app_open,2025-03-04
4768,app_open,2025-03-06
4769,app_open,2025-03-15
4769,app_open,2025-03-16
4769,app_open,2025-03-18
4770,app_open,2025-01-29
4770,app_open,2025-01-30
4770,app_open,2025-02-26
4771,app_open,2025-01-21
4771,app_open,2025-01-22
4771,app_open,2025-01-24
4772,app_open,2025-02-27
4773,app_open,2025-01-10
4774,app_open,2025-01-05
4774,app_open,2025-01-08
4775,app_open,2025-02-07
4775,app_open,2025-02-08
4776,app_open,2025-01-03
4776,app_open,2025-01-04
4776,app_open,2025-01-06
4777,app_open,2025-02-10
4777,app_open,2025-02-11
4777,app_open,2025-02-17
4777,app_open,2025-02-24
4778,app_open,2025-02-03
4778,app_open,2025-02-04
4779,app_open,2025-01-14
4779,app_open,2025-01-15
4779,app_open,2025-01-28
4780,app_open,2025-01-10
4780,app_open,2025-01-11
4781,app_open,2025-02-13
4781,app_open,2025-02-14
4782,app_open,2025-01-22
4782,app_open,2025-01-23
4782,app_open,2025-01-25
4782,app_open,2025-01-29
4783,app_open,2025-02-18
4783,app_open,2025-02-21
4784,app_open,2025-01-21
4784,app_open,2025-02-18
4785,app_open,2025-01-10
4786,app_open,2025-03-12
4786,app_open,2025-03-15
4786,app_open,2025-03-19
4786,app_open,2025-03-26
4787,app_open,2025-01-12
4788,app_open,2025-02-13
4789,app_open,2025-03-18
4789,app_open,2025-03-19
4789,app_open,2025-03-25
4790,app_open,2025-03-20
4791,app_open,2025-03-03
4791,app_open,2025-03-04
4792,app_open,2025-01-04
4792,app_open,2025-01-05
4792,app_open,2025-01-07
4793,app_open,2025-02-25
4793,app_open,2025-02-26
4794,app_open,2025-01-22
4794,app_open,2025-01-23
4794,app_open,2025-01-29
4795,app_open,2025-03-19
4795,app_open,2025-03-22
4796,app_open,2025-02-25
4796,app_open,2025-03-11
4797,app_open,2025-01-21
4797,app_open,2025-01-22
4797,app_open,2025-01-28
4797,app_open,2025-02-04
4797,app_open,2025-02-18
4798,app_open,2025-01-07
4798,app_open,2025-01-14
4799,app_open,2025-01-13
4799,app_open,2025-01-14
4800,app_open,2025-02-12
4800,app_open,2025-02-26
4801,app_open,2025-01-27
4801,app_open,2025-01-30
4802,app_open,2025-01-25
4802,app_open,2025-02-01
4802,app_open,2025-02-08
4803,app_open,2025-02-22
4803,app_open,2025-03-22
4804,app_open,2025-03-12
4804,app_open,2025-03-15
4804,app_open,2025-03-19
4805,app_open,2025-03-11
4805,app_open,2025-03-18
4806,app_open,2025-02-03
4806,app_open,2025-02-10
4807,app_open,2025-02-06
4807,app_open,2025-02-07
4807,app_open,2025-02-20
4807,app_open,2025-03-06
4808,app_open,2025-02-08
4808,app_open,2025-02-09
4809,app_open,2025-01-31
4810,app_open,2025-01-13
4811,app_open,2025-01-07
4811,app_open,2025-01-08
4811,app_open,2025-01-21
4812,app_open,2025-02-20
4812,app_open,2025-02-23
4813,app_open,2025-03-15
4813,app_open,2025-03-18
4814,app_open,2025-03-12
4814,app_open,2025-03-13
4815,app_open,2025-03-04
4816,app_open,2025-01-20
4816,app_open,2025-01-21
4816,app_open,2025-01-23
4817,app_open,2025-01-07
4817,app_open,2025-02-04
4818,app_open,2025-02-16
4819,app_open,2025-01-01
4819,app_open,2025-01-02
4819,app_open,2025-01-04
4820,app_open,2025-02-24
4820,app_open,2025-02-25
4820,app_open,2025-03-10
4821,app_open,2025-01-12
4822,app_open,2025-02-07
4822,app_open,2025-02-14
4823,app_open,2025-03-22
4823,app_open,2025-03-29
4824,app_open,2025-03-18
4824,app_open,2025-03-21
4825,app_open,2025-03-03
4825,app_open,2025-03-04
4826,app_open,2025-01-26
4826,app_open,2025-01-27
4826,app_open,2025-01-29
4827,app_open,2025-01-13
4827,app_open,2025-01-14
4828,app_open,2025-01-04
4828,app_open,2025-01-05
4829,app_open,2025-01-27
4830,app_open,2025-01-22
4830,app_open,2025-01-25
4831,app_open,2025-02-07
4831,app_open,2025-02-08
4831,app_open,2025-02-21
4832,app_open,2025-01-11
4832,app_open,2025-01-12
4832,app_open,2025-01-18
4832,app_open,2025-01-25
4833,app_open,2025-03-02
4833,app_open,2025-03-03
4834,app_open,2025-01-15
4834,app_open,2025-01-18
4834,app_open,2025-01-29
4835,app_open,2025-02-09
4835,app_open,2025-02-10
4836,app_open,2025-02-20
4836,app_open,2025-02-21
4836,app_open,2025-02-27
4837,app_open,2025-03-02
4837,app_open,2025-03-05
4838,app_open,2025-03-04
4838,app_open,2025-03-05
4838,app_open,2025-03-07
4838,app_open,2025-03-11
4839,app_open,2025-02-03
4839,app_open,2025-02-04
4839,app_open,2025-02-06
4839,app_open,2025-02-17
4840,app_open,2025-01-12
4840,app_open,2025-01-13
4840,app_open,2025-01-19
4841,app_open,2025-03-11
4841,app_open,2025-03-12
4842,app_open,2025-02-19
4842,app_open,2025-02-22
4843,app_open,2025-01-24
4843,app_open,2025-01-27
4844,app_open,2025-02-17
4845,app_open,2025-02-18
4845,app_open,2025-02-21
4846,app_open,2025-02-17
4846,app_open,2025-02-18
4846,app_open,2025-02-24
4847,app_open,2025-01-24
4847,app_open,2025-01-25
4848,app_open,2025-02-27
4849,app_open,2025-01-06
4849,app_open,2025-01-09
4849,app_open,2025-01-20
4850,app_open,2025-02-03
4850,app_open,2025-02-04
4850,app_open,2025-02-06
4851,app_open,2025-02-26
4851,app_open,2025-03-01
4852,app_open,2025-03-01
4852,app_open,2025-03-02
4853,app_open,2025-02-03
4853,app_open,2025-02-04
4853,app_open,2025-02-06
4854,app_open,2025-01-29
4854,app_open,2025-02-01
4854,app_open,2025-02-12
4855,app_open,2025-02-04
4855,app_open,2025-02-11
4855,app_open,2025-02-18
4856,app_open,2025-03-14
4857,app_open,2025-01-08
4857,app_open,2025-01-09
4857,app_open,2025-01-11
4858,app_open,2025-01-20
4858,app_open,2025-01-21
4859,app_open,2025-01-13
4859,app_open,2025-01-14
4859,app_open,2025-01-16
4860,app_open,2025-01-11
4860,app_open,2025-01-12
4860,app_open,2025-01-18
4861,app_open,2025-02-14
4862,app_open,2025-03-11
4863,app_open,2025-02-22
4864,app_open,2025-03-17
4864,app_open,2025-03-18
4865,app_open,2025-01-30
4866,app_open,2025-03-12
4866,app_open,2025-03-13
4866,app_open,2025-03-15
4867,app_open,2025-01-08
4868,app_open,2025-02-19
4868,app_open,2025-02-22
4869,app_open,2025-03-08
4869,app_open,2025-03-09
4869,app_open,2025-03-11
4870,app_open,2025-02-23
4871,app_open,2025-03-10
4872,app_open,2025-03-02
4873,app_open,2025-03-15
4873,app_open,2025-03-18
4873,app_open,2025-03-29
4874,app_open,2025-01-31
4874,app_open,2025-02-03
4874,app_open,2025-02-07
4875,app_open,2025-03-02
4875,app_open,2025-03-16
4876,app_open,2025-02-08
4876,app_open,2025-02-09
4877,app_open,2025-01-11
4878,app_open,2025-02-20
4878,app_open,2025-03-20
4879,app_open,2025-01-05
4879,app_open,2025-01-08
4879,app_open,2025-01-12
4880,app_open,2025-03-06
4880,app_open,2025-03-07
4880,app_open,2025-03-09
4880,app_open,2025-03-20
4881,app_open,2025-03-15
4882,app_open,2025-03-08
4882,app_open,2025-03-11
4882,app_open,2025-03-15
4883,app_open,2025-03-15
4883,app_open,2025-03-16
4883,app_open,2025-03-29
4884,app_open,2025-03-21
4884,app_open,2025-03-22
4885,app_open,2025-01-19
4885,app_open,2025-01-22
4886,app_open,2025-01-16
4886,app_open,2025-01-17
4887,app_open,2025-02-27
4888,app_open,2025-01-23
4888,app_open,2025-01-24
4889,app_open,2025-01-22
4890,app_open,2025-01-28
4890,app_open,2025-01-29
4891,app_open,2025-01-25
4891,app_open,2025-01-26
4892,app_open,2025-01-17
4893,app_open,2025-01-06
4893,app_open,2025-01-07
4893,app_open,2025-02-03
4894,app_open,2025-02-24
4894,app_open,2025-02-25
4895,app_open,2025-01-11
4895,app_open,2025-01-12
4895,app_open,2025-02-08
4896,app_open,2025-02-25
4897,app_open,2025-01-26
4897,app_open,2025-01-27
4897,app_open,2025-01-29
4897,app_open,2025-02-23
4898,app_open,2025-03-22
4898,app_open,2025-03-23
4898,app_open,2025-03-25
4898,app_open,2025-03-29
4899,app_open,2025-01-19
4899,app_open,2025-01-20
4899,app_open,2025-01-26
4900,app_open,2025-03-18
4901,app_open,2025-02-03
4902,app_open,2025-02-10
4902,app_open,2025-02-11
4902,app_open,2025-02-13
4903,app_open,2025-01-09
4903,app_open,2025-01-10
4904,app_open,2025-01-12
4904,app_open,2025-01-15
4905,app_open,2025-02-19
4905,app_open,2025-02-26
4906,app_open,2025-03-13
4906,app_open,2025-03-14
4907,app_open,2025-02-20
4907,app_open,2025-02-21
4908,app_open,2025-03-12
4909,app_open,2025-02-11
4909,app_open,2025-02-12
4909,app_open,2025-02-18
4910,app_open,2025-02-05
4910,app_open,2025-02-06
4910,app_open,2025-02-08
4910,app_open,2025-02-12
4911,app_open,2025-03-08
4911,app_open,2025-03-09
4911,app_open,2025-03-15
4912,app_open,2025-02-28
4912,app_open,2025-03-01
4913,app_open,2025-01-02
4913,app_open,2025-01-05
4913,app_open,2025-01-09
4914,app_open,2025-03-21
4915,app_open,2025-03-17
4915,app_open,2025-03-20
4916,app_open,2025-03-08
4917,app_open,2025-02-23
4917,app_open,2025-02-26
4917,app_open,2025-03-02
4917,app_open,2025-03-23
4918,app_open,2025-01-15
4919,app_open,2025-02-23
4920,app_open,2025-01-20
4920,app_open,2025-02-03
4921,app_open,2025-01-19
4921,app_open,2025-01-20
4922,app_open,2025-03-14
4922,app_open,2025-03-21
4923,app_open,2025-03-17
4923,app_open,2025-03-18
4923,app_open,2025-03-20
4923,app_open,2025-03-24
4924,app_open,2025-03-16
4924,app_open,2025-03-17
4924,app_open,2025-03-23
4925,app_open,2025-01-13
4925,app_open,2025-01-14
4925,app_open,2025-01-16
4926,app_open,2025-01-14
4926,app_open,2025-01-15
4926,app_open,2025-01-17
4927,app_open,2025-03-14
4928,app_open,2025-01-13
4928,app_open,2025-01-14
4929,app_open,2025-02-06
4929,app_open,2025-02-07
4930,app_open,2025-03-10
4930,app_open,2025-03-11
4930,app_open,2025-03-24
4931,app_open,2025-02-14
4931,app_open,2025-02-15
4931,app_open,2025-02-28
4932,app_open,2025-02-22
4932,app_open,2025-02-23
4933,app_open,2025-02-03
4933,app_open,2025-02-10
4934,app_open,2025-02-19
4934,app_open,2025-02-20
4934,app_open,2025-02-22
4935,app_open,2025-03-04
4935,app_open,2025-03-05
4936,app_open,2025-03-15
4937,app_open,2025-03-19
4938,app_open,2025-03-02
4938,app_open,2025-03-03
4939,app_open,2025-01-05
4940,app_open,2025-01-23
4940,app_open,2025-01-24
4941,app_open,2025-02-05
4941,app_open,2025-02-12
4942,app_open,2025-02-21
4943,app_open,2025-01-19
4943,app_open,2025-01-20
4943,app_open,2025-01-22
4944,app_open,2025-03-21
4945,app_open,2025-03-19
4946,app_open,2025-02-21
4946,app_open,2025-02-22
4947,app_open,2025-01-05
4947,app_open,2025-01-06
4948,app_open,2025-02-20
4948,app_open,2025-03-20
4949,app_open,2025-02-12
4950,app_open,2025-01-31
4950,app_open,2025-02-01
4951,app_open,2025-01-07
4951,app_open,2025-01-08
4952,app_open,2025-03-02
4952,app_open,2025-03-03
4952,app_open,2025-03-05
4953,app_open,2025-02-04
4953,app_open,2025-02-11
4954,app_open,2025-02-17
4954,app_open,2025-02-18
4954,app_open,2025-03-03
4955,app_open,2025-01-03
4955,app_open,2025-01-06
4956,app_open,2025-02-13
4956,app_open,2025-02-14
4956,app_open,2025-02-20
4956,app_open,2025-03-13
4957,app_open,2025-02-08
4957,app_open,2025-02-11
4958,app_open,2025-02-09
4958,app_open,2025-02-10
4958,app_open,2025-02-16
4959,app_open,2025-02-05
4959,app_open,2025-02-08
4960,app_open,2025-03-04
4960,app_open,2025-03-18
4961,app_open,2025-01-13
4961,app_open,2025-01-14
4961,app_open,2025-01-16
4962,app_open,2025-01-30
4962,app_open,2025-01-31
4962,app_open,2025-02-02
4962,app_open,2025-02-13
4962,app_open,2025-02-27
4963,app_open,2025-01-18
4963,app_open,2025-01-19
4964,app_open,2025-02-08
4964,app_open,2025-02-11
4965,app_open,2025-02-26
4966,app_open,2025-02-11
4966,app_open,2025-02-12
4967,app_open,2025-02-04
4968,app_open,2025-02-23
4969,app_open,2025-03-19
4969,app_open,2025-03-20
4969,app_open,2025-03-22
4969,app_open,2025-03-26
4970,app_open,2025-01-12
4970,app_open,2025-01-15
4971,app_open,2025-01-25
4971,app_open,2025-01-26
4971,app_open,2025-01-28
4971,app_open,2025-02-22
4972,app_open,2025-02-26
4972,app_open,2025-02-27
4972,app_open,2025-03-01
4973,app_open,2025-01-28
4973,app_open,2025-02-11
4974,app_open,2025-02-22
4974,app_open,2025-02-23
4975,app_open,2025-03-04
4975,app_open,2025-03-07
4976,app_open,2025-03-08
4977,app_open,2025-02-17
4977,app_open,2025-02-20
4978,app_open,2025-01-08
4978,app_open,2025-01-09
4979,app_open,2025-03-07
4979,app_open,2025-03-08
4979,app_open,2025-03-10
4980,app_open,2025-01-21
4981,app_open,2025-01-09
4982,app_open,2025-02-09
4983,app_open,2025-03-06
4984,app_open,2025-02-21
4984,app_open,2025-02-22
4984,app_open,2025-03-07
4985,app_open,2025-01-18
4985,app_open,2025-01-19
4986,app_open,2025-03-09
4987,app_open,2025-03-14
4987,app_open,2025-03-15
4988,app_open,2025-01-04
4988,app_open,2025-01-05
4989,app_open,2025-01-23
4989,app_open,2025-01-24
4989,app_open,2025-02-20
4990,app_open,2025-01-25
4990,app_open,2025-01-28
4991,app_open,2025-01-26
4991,app_open,2025-01-27
4991,app_open,2025-01-29
4991,app_open,2025-02-23
4992,app_open,2025-01-08
4992,app_open,2025-01-09
4993,app_open,2025-02-01
4993,app_open,2025-02-08
4993,app_open,2025-02-15
4994,app_open,2025-01-05
4994,app_open,2025-01-06
4994,app_open,2025-01-08
4995,app_open,2025-02-28
4995,app_open,2025-03-07
4996,app_open,2025-01-07
4996,app_open,2025-01-08
4997,app_open,2025-02-16
4997,app_open,2025-02-17
4997,app_open,2025-03-16
4998,app_open,2025-01-26
4998,app_open,2025-01-27
4999,app_open,2025-02-05
5000,app_open,2025-02-17
5001,app_open,2025-03-01
5002,app_open,2025-03-06
5002,app_open,2025-03-07
5002,app_open,2025-03-09
5003,app_open,2025-02-20
5003,app_open,2025-02-27
5003,app_open,2025-03-06
5004,app_open,2025-01-16
5004,app_open,2025-01-19
5005,app_open,2025-01-04
5006,app_open,2025-01-31
5006,app_open,2025-02-01
5006,app_open,2025-02-03
5007,app_open,2025-02-17
5007,app_open,2025-02-18
5007,app_open,2025-03-03
5008,app_open,2025-03-04
5008,app_open,2025-03-05
5009,app_open,2025-03-18
5009,app_open,2025-03-19
5009,app_open,2025-03-25
5010,app_open,2025-02-27
5010,app_open,2025-03-13
5011,app_open,2025-01-23
5012,app_open,2025-03-02
5012,app_open,2025-03-03
5012,app_open,2025-03-16
5013,app_open,2025-03-17
5014,app_open,2025-03-12
5015,app_open,2025-02-14
5015,app_open,2025-02-21
5015,app_open,2025-02-28
5016,app_open,2025-02-14
5016,app_open,2025-02-15
5016,app_open,2025-02-17
5017,app_open,2025-01-21
5017,app_open,2025-01-22
5018,app_open,2025-02-03
5018,app_open,2025-02-04
5018,app_open,2025-02-10
5019,app_open,2025-01-12
5020,app_open,2025-02-06
5020,app_open,2025-02-07
5020,app_open,2025-02-20
5021,app_open,2025-01-04
5021,app_open,2025-01-07
5021,app_open,2025-01-18
5022,app_open,2025-02-19
5022,app_open,2025-02-20
5023,app_open,2025-01-07
5023,app_open,2025-01-08
5023,app_open,2025-01-10
5024,app_open,2025-01-21
5024,app_open,2025-01-24
5024,app_open,2025-02-04
5025,app_open,2025-03-15
5025,app_open,2025-03-16
5025,app_open,2025-03-18
5026,app_open,2025-01-28
5026,app_open,2025-01-31
5027,app_open,2025-01-29
5027,app_open,2025-01-30
5028,app_open,2025-01-29
5028,app_open,2025-01-30
5028,app_open,2025-02-01
5029,app_open,2025-01-27
5029,app_open,2025-01-28
5029,app_open,2025-01-30
5030,app_open,2025-02-04
5030,app_open,2025-02-05
5030,app_open,2025-02-07
5031,app_open,2025-02-22
5031,app_open,2025-02-25
5032,app_open,2025-03-07
5032,app_open,2025-03-08
5032,app_open,2025-03-10
5032,app_open,2025-03-21
5033,app_open,2025-01-03
5033,app_open,2025-01-04
5033,app_open,2025-01-06
5034,app_open,2025-01-02
5035,app_open,2025-03-02
5036,app_open,2025-01-17
5037,app_open,2025-01-23
5037,app_open,2025-02-20
5038,app_open,2025-03-18
5038,app_open,2025-03-19
5038,app_open,2025-03-21
5039,app_open,2025-01-02
5040,app_open,2025-01-29
5040,app_open,2025-01-30
5040,app_open,2025-02-01
5040,app_open,2025-02-05
5040,app_open,2025-02-26
5041,app_open,2025-02-02
5041,app_open,2025-02-05
5041,app_open,2025-02-09
5042,app_open,2025-03-19
5043,app_open,2025-02-09
5043,app_open,2025-02-10
5043,app_open,2025-02-12
5044,app_open,2025-02-05
5044,app_open,2025-02-06
5044,app_open,2025-02-08
5044,app_open,2025-02-12
5045,app_open,2025-02-24
5045,app_open,2025-02-25
5045,app_open,2025-02-27
5045,app_open,2025-03-03
5046,app_open,2025-02-18
5047,app_open,2025-02-14
5048,app_open,2025-02-28
5048,app_open,2025-03-01
5049,app_open,2025-02-02
5049,app_open,2025-02-03
5049,app_open,2025-02-09
5050,app_open,2025-01-28
5050,app_open,2025-01-31
5050,app_open,2025-02-04
5051,app_open,2025-03-01
5051,app_open,2025-03-04
5052,app_open,2025-02-08
5052,app_open,2025-02-09
5053,app_open,2025-03-08
5053,app_open,2025-03-09
5054,app_open,2025-03-21
5054,app_open,2025-03-22
5054,app_open,2025-03-24
5055,app_open,2025-02-20
5055,app_open,2025-02-21
5056,app_open,2025-03-16
5057,app_open,2025-01-14
5057,app_open,2025-01-15
5058,app_open,2025-01-01
5058,app_open,2025-01-02
5058,app_open,2025-01-04
5059,app_open,2025-03-07
5059,app_open,2025-03-10
5060,app_open,2025-02-17
5061,app_open,2025-03-13
5061,app_open,2025-03-14
5061,app_open,2025-03-20
5062,app_open,2025-03-18
5062,app_open,2025-03-21
5063,app_open,2025-03-19
5064,app_open,2025-02-06
5064,app_open,2025-02-07
5064,app_open,2025-02-09
5064,app_open,2025-02-20
5064,app_open,2025-03-06
5065,app_open,2025-02-08
5065,app_open,2025-02-09
5066,app_open,2025-01-14
5066,app_open,2025-01-15
5066,app_open,2025-02-11
5067,app_open,2025-03-03
5067,app_open,2025-03-04
5067,app_open,2025-03-06
5068,app_open,2025-01-09
5068,app_open,2025-01-12
5068,app_open,2025-01-16
5069,app_open,2025-02-13
5069,app_open,2025-02-16
5069,app_open,2025-02-20
5070,app_open,2025-02-05
5071,app_open,2025-02-11
5071,app_open,2025-02-18
5072,app_open,2025-02-05
5072,app_open,2025-03-05
5073,app_open,2025-02-03
5074,app_open,2025-02-08
5074,app_open,2025-02-09
5075,app_open,2025-01-25
5075,app_open,2025-01-26
5075,app_open,2025-02-22
5076,app_open,2025-01-20
5077,app_open,2025-03-08
5077,app_open,2025-03-09
5078,app_open,2025-01-31
5078,app_open,2025-02-01
5079,app_open,2025-01-08
5079,app_open,2025-01-09
5080,app_open,2025-03-18
5080,app_open,2025-03-19
5080,app_open,2025-03-21
5081,app_open,2025-02-21
5082,app_open,2025-02-10
5082,app_open,2025-02-13
5083,app_open,2025-01-18
5084,app_open,2025-01-04
5084,app_open,2025-01-18
5085,app_open,2025-03-05
5085,app_open,2025-03-06
5085,app_open,2025-03-08
5086,app_open,2025-02-07
5086,app_open,2025-02-21
5087,app_open,2025-02-03
5088,app_open,2025-02-23
5089,app_open,2025-02-21
5090,app_open,2025-02-19
5090,app_open,2025-02-22
5091,app_open,2025-01-05
5092,app_open,2025-03-16
5093,app_open,2025-03-15
5093,app_open,2025-03-16
5093,app_open,2025-03-18
5094,app_open,2025-01-25
5094,app_open,2025-01-28
5095,app_open,2025-02-13
5095,app_open,2025-02-16
5096,app_open,2025-01-29
5097,app_open,2025-03-10
5098,app_open,2025-03-02
5098,app_open,2025-03-05
5099,app_open,2025-02-15
5099,app_open,2025-02-16
5099,app_open,2025-02-22
5100,app_open,2025-03-06
5100,app_open,2025-03-07
5100,app_open,2025-03-09
5101,app_open,2025-02-08
5101,app_open,2025-02-11
5102,app_open,2025-01-22
5102,app_open,2025-01-29
5102,app_open,2025-02-19
5103,app_open,2025-03-13
5103,app_open,2025-03-14
5103,app_open,2025-03-16
5103,app_open,2025-03-20
5104,app_open,2025-01-24
5104,app_open,2025-01-25
5104,app_open,2025-01-31
5104,app_open,2025-02-21
5105,app_open,2025-02-07
5105,app_open,2025-02-10
5106,app_open,2025-01-13
5106,app_open,2025-01-14
5106,app_open,2025-01-27
5106,app_open,2025-02-10
5107,app_open,2025-03-02
5107,app_open,2025-03-03
5108,app_open,2025-01-17
5108,app_open,2025-01-18
5109,app_open,2025-02-03
5110,app_open,2025-03-13
5111,app_open,2025-01-24
5111,app_open,2025-01-25
5111,app_open,2025-02-07
5112,app_open,2025-02-12
5113,app_open,2025-01-12
5113,app_open,2025-01-13
5113,app_open,2025-02-09
5114,app_open,2025-01-29
5115,app_open,2025-02-15
5116,app_open,2025-01-29
5116,app_open,2025-01-30
5116,app_open,2025-02-01
5116,app_open,2025-02-05
5116,app_open,2025-02-26
5117,app_open,2025-02-09
5117,app_open,2025-02-10
5118,app_open,2025-02-23
5118,app_open,2025-02-26
5119,app_open,2025-02-12
5119,app_open,2025-02-13
5119,app_open,2025-02-26
5120,app_open,2025-02-17
5120,app_open,2025-02-18
5120,app_open,2025-02-20
5121,app_open,2025-02-03
5122,app_open,2025-03-16
5122,app_open,2025-03-17
5122,app_open,2025-03-23
5123,app_open,2025-02-07
5124,app_open,2025-03-01
5124,app_open,2025-03-08
5125,app_open,2025-01-16
5126,app_open,2025-03-02
5126,app_open,2025-03-03
5126,app_open,2025-03-05
5127,app_open,2025-01-07
5128,app_open,2025-03-16
5129,app_open,2025-03-16
5129,app_open,2025-03-17
5129,app_open,2025-03-23
5130,app_open,2025-03-21
5130,app_open,2025-03-28
5131,app_open,2025-01-10
5131,app_open,2025-01-11
5131,app_open,2025-01-13
5132,app_open,2025-03-02
5132,app_open,2025-03-03
5133,app_open,2025-01-25
5134,app_open,2025-03-06
5134,app_open,2025-03-20
5135,app_open,2025-01-16
5135,app_open,2025-01-17
5135,app_open,2025-01-19
5136,app_open,2025-02-18
5136,app_open,2025-03-04
5137,app_open,2025-03-09
5137,app_open,2025-03-12
5137,app_open,2025-03-23
5138,app_open,2025-02-08
5138,app_open,2025-02-11
5139,app_open,2025-02-22
5139,app_open,2025-02-23
5140,app_open,2025-01-07
5140,app_open,2025-01-08
5140,app_open,2025-01-14
5141,app_open,2025-01-20
5141,app_open,2025-01-21
5142,app_open,2025-01-18
5142,app_open,2025-01-21
5143,app_open,2025-01-26
5143,app_open,2025-01-27
5144,app_open,2025-02-13
5144,app_open,2025-02-14
5145,app_open,2025-02-22
5145,app_open,2025-02-25
5145,app_open,2025-03-22
5146,app_open,2025-03-14
5146,app_open,2025-03-15
5147,app_open,2025-02-28
5147,app_open,2025-03-01
5148,app_open,2025-01-19
5148,app_open,2025-01-20
5149,app_open,2025-02-10
5149,app_open,2025-03-10
5150,app_open,2025-01-24
5150,app_open,2025-01-25
5151,app_open,2025-01-11
5151,app_open,2025-01-12
5152,app_open,2025-03-04
5152,app_open,2025-03-05
5152,app_open,2025-03-07
5152,app_open,2025-03-18
5153,app_open,2025-02-12
5153,app_open,2025-02-13
5153,app_open,2025-02-15
5154,app_open,2025-03-22
5155,app_open,2025-01-23
5155,app_open,2025-01-24
5156,app_open,2025-02-10
5157,app_open,2025-01-08
5157,app_open,2025-01-09
5157,app_open,2025-01-11
5158,app_open,2025-01-01
5159,app_open,2025-02-27
5159,app_open,2025-03-02
5160,app_open,2025-02-05
5160,app_open,2025-02-08
5161,app_open,2025-01-27
5161,app_open,2025-01-28
5161,app_open,2025-01-30
5161,app_open,2025-02-03
5162,app_open,2025-01-22
5162,app_open,2025-01-23
5163,app_open,2025-03-15
5163,app_open,2025-03-16
5163,app_open,2025-03-18
5164,app_open,2025-01-21
5164,app_open,2025-01-22
5165,app_open,2025-03-04
5165,app_open,2025-03-05
5165,app_open,2025-03-07
5165,app_open,2025-03-18
5166,app_open,2025-01-12
5166,app_open,2025-01-13
5167,app_open,2025-01-17
5167,app_open,2025-01-18
5167,app_open,2025-01-20
5167,app_open,2025-01-31
5168,app_open,2025-03-20
5168,app_open,2025-03-21
5169,app_open,2025-02-25
5169,app_open,2025-02-26
5169,app_open,2025-02-28
5170,app_open,2025-02-24
5170,app_open,2025-02-25
5170,app_open,2025-03-03
5171,app_open,2025-02-21
5171,app_open,2025-02-24
5172,app_open,2025-02-24
5172,app_open,2025-02-25
5172,app_open,2025-03-03
5172,app_open,2025-03-10
5173,app_open,2025-03-03
5173,app_open,2025-03-04
5174,app_open,2025-02-19
5174,app_open,2025-02-20
5174,app_open,2025-02-26
5175,app_open,2025-01-01
5175,app_open,2025-01-02
5176,app_open,2025-01-05
5176,app_open,2025-01-06
5176,app_open,2025-01-08
5176,app_open,2025-01-12
5177,app_open,2025-03-10
5177,app_open,2025-03-17
5178,app_open,2025-01-26
5178,app_open,2025-01-27
5179,app_open,2025-02-17
5180,app_open,2025-01-02
5180,app_open,2025-01-03
5180,app_open,2025-01-16
5181,app_open,2025-02-11
5181,app_open,2025-02-12
5182,app_open,2025-03-09
5183,app_open,2025-01-25
5183,app_open,2025-01-26
5184,app_open,2025-01-03
5184,app_open,2025-01-06
5184,app_open,2025-01-31
5185,app_open,2025-01-01
5185,app_open,2025-01-04
5186,app_open,2025-03-22
5186,app_open,2025-03-23
5187,app_open,2025-02-01
5187,app_open,2025-02-02
5187,app_open,2025-02-04
5187,app_open,2025-02-08
5187,app_open,2025-03-01
5188,app_open,2025-01-29
5188,app_open,2025-01-30
5189,app_open,2025-02-14
5189,app_open,2025-02-15
5189,app_open,2025-02-17
5190,app_open,2025-02-09
5191,app_open,2025-01-17
5191,app_open,2025-01-20
5192,app_open,2025-01-14
5192,app_open,2025-01-15
5193,app_open,2025-02-19
5193,app_open,2025-02-20
5193,app_open,2025-02-26
5194,app_open,2025-03-06
5194,app_open,2025-03-07
5194,app_open,2025-03-13
5194,app_open,2025-03-20
5195,app_open,2025-03-17
5195,app_open,2025-03-20
5196,app_open,2025-02-09
5197,app_open,2025-01-22
5197,app_open,2025-01-25
5197,app_open,2025-01-29
5198,app_open,2025-01-09
5198,app_open,2025-01-10
5198,app_open,2025-02-06
5199,app_open,2025-01-06
5199,app_open,2025-01-07
5200,app_open,2025-02-08
5200,app_open,2025-02-22
5200,app_open,2025-03-08
5201,app_open,2025-02-07
5201,app_open,2025-02-08
5201,app_open,2025-02-10
5202,app_open,2025-02-28
5202,app_open,2025-03-03
5203,app_open,2025-03-08
5203,app_open,2025-03-11
5204,app_open,2025-03-18
5205,app_open,2025-03-09
5205,app_open,2025-03-10
5206,app_open,2025-02-13
5207,app_open,2025-02-25
5207,app_open,2025-02-26
5208,app_open,2025-01-18
5209,app_open,2025-02-13
5209,app_open,2025-02-16
5210,app_open,2025-03-04
5210,app_open,2025-03-07
5210,app_open,2025-03-11
5211,app_open,2025-02-15
5212,app_open,2025-01-25
5213,app_open,2025-01-22
5213,app_open,2025-01-29
5214,app_open,2025-02-21
5214,app_open,2025-02-22
5214,app_open,2025-03-07
5215,app_open,2025-01-03
5215,app_open,2025-01-10
5215,app_open,2025-01-17
5216,app_open,2025-01-30
5216,app_open,2025-01-31
5217,app_open,2025-01-29
5217,app_open,2025-01-30
5217,app_open,2025-02-01
5218,app_open,2025-01-17
5218,app_open,2025-01-18
5219,app_open,2025-01-28
5219,app_open,2025-01-29
5219,app_open,2025-01-31
5219,app_open,2025-02-04
5220,app_open,2025-01-03
5221,app_open,2025-03-17
5222,app_open,2025-03-06
5222,app_open,2025-03-07
5222,app_open,2025-03-09
5223,app_open,2025-01-22
5223,app_open,2025-02-19
5224,app_open,2025-01-16
5224,app_open,2025-01-17
5225,app_open,2025-02-16
5225,app_open,2025-02-17
5225,app_open,2025-03-02
5226,app_open,2025-01-05
5226,app_open,2025-01-06
5226,app_open,2025-01-08
5226,app_open,2025-01-12
5227,app_open,2025-02-18
5228,app_open,2025-02-02
5228,app_open,2025-02-03
5228,app_open,2025-02-05
5229,app_open,2025-03-10
5229,app_open,2025-03-24
5230,app_open,2025-03-21
5230,app_open,2025-03-22
5231,app_open,2025-01-07
5231,app_open,2025-01-08
5231,app_open,2025-01-10
5231,app_open,2025-01-21
5232,app_open,2025-03-18
5232,app_open,2025-03-19
5233,app_open,2025-01-07
5234,app_open,2025-01-14
5235,app_open,2025-01-03
5235,app_open,2025-01-04
5235,app_open,2025-01-06
5236,app_open,2025-01-07
5236,app_open,2025-01-10
5237,app_open,2025-01-15
5237,app_open,2025-01-16
5237,app_open,2025-01-18
5238,app_open,2025-02-23
5238,app_open,2025-02-24
5238,app_open,2025-02-26
5239,app_open,2025-02-26
5239,app_open,2025-03-12
5240,app_open,2025-02-18
5240,app_open,2025-02-21
5240,app_open,2025-02-25
5241,app_open,2025-01-16
5241,app_open,2025-01-19
5242,app_open,2025-03-12
5243,app_open,2025-02-02
5243,app_open,2025-02-03
5244,app_open,2025-03-02
5244,app_open,2025-03-09
5245,app_open,2025-01-20
5245,app_open,2025-01-21
5245,app_open,2025-01-23
5245,app_open,2025-02-03
5246,app_open,2025-01-27
5246,app_open,2025-01-28
5247,app_open,2025-03-22
5248,app_open,2025-01-02
5248,app_open,2025-01-03
5248,app_open,2025-01-30
5249,app_open,2025-02-08
5249,app_open,2025-02-09
5249,app_open,2025-02-15
5250,app_open,2025-02-23
5250,app_open,2025-02-24
5250,app_open,2025-03-09
5251,app_open,2025-01-13
5251,app_open,2025-01-14
5252,app_open,2025-03-08
5252,app_open,2025-03-09
5253,app_open,2025-02-04
5254,app_open,2025-03-21
5254,app_open,2025-03-22
5255,app_open,2025-03-19
5255,app_open,2025-03-20
5255,app_open,2025-03-26
5256,app_open,2025-01-18
5256,app_open,2025-01-19
5257,app_open,2025-02-23
5258,app_open,2025-01-14
5259,app_open,2025-03-07
5259,app_open,2025-03-10
5259,app_open,2025-03-14
5260,app_open,2025-03-21
5260,app_open,2025-03-24
5260,app_open,2025-03-28
5261,app_open,2025-01-16
5261,app_open,2025-01-17
5261,app_open,2025-01-23
5261,app_open,2025-02-13
5262,app_open,2025-02-06
5262,app_open,2025-02-07
5263,app_open,2025-01-15
5263,app_open,2025-01-16
5263,app_open,2025-01-18
5264,app_open,2025-01-14
5265,app_open,2025-03-05
5266,app_open,2025-01-26
5266,app_open,2025-01-27
5266,app_open,2025-02-09
5267,app_open,2025-03-19
5268,app_open,2025-01-26
5268,app_open,2025-01-27
5268,app_open,2025-01-29
5269,app_open,2025-02-03
5269,app_open,2025-02-04
5269,app_open,2025-02-06
5270,app_open,2025-03-08
5271,app_open,2025-01-26
5271,app_open,2025-01-27
5272,app_open,2025-02-15
5272,app_open,2025-02-16
5272,app_open,2025-03-01
5273,app_open,2025-02-22
5273,app_open,2025-02-23
5274,app_open,2025-02-07
5274,app_open,2025-02-08
5274,app_open,2025-02-10
5274,app_open,2025-03-07
5275,app_open,2025-01-21
5275,app_open,2025-01-22
5275,app_open,2025-01-28
5276,app_open,2025-01-06
5276,app_open,2025-01-07
5277,app_open,2025-03-12
5277,app_open,2025-03-13
5277,app_open,2025-03-19
5278,app_open,2025-03-05
5278,app_open,2025-03-06
5279,app_open,2025-01-27
5279,app_open,2025-01-30
5280,app_open,2025-03-03
5280,app_open,2025-03-04
5281,app_open,2025-02-12
5281,app_open,2025-02-15
5281,app_open,2025-02-19
5282,app_open,2025-01-31
5283,app_open,2025-01-01
5283,app_open,2025-01-02
5284,app_open,2025-01-02
5284,app_open,2025-01-05
5285,app_open,2025-01-12
5285,app_open,2025-01-13
5286,app_open,2025-01-15
5286,app_open,2025-01-16
5286,app_open,2025-01-18
5287,app_open,2025-03-15
5288,app_open,2025-03-05
5288,app_open,2025-03-06
5289,app_open,2025-01-20
5289,app_open,2025-01-21
5289,app_open,2025-01-23
5290,app_open,2025-01-12
5290,app_open,2025-01-13
5290,app_open,2025-01-19
5290,app_open,2025-01-26
5291,app_open,2025-03-07
5292,app_open,2025-01-10
5293,app_open,2025-01-13
5294,app_open,2025-02-02
5294,app_open,2025-02-05
5295,app_open,2025-01-30
5295,app_open,2025-01-31
5295,app_open,2025-02-02
5296,app_open,2025-02-28
5296,app_open,2025-03-03
5296,app_open,2025-03-28
5297,app_open,2025-02-07
5297,app_open,2025-02-08
5297,app_open,2025-02-10
5298,app_open,2025-02-03
5298,app_open,2025-02-10
5299,app_open,2025-03-01
5299,app_open,2025-03-02
5300,app_open,2025-01-07
5300,app_open,2025-01-08
5300,app_open,2025-01-14
5301,app_open,2025-01-13
5301,app_open,2025-01-14
5302,app_open,2025-01-23
5302,app_open,2025-01-24
5303,app_open,2025-01-06
5303,app_open,2025-01-07
5304,app_open,2025-02-07
5304,app_open,2025-02-08
5304,app_open,2025-02-10
5305,app_open,2025-02-16
5305,app_open,2025-02-19
5305,app_open,2025-03-16
5306,app_open,2025-02-10
5307,app_open,2025-02-24
5308,app_open,2025-01-15
5308,app_open,2025-01-16
5308,app_open,2025-01-29
5309,app_open,2025-01-13
5309,app_open,2025-01-16
5309,app_open,2025-02-10
5310,app_open,2025-01-06
5311,app_open,2025-01-02
5311,app_open,2025-01-09
5311,app_open,2025-01-16
5312,app_open,2025-01-18
5312,app_open,2025-02-15
5313,app_open,2025-01-22
5313,app_open,2025-01-29
5314,app_open,2025-02-12
5314,app_open,2025-02-15
5315,app_open,2025-02-15
5315,app_open,2025-03-15
5316,app_open,2025-02-26
5316,app_open,2025-02-27
5317,app_open,2025-03-21
5317,app_open,2025-03-22
5317,app_open,2025-03-24
5318,app_open,2025-02-04
5318,app_open,2025-02-18
5319,app_open,2025-01-12
5319,app_open,2025-01-13
5320,app_open,2025-02-17
5320,app_open,2025-02-18
5320,app_open,2025-03-03
5321,app_open,2025-02-13
5321,app_open,2025-02-27
5322,app_open,2025-01-24
5322,app_open,2025-01-25
5323,app_open,2025-01-15
5323,app_open,2025-01-29
5324,app_open,2025-02-21
5325,app_open,2025-02-21
5325,app_open,2025-02-24
5326,app_open,2025-02-28
5327,app_open,2025-02-04
5327,app_open,2025-02-05
5327,app_open,2025-02-07
5328,app_open,2025-02-19
5328,app_open,2025-02-22
5329,app_open,2025-03-03
5329,app_open,2025-03-04
5330,app_open,2025-02-23
5331,app_open,2025-01-22
5332,app_open,2025-01-15
5333,app_open,2025-01-17
5333,app_open,2025-01-18
5334,app_open,2025-01-08
5334,app_open,2025-01-09
5335,app_open,2025-01-21
5335,app_open,2025-01-22
5336,app_open,2025-01-14
5337,app_open,2025-02-23
5337,app_open,2025-02-24
5338,app_open,2025-03-17
5338,app_open,2025-03-18
5339,app_open,2025-03-03
5340,app_open,2025-03-14
5340,app_open,2025-03-15
5340,app_open,2025-03-17
5340,app_open,2025-03-28
5341,app_open,2025-02-26
5341,app_open,2025-02-27
5342,app_open,2025-01-24
5342,app_open,2025-01-25
5343,app_open,2025-03-20
5343,app_open,2025-03-21
5343,app_open,2025-03-23
5344,app_open,2025-02-18
5345,app_open,2025-02-15
5346,app_open,2025-03-20
5346,app_open,2025-03-21
5346,app_open,2025-03-23
5346,app_open,2025-03-27
5347,app_open,2025-01-04
5348,app_open,2025-01-17
5348,app_open,2025-01-18
5349,app_open,2025-03-03
5350,app_open,2025-03-04
5350,app_open,2025-03-11
5351,app_open,2025-01-15
5351,app_open,2025-01-16
5351,app_open,2025-01-18
5351,app_open,2025-02-12
5352,app_open,2025-02-22
5353,app_open,2025-02-26
5354,app_open,2025-01-06
5354,app_open,2025-01-20
5355,app_open,2025-01-09
5355,app_open,2025-01-10
5355,app_open,2025-01-12
5356,app_open,2025-02-03
5356,app_open,2025-02-06
5357,app_open,2025-02-10
5357,app_open,2025-02-11
5357,app_open,2025-02-13
5357,app_open,2025-02-24
5357,app_open,2025-03-10
5358,app_open,2025-01-02
5358,app_open,2025-01-03
5358,app_open,2025-01-09
5359,app_open,2025-03-09
5359,app_open,2025-03-12
5359,app_open,2025-03-16
5360,app_open,2025-03-15
5361,app_open,2025-03-14
5361,app_open,2025-03-15
5362,app_open,2025-01-29
5362,app_open,2025-01-30
5362,app_open,2025-02-01
5363,app_open,2025-02-13
5363,app_open,2025-02-16
5363,app_open,2025-02-27
5364,app_open,2025-03-08
5364,app_open,2025-03-22
5365,app_open,2025-03-08
5365,app_open,2025-03-09
5365,app_open,2025-03-22
5366,app_open,2025-03-21
5367,app_open,2025-01-13
5367,app_open,2025-01-14
5368,app_open,2025-02-25
5368,app_open,2025-02-26
5369,app_open,2025-02-01
5369,app_open,2025-02-02
5369,app_open,2025-02-04
5370,app_open,2025-03-03
5371,app_open,2025-02-14
5372,app_open,2025-02-19
5372,app_open,2025-02-20
5373,app_open,2025-01-20
5374,app_open,2025-03-13
5374,app_open,2025-03-16
5375,app_open,2025-03-20
5376,app_open,2025-01-07
5376,app_open,2025-01-08
5376,app_open,2025-01-10
5377,app_open,2025-01-02
5377,app_open,2025-01-05
5378,app_open,2025-01-21
5378,app_open,2025-01-22
5379,app_open,2025-03-06
5379,app_open,2025-03-07
5379,app_open,2025-03-20
5380,app_open,2025-03-02
5380,app_open,2025-03-03
5380,app_open,2025-03-09
5381,app_open,2025-03-05
5381,app_open,2025-03-06
5382,app_open,2025-01-22
5383,app_open,2025-01-10
5383,app_open,2025-01-24
5384,app_open,2025-03-04
5385,app_open,2025-02-11
5385,app_open,2025-02-18
5385,app_open,2025-03-11
5386,app_open,2025-01-31
5386,app_open,2025-02-01
5387,app_open,2025-02-12
5387,app_open,2025-02-15
5388,app_open,2025-02-05
5388,app_open,2025-02-06
5389,app_open,2025-01-07
5390,app_open,2025-03-06
5391,app_open,2025-01-29
5392,app_open,2025-03-12
5393,app_open,2025-02-18
5393,app_open,2025-02-25
5393,app_open,2025-03-04
5394,app_open,2025-02-21
5394,app_open,2025-02-28
5394,app_open,2025-03-07
5395,app_open,2025-01-31
5395,app_open,2025-02-01
5395,app_open,2025-02-03
5395,app_open,2025-02-28
5396,app_open,2025-01-11
5396,app_open,2025-01-12
5396,app_open,2025-01-14
5397,app_open,2025-02-28
5397,app_open,2025-03-01
5397,app_open,2025-03-28
5398,app_open,2025-02-26
5398,app_open,2025-03-01
5399,app_open,2025-03-15
5399,app_open,2025-03-16
5400,app_open,2025-02-27
5401,app_open,2025-01-12
5402,app_open,2025-03-05
5402,app_open,2025-03-08
5403,app_open,2025-02-27
5404,app_open,2025-02-10
5404,app_open,2025-02-11
5405,app_open,2025-01-16
5405,app_open,2025-01-17
5406,app_open,2025-03-05
5406,app_open,2025-03-06
5407,app_open,2025-01-03
5407,app_open,2025-01-04
5408,app_open,2025-01-14
5409,app_open,2025-02-21
5409,app_open,2025-02-22
5410,app_open,2025-02-22
5410,app_open,2025-02-25
5411,app_open,2025-01-05
5411,app_open,2025-01-06
5412,app_open,2025-03-13
5412,app_open,2025-03-14
5412,app_open,2025-03-27
5413,app_open,2025-03-12
5413,app_open,2025-03-13
5414,app_open,2025-01-01
5414,app_open,2025-01-02
5415,app_open,2025-01-12
5416,app_open,2025-03-19
5416,app_open,2025-03-26
5417,app_open,2025-03-21
5417,app_open,2025-03-22
5417,app_open,2025-03-24
5418,app_open,2025-02-08
5418,app_open,2025-03-08
5419,app_open,2025-03-07
5420,app_open,2025-03-13
5421,app_open,2025-01-27
5421,app_open,2025-01-28
5422,app_open,2025-02-28
5422,app_open,2025-03-01
5422,app_open,2025-03-03
5423,app_open,2025-02-13
5423,app_open,2025-02-16
5423,app_open,2025-02-20
5424,app_open,2025-02-16
5424,app_open,2025-02-19
5425,app_open,2025-01-07
5425,app_open,2025-01-08
5426,app_open,2025-01-29
5427,app_open,2025-02-28
5427,app_open,2025-03-07
5428,app_open,2025-02-12
5428,app_open,2025-02-13
5429,app_open,2025-03-13
5429,app_open,2025-03-14
5429,app_open,2025-03-16
5430,app_open,2025-03-21
5430,app_open,2025-03-22
5431,app_open,2025-03-18
5431,app_open,2025-03-19
5431,app_open,2025-03-21
5432,app_open,2025-03-02
5432,app_open,2025-03-05
5433,app_open,2025-02-16
5434,app_open,2025-02-27
5434,app_open,2025-02-28
5434,app_open,2025-03-06
5434,app_open,2025-03-27
5435,app_open,2025-01-15
5435,app_open,2025-01-18
5436,app_open,2025-01-13
5437,app_open,2025-01-29
5437,app_open,2025-01-30
5438,app_open,2025-01-01
5438,app_open,2025-01-08
5439,app_open,2025-02-13
5439,app_open,2025-02-16
5439,app_open,2025-02-20
5440,app_open,2025-02-15
5440,app_open,2025-02-16
5441,app_open,2025-02-07
5441,app_open,2025-02-10
5441,app_open,2025-02-21
5442,app_open,2025-03-12
5442,app_open,2025-03-13
5442,app_open,2025-03-15
5443,app_open,2025-03-08
5444,app_open,2025-02-17
5444,app_open,2025-02-18
5444,app_open,2025-02-24
5444,app_open,2025-03-03
5445,app_open,2025-01-14
5445,app_open,2025-01-15
5446,app_open,2025-01-06
5446,app_open,2025-01-09
5446,app_open,2025-01-13
5447,app_open,2025-01-22
5447,app_open,2025-01-25
5448,app_open,2025-03-05
5448,app_open,2025-03-06
5448,app_open,2025-03-19
5449,app_open,2025-01-18
5449,app_open,2025-01-19
5450,app_open,2025-02-22
5450,app_open,2025-02-23
5450,app_open,2025-02-25
5450,app_open,2025-03-08
5451,app_open,2025-01-14
5451,app_open,2025-01-17
5452,app_open,2025-02-02
5452,app_open,2025-02-03
5453,app_open,2025-03-20
5453,app_open,2025-03-21
5454,app_open,2025-01-26
5454,app_open,2025-01-27
5455,app_open,2025-01-25
5455,app_open,2025-02-01
5456,app_open,2025-01-16
5456,app_open,2025-01-23
5457,app_open,2025-02-20
5458,app_open,2025-01-28
5458,app_open,2025-02-04
5459,app_open,2025-02-28
5459,app_open,2025-03-01
5459,app_open,2025-03-07
5459,app_open,2025-03-28
5460,app_open,2025-01-25
5460,app_open,2025-02-01
5461,app_open,2025-02-13
5461,app_open,2025-02-14
5462,app_open,2025-01-14
5463,app_open,2025-02-23
5463,app_open,2025-02-24
5463,app_open,2025-02-26
5464,app_open,2025-01-06
5464,app_open,2025-01-07
5464,app_open,2025-01-09
5465,app_open,2025-03-17
5466,app_open,2025-01-16
5466,app_open,2025-01-19
5467,app_open,2025-02-27
5467,app_open,2025-02-28
5467,app_open,2025-03-02
5467,app_open,2025-03-06
5468,app_open,2025-02-28
5468,app_open,2025-03-01
5469,app_open,2025-03-17
5469,app_open,2025-03-18
5469,app_open,2025-03-24
5470,app_open,2025-03-06
5470,app_open,2025-03-07
5471,app_open,2025-01-18
5471,app_open,2025-01-19
5472,app_open,2025-03-05
5472,app_open,2025-03-06
5472,app_open,2025-03-08
5472,app_open,2025-03-12
5473,app_open,2025-01-01
5473,app_open,2025-01-04
5473,app_open,2025-01-08
5473,app_open,2025-01-15
5474,app_open,2025-03-09
5474,app_open,2025-03-16
5475,app_open,2025-01-07
5475,app_open,2025-01-08
5476,app_open,2025-03-12
5476,app_open,2025-03-13
5477,app_open,2025-02-25
5477,app_open,2025-02-26
5477,app_open,2025-03-11
5478,app_open,2025-03-16
5478,app_open,2025-03-17
5479,app_open,2025-03-03
5479,app_open,2025-03-04
5479,app_open,2025-03-06
5480,app_open,2025-03-07
5480,app_open,2025-03-10
5481,app_open,2025-01-23
5482,app_open,2025-03-16
5482,app_open,2025-03-23
5482,app_open,2025-03-30
5483,app_open,2025-01-23
5484,app_open,2025-01-17
5484,app_open,2025-01-18
5485,app_open,2025-01-14
5486,app_open,2025-02-19
5486,app_open,2025-02-20
5487,app_open,2025-03-18
5487,app_open,2025-03-19
5487,app_open,2025-03-21
5488,app_open,2025-03-19
5488,app_open,2025-03-22
5489,app_open,2025-02-11
5489,app_open,2025-02-12
5490,app_open,2025-03-06
5491,app_open,2025-02-19
5491,app_open,2025-03-19
5492,app_open,2025-02-23
5492,app_open,2025-02-24
5493,app_open,2025-03-19
5493,app_open,2025-03-20
5494,app_open,2025-02-01
5494,app_open,2025-02-02
5494,app_open,2025-02-04
5495,app_open,2025-02-05
5495,app_open,2025-02-06
5496,app_open,2025-02-20
5497,app_open,2025-02-13
5497,app_open,2025-02-14
5498,app_open,2025-02-07
5498,app_open,2025-02-08
5498,app_open,2025-02-10
5499,app_open,2025-02-27
5500,app_open,2025-01-18
5500,app_open,2025-01-19
5501,app_open,2025-01-18
5501,app_open,2025-01-19
5501,app_open,2025-01-21
5502,app_open,2025-02-22
5502,app_open,2025-02-23
5503,app_open,2025-03-19
5504,app_open,2025-03-07
5504,app_open,2025-03-08
5504,app_open,2025-03-14
5505,app_open,2025-02-08
5505,app_open,2025-02-09
5505,app_open,2025-02-11
5506,app_open,2025-03-12
5506,app_open,2025-03-26
5507,app_open,2025-02-10
5507,app_open,2025-02-11
5507,app_open,2025-02-17
5508,app_open,2025-03-12
5508,app_open,2025-03-13
5509,app_open,2025-03-22
5510,app_open,2025-01-28
5510,app_open,2025-01-29
5511,app_open,2025-01-26
5512,app_open,2025-01-27
5512,app_open,2025-02-24
5513,app_open,2025-03-21
5513,app_open,2025-03-24
5514,app_open,2025-02-07
5514,app_open,2025-02-08
5515,app_open,2025-02-14
5516,app_open,2025-01-17
5516,app_open,2025-01-18
5516,app_open,2025-01-24
5517,app_open,2025-01-23
5517,app_open,2025-01-30
5518,app_open,2025-03-06
5518,app_open,2025-03-07
5519,app_open,2025-03-11
5520,app_open,2025-02-11
5521,app_open,2025-01-15
5521,app_open,2025-01-16
5521,app_open,2025-01-18
5522,app_open,2025-02-15
5522,app_open,2025-02-22
5523,app_open,2025-03-13
5524,app_open,2025-03-03
5525,app_open,2025-03-16
5526,app_open,2025-03-15
5526,app_open,2025-03-18
5527,app_open,2025-02-23
5528,app_open,2025-03-10
5529,app_open,2025-02-06
5529,app_open,2025-02-07
5529,app_open,2025-02-20
5530,app_open,2025-02-24
5530,app_open,2025-02-25
5531,app_open,2025-01-02
5531,app_open,2025-01-03
5531,app_open,2025-01-16
5532,app_open,2025-03-08
5533,app_open,2025-01-14
5533,app_open,2025-01-15
5534,app_open,2025-01-04
5534,app_open,2025-01-18
5535,app_open,2025-02-18
5536,app_open,2025-01-19
5536,app_open,2025-02-16
5537,app_open,2025-01-07
5537,app_open,2025-01-08
5538,app_open,2025-01-08
5538,app_open,2025-01-09
5538,app_open,2025-01-11
5539,app_open,2025-01-26
5539,app_open,2025-01-27
5539,app_open,2025-02-09
5540,app_open,2025-02-04
5541,app_open,2025-01-21
5541,app_open,2025-01-24
5542,app_open,2025-02-06
5542,app_open,2025-02-07
5542,app_open,2025-02-13
5543,app_open,2025-02-02
5543,app_open,2025-02-03
5543,app_open,2025-02-05
5543,app_open,2025-02-16
5544,app_open,2025-01-19
5544,app_open,2025-01-22
5544,app_open,2025-02-16
5545,app_open,2025-01-08
5545,app_open,2025-01-09
5545,app_open,2025-02-05
5546,app_open,2025-02-07
5546,app_open,2025-02-08
5547,app_open,2025-01-27
5547,app_open,2025-01-28
5547,app_open,2025-02-24
5548,app_open,2025-03-11
5548,app_open,2025-03-12
5549,app_open,2025-01-05
5550,app_open,2025-02-15
5550,app_open,2025-02-16
5551,app_open,2025-02-27
5552,app_open,2025-01-14
5552,app_open,2025-01-15
5552,app_open,2025-01-28
5553,app_open,2025-03-20
5554,app_open,2025-03-13
5554,app_open,2025-03-14
5555,app_open,2025-01-29
5555,app_open,2025-01-30
5555,app_open,2025-02-01
5556,app_open,2025-03-13
5556,app_open,2025-03-14
5556,app_open,2025-03-20
5557,app_open,2025-02-19
5557,app_open,2025-02-20
5558,app_open,2025-01-31
5558,app_open,2025-02-01
5559,app_open,2025-03-07
5559,app_open,2025-03-14
5560,app_open,2025-02-06
5560,app_open,2025-03-06
5561,app_open,2025-01-07
5562,app_open,2025-02-18
5563,app_open,2025-02-19
5563,app_open,2025-02-22
5564,app_open,2025-02-23
5564,app_open,2025-02-24
5565,app_open,2025-02-10
5565,app_open,2025-02-11
5565,app_open,2025-02-24
5565,app_open,2025-03-10
5566,app_open,2025-03-12
5566,app_open,2025-03-19
5567,app_open,2025-01-07
5567,app_open,2025-01-21
5568,app_open,2025-01-02
5569,app_open,2025-02-02
5569,app_open,2025-02-03
5570,app_open,2025-01-26
5570,app_open,2025-02-09
5571,app_open,2025-03-21
5571,app_open,2025-03-24
5572,app_open,2025-02-26
5572,app_open,2025-02-27
5573,app_open,2025-01-29
5573,app_open,2025-01-30
5574,app_open,2025-02-17
5574,app_open,2025-03-03
5575,app_open,2025-03-17
5575,app_open,2025-03-18
5575,app_open,2025-03-20
5576,app_open,2025-03-11
5576,app_open,2025-03-12
5577,app_open,2025-03-19
5578,app_open,2025-01-26
5578,app_open,2025-01-27
5578,app_open,2025-01-29
5578,app_open,2025-02-23
5579,app_open,2025-01-25
5580,app_open,2025-02-07
5580,app_open,2025-02-08
5581,app_open,2025-02-27
5581,app_open,2025-03-27
5582,app_open,2025-01-23
5582,app_open,2025-01-24
5582,app_open,2025-01-26
5582,app_open,2025-02-06
5583,app_open,2025-01-10
5583,app_open,2025-01-11
5583,app_open,2025-01-17
5584,app_open,2025-01-24
5584,app_open,2025-01-25
5585,app_open,2025-01-23
5585,app_open,2025-01-24
5585,app_open,2025-01-26
5586,app_open,2025-03-07
5587,app_open,2025-01-16
5587,app_open,2025-01-17
5588,app_open,2025-02-18
5588,app_open,2025-02-19
5589,app_open,2025-01-06
5589,app_open,2025-01-07
5589,app_open,2025-01-13
5589,app_open,2025-02-03
5590,app_open,2025-02-24
5591,app_open,2025-02-05
5592,app_open,2025-03-13
5592,app_open,2025-03-20
5592,app_open,2025-03-27
5593,app_open,2025-02-03
5594,app_open,2025-01-17
5594,app_open,2025-01-24
5594,app_open,2025-02-14
5595,app_open,2025-01-21
5595,app_open,2025-01-22
5596,app_open,2025-03-16
5596,app_open,2025-03-19
5596,app_open,2025-03-23
5597,app_open,2025-02-02
5597,app_open,2025-02-03
5597,app_open,2025-02-05
5598,app_open,2025-01-01
5598,app_open,2025-01-02
5598,app_open,2025-01-04
5598,app_open,2025-01-08
5598,app_open,2025-01-15
5599,app_open,2025-02-12
5600,app_open,2025-03-01
5600,app_open,2025-03-02
5600,app_open,2025-03-15
5601,app_open,2025-01-20
5602,app_open,2025-01-06
5602,app_open,2025-01-07
5603,app_open,2025-01-20
5603,app_open,2025-01-21
5604,app_open,2025-02-11
5604,app_open,2025-02-12
5605,app_open,2025-03-18
5605,app_open,2025-03-19
5606,app_open,2025-01-07
5606,app_open,2025-01-10
5607,app_open,2025-03-22
5607,app_open,2025-03-23
5607,app_open,2025-03-25
5608,app_open,2025-03-20
5609,app_open,2025-02-08
5609,app_open,2025-02-22
5610,app_open,2025-03-04
5611,app_open,2025-03-15
5611,app_open,2025-03-29
5612,app_open,2025-03-12
5612,app_open,2025-03-13
5612,app_open,2025-03-19
5613,app_open,2025-02-15
5613,app_open,2025-02-18
5614,app_open,2025-01-10
5614,app_open,2025-01-11
5615,app_open,2025-02-10
5615,app_open,2025-02-11
5615,app_open,2025-02-13
5616,app_open,2025-03-09
5617,app_open,2025-01-29
5618,app_open,2025-01-24
5618,app_open,2025-01-25
5618,app_open,2025-01-31
5618,app_open,2025-02-07
5619,app_open,2025-03-08
5619,app_open,2025-03-09
5620,app_open,2025-01-09
5620,app_open,2025-01-10
5621,app_open,2025-03-06
5622,app_open,2025-01-21
5622,app_open,2025-01-24
5623,app_open,2025-02-23
5623,app_open,2025-02-24
5623,app_open,2025-03-09
5624,app_open,2025-03-11
5624,app_open,2025-03-12
5625,app_open,2025-03-10
5625,app_open,2025-03-11
5626,app_open,2025-02-21
5626,app_open,2025-03-07
5627,app_open,2025-01-12
5627,app_open,2025-01-13
5628,app_open,2025-02-14
5629,app_open,2025-01-29
5629,app_open,2025-02-05
5630,app_open,2025-01-28
5630,app_open,2025-01-31
5631,app_open,2025-02-12
5632,app_open,2025-02-12
5632,app_open,2025-02-13
5633,app_open,2025-02-16
5633,app_open,2025-02-23
5634,app_open,2025-02-07
5634,app_open,2025-02-10
5635,app_open,2025-01-28
5636,app_open,2025-03-21
5636,app_open,2025-03-22
5637,app_open,2025-03-09
5638,app_open,2025-03-02
5638,app_open,2025-03-05
5639,app_open,2025-03-13
5639,app_open,2025-03-14
5640,app_open,2025-01-02
5640,app_open,2025-01-03
5641,app_open,2025-01-15
5641,app_open,2025-01-22
5642,app_open,2025-02-14
5642,app_open,2025-02-15
5642,app_open,2025-02-21
5643,app_open,2025-02-27
5644,app_open,2025-01-31
5645,app_open,2025-03-20
5646,app_open,2025-03-21
5646,app_open,2025-03-28
5647,app_open,2025-02-01
5647,app_open,2025-02-02
5648,app_open,2025-01-06
5648,app_open,2025-01-07
5649,app_open,2025-02-11
5649,app_open,2025-02-18
5650,app_open,2025-02-18
5650,app_open,2025-03-04
5651,app_open,2025-01-15
5651,app_open,2025-01-16
5651,app_open,2025-01-18
5652,app_open,2025-02-19
5652,app_open,2025-02-20
5652,app_open,2025-02-22
5652,app_open,2025-02-26
5653,app_open,2025-02-02
5653,app_open,2025-02-03
5654,app_open,2025-03-11
5654,app_open,2025-03-14
5655,app_open,2025-02-06
5656,app_open,2025-01-04
5656,app_open,2025-01-05
5656,app_open,2025-01-07
5657,app_open,2025-03-08
5658,app_open,2025-02-17
5659,app_open,2025-03-07
5659,app_open,2025-03-08
5660,app_open,2025-03-07
5660,app_open,2025-03-08
5660,app_open,2025-03-14
5661,app_open,2025-02-27
5661,app_open,2025-03-02
5662,app_open,2025-03-04
5662,app_open,2025-03-07
5663,app_open,2025-01-06
5664,app_open,2025-02-07
5664,app_open,2025-02-08
5665,app_open,2025-01-25
5666,app_open,2025-02-11
5666,app_open,2025-02-12
5666,app_open,2025-02-18
5667,app_open,2025-03-07
5667,app_open,2025-03-08
5668,app_open,2025-01-11
5668,app_open,2025-01-12
5669,app_open,2025-01-13
5669,app_open,2025-01-14
5669,app_open,2025-01-16
5670,app_open,2025-01-22
5670,app_open,2025-02-05
5671,app_open,2025-03-10
5672,app_open,2025-03-10
5673,app_open,2025-01-01
5673,app_open,2025-01-02
5674,app_open,2025-03-22
5674,app_open,2025-03-23
5675,app_open,2025-01-09
5675,app_open,2025-01-12
5676,app_open,2025-01-27
5676,app_open,2025-01-28
5677,app_open,2025-03-22
5677,app_open,2025-03-23
5678,app_open,2025-01-28
5678,app_open,2025-01-31
5678,app_open,2025-02-04
5679,app_open,2025-02-24
5679,app_open,2025-02-25
5679,app_open,2025-03-10
5680,app_open,2025-01-14
5680,app_open,2025-01-15
5680,app_open,2025-01-17
5681,app_open,2025-01-27
5681,app_open,2025-02-03
5682,app_open,2025-03-10
5682,app_open,2025-03-11
5682,app_open,2025-03-13
5683,app_open,2025-02-25
5683,app_open,2025-02-26
5684,app_open,2025-01-10
5685,app_open,2025-01-20
5686,app_open,2025-01-04
5686,app_open,2025-01-05
5686,app_open,2025-01-11
5687,app_open,2025-02-28
5688,app_open,2025-02-12
5689,app_open,2025-01-05
5689,app_open,2025-01-08
5689,app_open,2025-02-02
5690,app_open,2025-01-12
5690,app_open,2025-01-13
5690,app_open,2025-01-15
5691,app_open,2025-01-10
5691,app_open,2025-01-11
5692,app_open,2025-01-07
5692,app_open,2025-01-08
5692,app_open,2025-01-10
5693,app_open,2025-01-23
5693,app_open,2025-01-24
5694,app_open,2025-02-02
5694,app_open,2025-02-05
5695,app_open,2025-03-13
5695,app_open,2025-03-14
5695,app_open,2025-03-20
5696,app_open,2025-01-10
5696,app_open,2025-01-11
5696,app_open,2025-01-17
5697,app_open,2025-03-15
5698,app_open,2025-01-30
5698,app_open,2025-02-06
5699,app_open,2025-02-03
5699,app_open,2025-02-10
5700,app_open,2025-02-22
5700,app_open,2025-02-23
5700,app_open,2025-02-25
5701,app_open,2025-02-19
5701,app_open,2025-02-20
5702,app_open,2025-02-27
5702,app_open,2025-02-28
5703,app_open,2025-03-22
5703,app_open,2025-03-23
5704,app_open,2025-02-21
5704,app_open,2025-02-22
5704,app_open,2025-02-28
5704,app_open,2025-03-07
5705,app_open,2025-02-25
5705,app_open,2025-03-11
5706,app_open,2025-02-10
5707,app_open,2025-01-03
5707,app_open,2025-01-04
5707,app_open,2025-01-06
5708,app_open,2025-02-19
5708,app_open,2025-02-20
5708,app_open,2025-02-22
5708,app_open,2025-02-26
5709,app_open,2025-01-16
5710,app_open,2025-03-10
5710,app_open,2025-03-11
5710,app_open,2025-03-13
5711,app_open,2025-01-01
5712,app_open,2025-03-21
5712,app_open,2025-03-22
5713,app_open,2025-01-09
5713,app_open,2025-01-10
5714,app_open,2025-03-16
5714,app_open,2025-03-23
5715,app_open,2025-01-06
5715,app_open,2025-01-09
5715,app_open,2025-01-13
5716,app_open,2025-01-10
5716,app_open,2025-01-11
5717,app_open,2025-02-15
5717,app_open,2025-02-16
5718,app_open,2025-03-06
5718,app_open,2025-03-07
5718,app_open,2025-03-13
5719,app_open,2025-01-14
5719,app_open,2025-01-15
5720,app_open,2025-02-07
5720,app_open,2025-02-08
5721,app_open,2025-02-08
5721,app_open,2025-02-09
5721,app_open,2025-02-11
5722,app_open,2025-03-19
5722,app_open,2025-03-20
5723,app_open,2025-01-12
5723,app_open,2025-01-13
5724,app_open,2025-02-06
5724,app_open,2025-02-07
5725,app_open,2025-02-26
5725,app_open,2025-02-27
5725,app_open,2025-03-12
5726,app_open,2025-02-18
5727,app_open,2025-02-20
5728,app_open,2025-01-04
5728,app_open,2025-01-05
5729,app_open,2025-03-02
5729,app_open,2025-03-05
5730,app_open,2025-01-21
5730,app_open,2025-01-22
5730,app_open,2025-01-28
5731,app_open,2025-03-10
5732,app_open,2025-01-29
5733,app_open,2025-01-18
5733,app_open,2025-01-21
5734,app_open,2025-02-20
5734,app_open,2025-02-21
5734,app_open,2025-02-23
5735,app_open,2025-03-11
5735,app_open,2025-03-14
5736,app_open,2025-02-07
5736,app_open,2025-02-08
5736,app_open,2025-02-21
5737,app_open,2025-01-19
5737,app_open,2025-01-22
5737,app_open,2025-01-26
5738,app_open,2025-02-08
5738,app_open,2025-02-11
5739,app_open,2025-02-17
5739,app_open,2025-02-18
5740,app_open,2025-01-02
5740,app_open,2025-01-03
5741,app_open,2025-03-12
5741,app_open,2025-03-15
5741,app_open,2025-03-19
5742,app_open,2025-03-13
5743,app_open,2025-01-19
5743,app_open,2025-01-20
5744,app_open,2025-01-16
5745,app_open,2025-01-06
5745,app_open,2025-01-07
5745,app_open,2025-01-09
5746,app_open,2025-01-01
5746,app_open,2025-01-02
5746,app_open,2025-01-08
5747,app_open,2025-03-15
5747,app_open,2025-03-16
5748,app_open,2025-03-18
5749,app_open,2025-02-20
5749,app_open,2025-02-21
5749,app_open,2025-02-23
5750,app_open,2025-03-10
5751,app_open,2025-03-12
5751,app_open,2025-03-13
5751,app_open,2025-03-15
5751,app_open,2025-03-19
5752,app_open,2025-01-11
5752,app_open,2025-01-12
5752,app_open,2025-02-08
5753,app_open,2025-02-09
5754,app_open,2025-01-27
5754,app_open,2025-01-28
5755,app_open,2025-02-14
5756,app_open,2025-01-28
5757,app_open,2025-02-22
5758,app_open,2025-03-07
5759,app_open,2025-01-19
5759,app_open,2025-01-20
5759,app_open,2025-01-26
5760,app_open,2025-01-21
5760,app_open,2025-01-24
5760,app_open,2025-02-18
5761,app_open,2025-01-24
5761,app_open,2025-01-25
5761,app_open,2025-01-27
5761,app_open,2025-01-31
5762,app_open,2025-01-29
5762,app_open,2025-01-30
5762,app_open,2025-02-01
5762,app_open,2025-02-05
5763,app_open,2025-03-20
5763,app_open,2025-03-21
5763,app_open,2025-03-23
5764,app_open,2025-02-02
5764,app_open,2025-02-05
5765,app_open,2025-01-25
5765,app_open,2025-01-26
5765,app_open,2025-02-22
5766,app_open,2025-01-15
5766,app_open,2025-01-16
5766,app_open,2025-01-22
5767,app_open,2025-01-24
5767,app_open,2025-02-21
5768,app_open,2025-03-14
5769,app_open,2025-01-07
5769,app_open,2025-01-14
5770,app_open,2025-03-12
5770,app_open,2025-03-13
5771,app_open,2025-03-01
5771,app_open,2025-03-02
5772,app_open,2025-03-12
5773,app_open,2025-01-10
5774,app_open,2025-02-07
5774,app_open,2025-02-08
5774,app_open,2025-02-10
5774,app_open,2025-02-14
5775,app_open,2025-01-09
5775,app_open,2025-02-06
5776,app_open,2025-02-02
5777,app_open,2025-01-13
5777,app_open,2025-01-14
5778,app_open,2025-01-26
5778,app_open,2025-01-29
5778,app_open,2025-02-09
5779,app_open,2025-03-16
5779,app_open,2025-03-17
5780,app_open,2025-03-04
5780,app_open,2025-03-05
5780,app_open,2025-03-11
5781,app_open,2025-02-12
5781,app_open,2025-02-15
5782,app_open,2025-02-15
5782,app_open,2025-02-16
5782,app_open,2025-02-18
5783,app_open,2025-01-17
5783,app_open,2025-01-20
5783,app_open,2025-01-24
5784,app_open,2025-01-31
5784,app_open,2025-02-01
5785,app_open,2025-01-13
5785,app_open,2025-01-14
5786,app_open,2025-02-06
5786,app_open,2025-02-07
5787,app_open,2025-03-21
5787,app_open,2025-03-22
5788,app_open,2025-01-09
5788,app_open,2025-01-12
5789,app_open,2025-01-25
5789,app_open,2025-01-26
5789,app_open,2025-01-28
5789,app_open,2025-02-01
5790,app_open,2025-02-10
5790,app_open,2025-02-13
5790,app_open,2025-02-17
5791,app_open,2025-03-04
5791,app_open,2025-03-05
5792,app_open,2025-02-27
5792,app_open,2025-02-28
5793,app_open,2025-02-12
5793,app_open,2025-02-13
5793,app_open,2025-02-15
5794,app_open,2025-03-20
5794,app_open,2025-03-21
5794,app_open,2025-03-23
5795,app_open,2025-02-09
5796,app_open,2025-03-16
5796,app_open,2025-03-23
5797,app_open,2025-01-20
5797,app_open,2025-02-03
5798,app_open,2025-03-14
5798,app_open,2025-03-17
5798,app_open,2025-03-28
5799,app_open,2025-03-14
5800,app_open,2025-02-16
5800,app_open,2025-02-17
5801,app_open,2025-02-10
5802,app_open,2025-02-24
5802,app_open,2025-02-25
5802,app_open,2025-02-27
5803,app_open,2025-01-22
5803,app_open,2025-01-23
5803,app_open,2025-01-25
5804,app_open,2025-01-01
5804,app_open,2025-01-02
5805,app_open,2025-02-10
5806,app_open,2025-02-01
5806,app_open,2025-02-15
5806,app_open,2025-03-01
5807,app_open,2025-01-29
5807,app_open,2025-02-12
5808,app_open,2025-02-25
5808,app_open,2025-02-28
5809,app_open,2025-02-05
5809,app_open,2025-02-06
5809,app_open,2025-02-08
5809,app_open,2025-03-05
5810,app_open,2025-02-16
5811,app_open,2025-01-18
5811,app_open,2025-01-21
5811,app_open,2025-01-25
5812,app_open,2025-02-12
5813,app_open,2025-03-03
5814,app_open,2025-03-01
5814,app_open,2025-03-15
5815,app_open,2025-02-27
5815,app_open,2025-03-06
5816,app_open,2025-02-15
5816,app_open,2025-02-16
5816,app_open,2025-02-18
5817,app_open,2025-02-09
5817,app_open,2025-02-10
5818,app_open,2025-03-04
5818,app_open,2025-03-11
5819,app_open,2025-03-12
5820,app_open,2025-01-14
5820,app_open,2025-01-21
5821,app_open,2025-01-23
5821,app_open,2025-01-24
5821,app_open,2025-01-30
5822,app_open,2025-03-19
5822,app_open,2025-03-20
5822,app_open,2025-03-22
5822,app_open,2025-03-26
5823,app_open,2025-01-11
5823,app_open,2025-01-18
5823,app_open,2025-01-25
5824,app_open,2025-02-05
5824,app_open,2025-02-06
5824,app_open,2025-02-08
5825,app_open,2025-01-18
5825,app_open,2025-01-19
5825,app_open,2025-01-21
5826,app_open,2025-03-10
5826,app_open,2025-03-13
5827,app_open,2025-01-26
5827,app_open,2025-01-27
5827,app_open,2025-02-02
5828,app_open,2025-02-03
5828,app_open,2025-02-06
5829,app_open,2025-03-22
5829,app_open,2025-03-25
5830,app_open,2025-01-10
5830,app_open,2025-01-11
5831,app_open,2025-01-10
5831,app_open,2025-01-11
5832,app_open,2025-01-03
5832,app_open,2025-01-04
5833,app_open,2025-03-06
5834,app_open,2025-03-22
5834,app_open,2025-03-23
5835,app_open,2025-01-04
5835,app_open,2025-01-05
5835,app_open,2025-01-11
5836,app_open,2025-03-16
5837,app_open,2025-03-16
5837,app_open,2025-03-17
5838,app_open,2025-02-21
5838,app_open,2025-02-24
5838,app_open,2025-02-28
5839,app_open,2025-03-17
5839,app_open,2025-03-31
5840,app_open,2025-01-28
5840,app_open,2025-01-29
5840,app_open,2025-01-31
5840,app_open,2025-02-04
5841,app_open,2025-01-05
5841,app_open,2025-01-06
5841,app_open,2025-01-08
5842,app_open,2025-03-12
5842,app_open,2025-03-15
5842,app_open,2025-03-19
5843,app_open,2025-02-03
5843,app_open,2025-02-06
5844,app_open,2025-03-11
5844,app_open,2025-03-14
5845,app_open,2025-03-11
5845,app_open,2025-03-25
5846,app_open,2025-03-02
5846,app_open,2025-03-30
5847,app_open,2025-01-20
5847,app_open,2025-01-21
5847,app_open,2025-01-23
5847,app_open,2025-01-27
5848,app_open,2025-02-16
5848,app_open,2025-02-17
5849,app_open,2025-02-20
5849,app_open,2025-02-21
5849,app_open,2025-02-27
5850,app_open,2025-01-29
5850,app_open,2025-01-30
5850,app_open,2025-02-05
5851,app_open,2025-03-17
5851,app_open,2025-03-18
5851,app_open,2025-03-24
5852,app_open,2025-02-07
5852,app_open,2025-02-08
5853,app_open,2025-01-18
5853,app_open,2025-01-19
5854,app_open,2025-03-01
5854,app_open,2025-03-04
5854,app_open,2025-03-08
5854,app_open,2025-03-29
5855,app_open,2025-03-06
5856,app_open,2025-03-07
5856,app_open,2025-03-08
5856,app_open,2025-03-21
5857,app_open,2025-01-12
5857,app_open,2025-01-19
5858,app_open,2025-02-20
5858,app_open,2025-02-21
5859,app_open,2025-02-16
5860,app_open,2025-03-06
5860,app_open,2025-03-07
5861,app_open,2025-01-02
5861,app_open,2025-01-05
5861,app_open,2025-01-30
5862,app_open,2025-01-31
5862,app_open,2025-02-14
5862,app_open,2025-02-28
5863,app_open,2025-03-20
5864,app_open,2025-01-22
5864,app_open,2025-01-23
5864,app_open,2025-01-25
5865,app_open,2025-03-07
5866,app_open,2025-01-18
5866,app_open,2025-01-21
5867,app_open,2025-02-27
5867,app_open,2025-03-06
5868,app_open,2025-01-21
5868,app_open,2025-01-22
5869,app_open,2025-01-23
5869,app_open,2025-01-24
5870,app_open,2025-03-14
5871,app_open,2025-03-14
5872,app_open,2025-01-19
5872,app_open,2025-01-20
5872,app_open,2025-01-22
5873,app_open,2025-03-03
5873,app_open,2025-03-04
5874,app_open,2025-02-15
5875,app_open,2025-01-06
5876,app_open,2025-01-29
5876,app_open,2025-02-05
5877,app_open,2025-03-04
5877,app_open,2025-03-11
5878,app_open,2025-01-30
5878,app_open,2025-01-31
5878,app_open,2025-02-06
5879,app_open,2025-01-09
5880,app_open,2025-02-03
5881,app_open,2025-02-17
5881,app_open,2025-02-18
5881,app_open,2025-02-24
5882,app_open,2025-01-30
5882,app_open,2025-02-02
5882,app_open,2025-02-06
5883,app_open,2025-01-06
5884,app_open,2025-01-27
5884,app_open,2025-02-03
5885,app_open,2025-03-08
5885,app_open,2025-03-09
5885,app_open,2025-03-11
5885,app_open,2025-03-15
5885,app_open,2025-03-22
5886,app_open,2025-02-16
5886,app_open,2025-02-17
5886,app_open,2025-02-19
5886,app_open,2025-02-23
5886,app_open,2025-03-02
5887,app_open,2025-02-19
5888,app_open,2025-03-02
5888,app_open,2025-03-03
5888,app_open,2025-03-05
5888,app_open,2025-03-30
5889,app_open,2025-02-28
5889,app_open,2025-03-01
5889,app_open,2025-03-07
5890,app_open,2025-01-06
5890,app_open,2025-01-07
5891,app_open,2025-01-06
5892,app_open,2025-02-11
5892,app_open,2025-02-12
5893,app_open,2025-01-14
5893,app_open,2025-01-15
5893,app_open,2025-01-17
5894,app_open,2025-03-08
5894,app_open,2025-03-09
5894,app_open,2025-03-11
5895,app_open,2025-02-05
5895,app_open,2025-02-06
5896,app_open,2025-02-03
5896,app_open,2025-02-04
5896,app_open,2025-02-06
5896,app_open,2025-02-17
5897,app_open,2025-03-16
5897,app_open,2025-03-17
5897,app_open,2025-03-19
5897,app_open,2025-03-23
5898,app_open,2025-03-11
5899,app_open,2025-03-14
5899,app_open,2025-03-15
5900,app_open,2025-01-23
5901,app_open,2025-02-18
5901,app_open,2025-02-19
5901,app_open,2025-03-04
5902,app_open,2025-02-18
5902,app_open,2025-02-19
5902,app_open,2025-02-25
5903,app_open,2025-02-16
5903,app_open,2025-02-17
5904,app_open,2025-03-17
5904,app_open,2025-03-18
5905,app_open,2025-01-10
5905,app_open,2025-01-11
5906,app_open,2025-03-08
5906,app_open,2025-03-09
5906,app_open,2025-03-15
5907,app_open,2025-02-02
5907,app_open,2025-02-03
5908,app_open,2025-02-18
5908,app_open,2025-02-21
5908,app_open,2025-02-25
5908,app_open,2025-03-04
5909,app_open,2025-01-29
5909,app_open,2025-01-30
5909,app_open,2025-02-12
5909,app_open,2025-02-26
5910,app_open,2025-03-08
5910,app_open,2025-03-09
5910,app_open,2025-03-15
5910,app_open,2025-03-22
5911,app_open,2025-02-21
5911,app_open,2025-02-22
5911,app_open,2025-02-24
5911,app_open,2025-02-28
5912,app_open,2025-02-15
5912,app_open,2025-02-22
5913,app_open,2025-02-14
5913,app_open,2025-03-14
5914,app_open,2025-03-04
5915,app_open,2025-03-03
5915,app_open,2025-03-04
5915,app_open,2025-03-06
5915,app_open,2025-03-17
5916,app_open,2025-03-19
5916,app_open,2025-03-20
5916,app_open,2025-03-26
5917,app_open,2025-01-01
5917,app_open,2025-01-04
5918,app_open,2025-03-06
5919,app_open,2025-01-18
5919,app_open,2025-01-19
5920,app_open,2025-02-26
5920,app_open,2025-03-01
5921,app_open,2025-01-22
5921,app_open,2025-01-29
5921,app_open,2025-02-05
5921,app_open,2025-02-19
5922,app_open,2025-01-30
5922,app_open,2025-02-02
5922,app_open,2025-02-06
5923,app_open,2025-01-10
5924,app_open,2025-03-07
5924,app_open,2025-03-08
5925,app_open,2025-02-05
5925,app_open,2025-02-06
5926,app_open,2025-01-28
5926,app_open,2025-02-25
5927,app_open,2025-01-20
5927,app_open,2025-01-21
5927,app_open,2025-02-03
5928,app_open,2025-01-24
5928,app_open,2025-01-25
5928,app_open,2025-02-07
5929,app_open,2025-01-21
5930,app_open,2025-02-16
5930,app_open,2025-02-19
5931,app_open,2025-03-19
5932,app_open,2025-01-16
5932,app_open,2025-01-19
5933,app_open,2025-01-30
5933,app_open,2025-01-31
5933,app_open,2025-02-02
5934,app_open,2025-02-23
5935,app_open,2025-02-12
5935,app_open,2025-02-13
5936,app_open,2025-01-15
5936,app_open,2025-01-16
5936,app_open,2025-01-22
5937,app_open,2025-03-03
5937,app_open,2025-03-04
5938,app_open,2025-03-03
5938,app_open,2025-03-17
5939,app_open,2025-03-03
5939,app_open,2025-03-06
5939,app_open,2025-03-10
5940,app_open,2025-01-27
5940,app_open,2025-01-28
5941,app_open,2025-03-17
5942,app_open,2025-01-21
5942,app_open,2025-01-24
5943,app_open,2025-02-22
5943,app_open,2025-02-23
5943,app_open,2025-02-25
5944,app_open,2025-01-03
5944,app_open,2025-01-04
5944,app_open,2025-01-06
5945,app_open,2025-02-01
5945,app_open,2025-02-02
5945,app_open,2025-02-15
5946,app_open,2025-01-06
5946,app_open,2025-01-07
5947,app_open,2025-01-17
5948,app_open,2025-03-15
5949,app_open,2025-03-17
5949,app_open,2025-03-18
5949,app_open,2025-03-24
5949,app_open,2025-03-31
5950,app_open,2025-01-21
5951,app_open,2025-01-18
5951,app_open,2025-01-19
5951,app_open,2025-01-25
5951,app_open,2025-02-15
5952,app_open,2025-03-22
5952,app_open,2025-03-23
5952,app_open,2025-03-29
5953,app_open,2025-03-07
5954,app_open,2025-01-06
5954,app_open,2025-01-07
5955,app_open,2025-03-15
5955,app_open,2025-03-16
5956,app_open,2025-01-19
5956,app_open,2025-01-20
5957,app_open,2025-01-08
5957,app_open,2025-01-11
5957,app_open,2025-02-05
5958,app_open,2025-01-22
5958,app_open,2025-01-23
5958,app_open,2025-01-25
5959,app_open,2025-02-03
5959,app_open,2025-02-04
5959,app_open,2025-02-10
5960,app_open,2025-01-24
5960,app_open,2025-01-25
5961,app_open,2025-03-08
5962,app_open,2025-02-21
5963,app_open,2025-03-18
5964,app_open,2025-03-14
5964,app_open,2025-03-15
5964,app_open,2025-03-21
5965,app_open,2025-01-03
5965,app_open,2025-01-04
5965,app_open,2025-01-06
5965,app_open,2025-01-17
5966,app_open,2025-02-06
5966,app_open,2025-02-09
5966,app_open,2025-02-20
5967,app_open,2025-01-11
5967,app_open,2025-01-12
5967,app_open,2025-01-18
5967,app_open,2025-02-08
5968,app_open,2025-01-28
5968,app_open,2025-01-29
5968,app_open,2025-02-25
5969,app_open,2025-02-27
5970,app_open,2025-03-19
5971,app_open,2025-03-02
5971,app_open,2025-03-05
5972,app_open,2025-03-03
5973,app_open,2025-01-22
5973,app_open,2025-01-23
5974,app_open,2025-01-29
5974,app_open,2025-02-01
5975,app_open,2025-02-22
5976,app_open,2025-03-18
5976,app_open,2025-03-19
5977,app_open,2025-01-19
5977,app_open,2025-01-20
5978,app_open,2025-03-16
5978,app_open,2025-03-17
5978,app_open,2025-03-19
5978,app_open,2025-03-23
5979,app_open,2025-01-24
5980,app_open,2025-03-21
5981,app_open,2025-03-07
5981,app_open,2025-03-08
5981,app_open,2025-03-21
5982,app_open,2025-02-03
5982,app_open,2025-02-04
5982,app_open,2025-02-06
5983,app_open,2025-01-22
5983,app_open,2025-01-29
5984,app_open,2025-02-13
5984,app_open,2025-02-14
5985,app_open,2025-02-28
5985,app_open,2025-03-03
5986,app_open,2025-03-18
5986,app_open,2025-03-25
5987,app_open,2025-03-17
5987,app_open,2025-03-20
5987,app_open,2025-03-31
5988,app_open,2025-01-09
5989,app_open,2025-01-30
5989,app_open,2025-01-31
5990,app_open,2025-02-18
5991,app_open,2025-02-19
5991,app_open,2025-02-22
5991,app_open,2025-02-26
5992,app_open,2025-01-17
5992,app_open,2025-01-18
5992,app_open,2025-01-24
5993,app_open,2025-01-14
5993,app_open,2025-01-15
5993,app_open,2025-01-21
5994,app_open,2025-01-03
5995,app_open,2025-01-26
5995,app_open,2025-01-27
5995,app_open,2025-01-29
5996,app_open,2025-03-08
5996,app_open,2025-03-11
5996,app_open,2025-03-15
5997,app_open,2025-03-06
5997,app_open,2025-03-09
5998,app_open,2025-02-23
5998,app_open,2025-02-24
5999,app_open,2025-01-20
5999,app_open,2025-01-23
5999,app_open,2025-02-17
