user_id,reg_date,country,device,channel
1000,2025-01-15,UK,iOS,Google Search
1001,2025-01-04,Ukraine,Android,Google Search
1002,2025-02-05,Poland,Android,Organic
1003,2025-02-01,Germany,Android,Google Search
1004,2025-01-29,UK,iOS,Organic
1005,2025-01-18,UK,iOS,Facebook Ads
1006,2025-01-14,Ukraine,iOS,Organic
1007,2025-03-11,UK,Android,Organic
1008,2025-01-12,UK,Android,Facebook Ads
1009,2025-03-17,Ukraine,Android,Google Search
1010,2025-02-24,Ukraine,iOS,Facebook Ads
1011,2025-01-05,Germany,Android,Organic
1012,2025-01-04,Poland,Android,Organic
1013,2025-01-12,UK,iOS,Organic
1014,2025-01-28,UK,iOS,Facebook Ads
1015,2025-01-30,Ukraine,iOS,Facebook Ads
1016,2025-03-06,Germany,iOS,Facebook Ads
1017,2025-03-19,UK,Android,Google Search
1018,2025-01-04,Germany,Android,Organic
1019,2025-03-13,USA,iOS,Organic
1020,2025-01-26,Ukraine,Android,Organic
1021,2025-03-11,UK,iOS,Google Search
1022,2025-02-23,Germany,iOS,TikTok
1023,2025-01-29,Poland,iOS,Organic
1024,2025-02-27,Germany,Android,TikTok
1025,2025-03-17,Germany,Android,Organic
1026,2025-02-05,USA,iOS,Facebook Ads
1027,2025-01-01,UK,Android,Facebook Ads
1028,2025-01-21,UK,Android,Organic
1029,2025-02-24,Ukraine,iOS,Facebook Ads
1030,2025-02-13,Germany,Android,Google Search
1031,2025-02-05,Poland,iOS,Organic
1032,2025-01-20,USA,iOS,Organic
1033,2025-01-28,Germany,Android,Organic
1034,2025-02-13,Poland,Android,Facebook Ads
1035,2025-01-14,Ukraine,Android,Google Search
1036,2025-01-12,USA,iOS,Organic
1037,2025-02-18,UK,iOS,TikTok
1038,2025-01-13,UK,Android,Organic
1039,2025-02-15,Germany,Android,TikTok
1040,2025-02-14,USA,iOS,Organic
1041,2025-03-19,Poland,Android,Organic
1042,2025-02-03,Ukraine,iOS,Facebook Ads
1043,2025-01-06,Ukraine,Android,Organic
1044,2025-02-28,UK,iOS,Organic
1045,2025-03-10,UK,Android,Organic
1046,2025-01-16,Ukraine,iOS,Google Search
1047,2025-02-18,UK,Android,Organic
1048,2025-01-11,Ukraine,Android,Google Search
1049,2025-03-12,Germany,iOS,Organic
1050,2025-02-07,Poland,Android,Facebook Ads
1051,2025-03-22,USA,Android,Organic
1052,2025-03-21,Germany,Android,Facebook Ads
1053,2025-02-16,USA,Android,Facebook Ads
1054,2025-03-15,Ukraine,Android,Google Search
1055,2025-01-25,Poland,Android,Organic
1056,2025-01-09,Germany,iOS,Google Search
1057,2025-01-06,UK,iOS,Facebook Ads
1058,2025-01-30,USA,iOS,Organic
1059,2025-02-07,USA,iOS,Google Search
1060,2025-01-11,UK,iOS,TikTok
1061,2025-01-30,Germany,iOS,TikTok
1062,2025-01-13,UK,Android,Organic
1063,2025-02-18,USA,iOS,Google Search
1064,2025-02-05,UK,iOS,Organic
1065,2025-02-28,USA,Android,Facebook Ads
1066,2025-02-16,Germany,iOS,Google Search
1067,2025-01-21,Poland,Android,Google Search
1068,2025-02-17,Germany,iOS,TikTok
1069,2025-02-15,UK,Android,Facebook Ads
1070,2025-01-27,UK,Android,Organic
1071,2025-02-04,Germany,iOS,Organic
1072,2025-01-10,Poland,iOS,Google Search
1073,2025-03-19,USA,Android,Facebook Ads
1074,2025-01-22,UK,Android,TikTok
1075,2025-03-10,UK,Android,Organic
1076,2025-02-01,Germany,Android,Organic
1077,2025-01-21,USA,iOS,Facebook Ads
1078,2025-03-01,USA,iOS,Google Search
1079,2025-02-18,UK,iOS,Google Search
1080,2025-02-04,USA,Android,Facebook Ads
1081,2025-03-13,Germany,Android,Facebook Ads
1082,2025-01-29,Poland,iOS,Organic
1083,2025-02-11,Ukraine,iOS,Facebook Ads
1084,2025-01-08,Poland,iOS,Facebook Ads
1085,2025-01-30,Germany,iOS,Organic
1086,2025-01-05,Poland,Android,Organic
1087,2025-02-10,Ukraine,Android,Facebook Ads
1088,2025-02-21,Poland,Android,Organic
1089,2025-02-04,UK,Android,Facebook Ads
1090,2025-01-09,Germany,iOS,Facebook Ads
1091,2025-01-28,USA,Android,Facebook Ads
1092,2025-03-14,UK,Android,Organic
1093,2025-02-10,UK,Android,Facebook Ads
1094,2025-01-28,Ukraine,Android,Facebook Ads
1095,2025-03-05,Poland,Android,Google Search
1096,2025-02-20,Germany,Android,Organic
1097,2025-02-28,Ukraine,Android,Facebook Ads
1098,2025-01-19,Ukraine,iOS,Google Search
1099,2025-02-03,Poland,iOS,Facebook Ads
1100,2025-01-18,Germany,iOS,Google Search
1101,2025-02-01,UK,Android,Organic
1102,2025-03-13,Germany,iOS,Organic
1103,2025-03-10,Ukraine,Android,Google Search
1104,2025-02-03,Ukraine,Android,Google Search
1105,2025-03-16,USA,iOS,Facebook Ads
1106,2025-02-24,Poland,Android,Google Search
1107,2025-03-16,USA,Android,Facebook Ads
1108,2025-02-21,Ukraine,iOS,Organic
1109,2025-02-16,UK,iOS,TikTok
1110,2025-01-29,Ukraine,iOS,TikTok
1111,2025-01-18,Germany,iOS,Organic
1112,2025-03-07,Germany,Android,Organic
1113,2025-03-05,UK,Android,Organic
1114,2025-01-12,UK,Android,Facebook Ads
1115,2025-01-07,USA,Android,Organic
1116,2025-01-15,UK,Android,Google Search
1117,2025-01-20,Ukraine,iOS,Google Search
1118,2025-03-22,Poland,Android,Organic
1119,2025-01-21,Germany,Android,Facebook Ads
1120,2025-02-24,Germany,Android,Google Search
1121,2025-03-18,Ukraine,Android,TikTok
1122,2025-01-09,Poland,iOS,Facebook Ads
1123,2025-02-19,UK,iOS,Google Search
1124,2025-02-18,USA,iOS,TikTok
1125,2025-03-18,Poland,Android,Organic
1126,2025-03-01,Ukraine,Android,Organic
1127,2025-03-09,UK,Android,Facebook Ads
1128,2025-02-02,UK,iOS,Google Search
1129,2025-03-12,UK,Android,Organic
1130,2025-01-02,Poland,Android,Organic
1131,2025-01-15,UK,iOS,Organic
1132,2025-03-10,Poland,iOS,Facebook Ads
1133,2025-02-04,Ukraine,iOS,Facebook Ads
1134,2025-02-13,USA,Android,TikTok
1135,2025-01-15,Poland,iOS,Google Search
1136,2025-02-07,Ukraine,Android,Organic
1137,2025-02-25,Poland,Android,Facebook Ads
1138,2025-01-21,Ukraine,iOS,Organic
1139,2025-02-28,USA,Android,TikTok
1140,2025-01-01,Germany,Android,Organic
1141,2025-02-03,USA,iOS,Facebook Ads
1142,2025-03-06,Germany,Android,Organic
1143,2025-01-23,Germany,iOS,Organic
1144,2025-03-06,UK,iOS,Google Search
1145,2025-01-14,Poland,iOS,Organic
1146,2025-03-22,UK,Android,Organic
1147,2025-02-08,Ukraine,Android,Organic
1148,2025-03-06,Ukraine,iOS,Organic
1149,2025-03-19,Ukraine,iOS,Facebook Ads
1150,2025-01-26,UK,Android,Google Search
1151,2025-01-20,USA,iOS,Facebook Ads
1152,2025-02-17,UK,iOS,TikTok
1153,2025-01-21,UK,Android,Organic
1154,2025-03-11,USA,Android,Organic
1155,2025-03-09,USA,iOS,Google Search
1156,2025-01-01,USA,Android,Facebook Ads
1157,2025-03-18,Poland,Android,Organic
1158,2025-02-11,UK,iOS,Google Search
1159,2025-03-04,Poland,Android,Facebook Ads
1160,2025-01-03,Germany,iOS,Organic
1161,2025-01-15,Germany,Android,Facebook Ads
1162,2025-02-16,UK,Android,Google Search
1163,2025-02-09,Ukraine,Android,Google Search
1164,2025-01-31,USA,iOS,Facebook Ads
1165,2025-01-08,Poland,Android,TikTok
1166,2025-01-31,Germany,iOS,Facebook Ads
1167,2025-03-14,UK,iOS,Facebook Ads
1168,2025-01-11,Ukraine,iOS,Facebook Ads
1169,2025-01-11,UK,Android,Organic
1170,2025-03-04,Ukraine,Android,Google Search
1171,2025-01-09,UK,iOS,Organic
1172,2025-03-10,USA,Android,Facebook Ads
1173,2025-01-17,USA,iOS,Facebook Ads
1174,2025-01-17,Ukraine,Android,Google Search
1175,2025-03-02,UK,iOS,Organic
1176,2025-03-12,USA,Android,Organic
1177,2025-01-22,UK,iOS,Facebook Ads
1178,2025-02-03,UK,Android,Organic
1179,2025-03-09,USA,iOS,TikTok
1180,2025-03-19,Germany,iOS,Google Search
1181,2025-02-24,Germany,iOS,Organic
1182,2025-01-28,UK,Android,Facebook Ads
1183,2025-03-11,Germany,Android,TikTok
1184,2025-01-26,Poland,iOS,Organic
1185,2025-02-09,USA,Android,TikTok
1186,2025-02-21,Germany,Android,Organic
1187,2025-02-17,Germany,Android,Google Search
1188,2025-02-26,UK,Android,TikTok
1189,2025-03-08,Ukraine,iOS,Facebook Ads
1190,2025-02-27,Germany,iOS,Google Search
1191,2025-01-16,Ukraine,Android,Organic
1192,2025-02-01,USA,Android,Organic
1193,2025-01-29,Ukraine,Android,TikTok
1194,2025-01-09,Germany,iOS,Facebook Ads
1195,2025-02-13,Poland,iOS,Organic
1196,2025-01-03,Poland,Android,Organic
1197,2025-03-17,USA,Android,Facebook Ads
1198,2025-03-12,Germany,Android,Google Search
1199,2025-01-30,USA,Android,Facebook Ads
1200,2025-03-17,UK,Android,Google Search
1201,2025-01-29,UK,iOS,TikTok
1202,2025-01-01,Ukraine,iOS,Organic
1203,2025-01-10,USA,Android,Organic
1204,2025-03-22,Poland,Android,TikTok
1205,2025-01-08,USA,iOS,Google Search
1206,2025-01-30,Ukraine,iOS,Organic
1207,2025-01-09,Germany,Android,Google Search
1208,2025-01-05,USA,iOS,Organic
1209,2025-02-12,Ukraine,iOS,Facebook Ads
1210,2025-01-10,UK,Android,TikTok
1211,2025-03-07,Poland,Android,Facebook Ads
1212,2025-01-31,Germany,Android,Google Search
1213,2025-02-05,USA,iOS,Organic
1214,2025-03-04,USA,Android,Google Search
1215,2025-01-28,Poland,iOS,Organic
1216,2025-03-11,UK,iOS,Google Search
1217,2025-01-17,USA,Android,Organic
1218,2025-03-15,Poland,Android,Facebook Ads
1219,2025-03-15,Poland,Android,Facebook Ads
1220,2025-03-02,Germany,Android,Facebook Ads
1221,2025-02-01,Poland,Android,Google Search
1222,2025-03-02,Poland,iOS,Facebook Ads
1223,2025-02-22,Poland,iOS,Google Search
1224,2025-01-25,USA,iOS,Google Search
1225,2025-01-13,Poland,iOS,Facebook Ads
1226,2025-01-13,Poland,Android,Organic
1227,2025-02-25,Poland,iOS,Organic
1228,2025-02-15,Poland,Android,Facebook Ads
1229,2025-02-24,UK,Android,Organic
1230,2025-02-22,USA,Android,Organic
1231,2025-03-01,Poland,Android,Google Search
1232,2025-01-07,Ukraine,Android,Organic
1233,2025-01-13,Ukraine,Android,Google Search
1234,2025-01-08,Ukraine,iOS,Organic
1235,2025-02-21,Germany,Android,Facebook Ads
1236,2025-02-13,UK,iOS,Organic
1237,2025-01-14,Ukraine,iOS,Organic
1238,2025-02-01,UK,Android,Facebook Ads
1239,2025-01-25,Ukraine,iOS,Google Search
1240,2025-01-25,Germany,Android,TikTok
1241,2025-03-10,USA,Android,Google Search
1242,2025-02-27,UK,Android,Organic
1243,2025-01-18,USA,iOS,TikTok
1244,2025-02-24,Germany,iOS,Organic
1245,2025-01-24,UK,Android,Organic
1246,2025-02-05,USA,Android,Organic
1247,2025-03-01,Germany,Android,Organic
1248,2025-02-01,Poland,Android,Google Search
1249,2025-01-10,UK,Android,Google Search
1250,2025-02-26,USA,iOS,Google Search
1251,2025-03-12,Germany,iOS,TikTok
1252,2025-01-13,Poland,Android,Organic
1253,2025-01-07,UK,iOS,Facebook Ads
1254,2025-03-11,Poland,iOS,Organic
1255,2025-01-02,Ukraine,Android,Google Search
1256,2025-01-12,UK,Android,Facebook Ads
1257,2025-01-31,Germany,Android,Organic
1258,2025-01-22,Germany,Android,Google Search
1259,2025-02-22,UK,iOS,Organic
1260,2025-03-04,Ukraine,Android,Facebook Ads
1261,2025-03-03,UK,Android,Organic
1262,2025-01-28,USA,iOS,Organic
1263,2025-02-21,Germany,Android,Facebook Ads
1264,2025-01-08,Poland,Android,TikTok
1265,2025-01-22,Germany,Android,Organic
1266,2025-02-18,Ukraine,Android,Facebook Ads
1267,2025-01-01,UK,Android,Google Search
1268,2025-02-19,Germany,iOS,Organic
1269,2025-02-03,USA,iOS,Google Search
1270,2025-02-28,Ukraine,Android,Facebook Ads
1271,2025-02-06,Ukraine,Android,Facebook Ads
1272,2025-02-24,Poland,Android,Facebook Ads
1273,2025-03-13,Germany,Android,Organic
1274,2025-03-04,UK,Android,Google Search
1275,2025-01-20,Ukraine,Android,Facebook Ads
1276,2025-01-25,USA,Android,Facebook Ads
1277,2025-02-07,USA,Android,Google Search
1278,2025-01-28,UK,Android,TikTok
1279,2025-01-08,USA,Android,Google Search
1280,2025-03-16,Poland,Android,TikTok
1281,2025-03-11,UK,iOS,Google Search
1282,2025-01-08,USA,iOS,Facebook Ads
1283,2025-02-10,Poland,iOS,Organic
1284,2025-01-08,USA,Android,Google Search
1285,2025-01-07,Germany,iOS,Organic
1286,2025-03-16,UK,Android,TikTok
1287,2025-03-03,USA,Android,Facebook Ads
1288,2025-03-06,USA,iOS,Facebook Ads
1289,2025-03-09,Poland,Android,Organic
1290,2025-01-21,Germany,iOS,Facebook Ads
1291,2025-01-08,Germany,iOS,Facebook Ads
1292,2025-03-07,Poland,Android,Facebook Ads
1293,2025-01-11,Germany,iOS,Facebook Ads
1294,2025-01-24,USA,iOS,Organic
1295,2025-01-09,USA,Android,Facebook Ads
1296,2025-03-18,Germany,Android,Google Search
1297,2025-01-09,USA,iOS,Organic
1298,2025-01-31,Germany,Android,Google Search
1299,2025-02-21,Poland,iOS,Facebook Ads
1300,2025-01-16,UK,iOS,Organic
1301,2025-03-14,Poland,Android,Facebook Ads
1302,2025-02-01,UK,Android,Organic
1303,2025-03-16,Poland,Android,Organic
1304,2025-03-18,Ukraine,Android,Google Search
1305,2025-01-06,USA,Android,Organic
1306,2025-03-21,Poland,Android,Google Search
1307,2025-01-11,UK,iOS,Google Search
1308,2025-02-23,Germany,Android,Organic
1309,2025-03-16,Germany,iOS,Organic
1310,2025-03-14,Poland,Android,Google Search
1311,2025-03-08,Poland,iOS,Organic
1312,2025-02-10,Poland,iOS,TikTok
1313,2025-02-03,Germany,Android,TikTok
1314,2025-01-27,Ukraine,Android,Organic
1315,2025-02-10,Poland,Android,Google Search
1316,2025-01-31,Germany,Android,Facebook Ads
1317,2025-02-03,Germany,iOS,TikTok
1318,2025-02-20,Poland,iOS,Facebook Ads
1319,2025-01-17,UK,iOS,Organic
1320,2025-02-08,UK,Android,Facebook Ads
1321,2025-02-28,USA,Android,Facebook Ads
1322,2025-02-10,Germany,Android,Google Search
1323,2025-01-10,USA,iOS,TikTok
1324,2025-01-02,USA,Android,Facebook Ads
1325,2025-02-28,UK,Android,Organic
1326,2025-03-21,UK,Android,Facebook Ads
1327,2025-03-14,Ukraine,Android,Facebook Ads
1328,2025-01-13,Germany,Android,Google Search
1329,2025-01-10,Ukraine,iOS,Organic
1330,2025-03-10,Poland,iOS,Facebook Ads
1331,2025-01-28,Ukraine,Android,Google Search
1332,2025-03-06,Poland,iOS,Facebook Ads
1333,2025-02-03,USA,iOS,Google Search
1334,2025-01-17,Germany,iOS,TikTok
1335,2025-02-14,Ukraine,iOS,TikTok
1336,2025-01-09,Germany,Android,Google Search
1337,2025-02-01,USA,Android,Organic
1338,2025-02-17,USA,Android,TikTok
1339,2025-02-06,USA,iOS,Facebook Ads
1340,2025-01-21,USA,Android,Organic
1341,2025-02-26,UK,Android,TikTok
1342,2025-03-11,UK,iOS,Facebook Ads
1343,2025-02-08,USA,Android,Facebook Ads
1344,2025-03-20,USA,iOS,TikTok
1345,2025-03-09,Ukraine,Android,Organic
1346,2025-01-02,Germany,Android,Facebook Ads
1347,2025-03-12,Ukraine,iOS,Facebook Ads
1348,2025-02-08,USA,iOS,Google Search
1349,2025-01-14,UK,Android,Organic
1350,2025-01-18,Poland,Android,Organic
1351,2025-02-03,UK,Android,TikTok
1352,2025-01-15,UK,Android,Facebook Ads
1353,2025-01-14,UK,iOS,Organic
1354,2025-03-12,Poland,iOS,Organic
1355,2025-01-20,USA,Android,Google Search
1356,2025-02-04,USA,iOS,Facebook Ads
1357,2025-02-06,USA,Android,TikTok
1358,2025-03-19,UK,Android,Organic
1359,2025-01-27,Germany,Android,Google Search
1360,2025-02-13,Germany,iOS,Organic
1361,2025-01-27,Ukraine,Android,Facebook Ads
1362,2025-02-03,Germany,Android,Organic
1363,2025-03-06,UK,Android,Organic
1364,2025-03-04,USA,Android,Organic
1365,2025-02-02,Germany,iOS,TikTok
1366,2025-01-07,Poland,Android,Organic
1367,2025-01-12,Poland,Android,Google Search
1368,2025-02-24,USA,iOS,Organic
1369,2025-02-05,Germany,iOS,Facebook Ads
1370,2025-01-06,UK,iOS,Google Search
1371,2025-01-01,UK,iOS,Google Search
1372,2025-02-12,Germany,iOS,Google Search
1373,2025-01-17,Ukraine,Android,Organic
1374,2025-02-03,Ukraine,iOS,Google Search
1375,2025-01-21,Poland,iOS,Organic
1376,2025-02-26,USA,Android,Organic
1377,2025-03-12,Poland,iOS,Google Search
1378,2025-02-24,USA,Android,Organic
1379,2025-03-13,USA,iOS,Facebook Ads
1380,2025-01-02,USA,iOS,Facebook Ads
1381,2025-01-15,USA,Android,Organic
1382,2025-01-10,UK,Android,Facebook Ads
1383,2025-01-20,Germany,Android,Facebook Ads
1384,2025-03-11,USA,Android,Organic
1385,2025-01-05,Germany,Android,Organic
1386,2025-02-17,USA,iOS,Google Search
1387,2025-03-16,UK,iOS,TikTok
1388,2025-03-12,UK,Android,Organic
1389,2025-01-19,Germany,Android,Organic
1390,2025-02-25,Germany,Android,Facebook Ads
1391,2025-01-17,Poland,Android,Organic
1392,2025-01-06,Poland,iOS,Organic
1393,2025-02-09,Ukraine,Android,Organic
1394,2025-02-16,Poland,iOS,Organic
1395,2025-01-06,Poland,Android,Google Search
1396,2025-02-15,USA,Android,Facebook Ads
1397,2025-01-27,Ukraine,Android,Google Search
1398,2025-02-01,Poland,Android,Google Search
1399,2025-01-14,Poland,Android,Organic
1400,2025-02-15,Germany,iOS,Facebook Ads
1401,2025-03-13,Ukraine,Android,TikTok
1402,2025-02-22,Ukraine,Android,TikTok
1403,2025-03-21,Ukraine,Android,Facebook Ads
1404,2025-01-20,Germany,iOS,Google Search
1405,2025-01-31,UK,Android,Organic
1406,2025-01-21,Ukraine,iOS,TikTok
1407,2025-01-23,Ukraine,iOS,Google Search
1408,2025-02-22,Germany,Android,Google Search
1409,2025-01-04,UK,iOS,Organic
1410,2025-01-23,Ukraine,iOS,Organic
1411,2025-02-12,Ukraine,Android,Facebook Ads
1412,2025-02-22,USA,Android,Organic
1413,2025-02-01,UK,Android,Facebook Ads
1414,2025-02-04,Poland,Android,Facebook Ads
1415,2025-01-21,Ukraine,Android,Google Search
1416,2025-01-14,Germany,iOS,Google Search
1417,2025-02-18,USA,iOS,Google Search
1418,2025-01-05,Poland,Android,Google Search
1419,2025-03-02,Poland,Android,Google Search
1420,2025-01-29,USA,Android,Facebook Ads
1421,2025-01-26,Germany,Android,Google Search
1422,2025-02-28,Poland,iOS,TikTok
1423,2025-02-14,Poland,Android,Google Search
1424,2025-02-09,UK,iOS,Google Search
1425,2025-01-30,Poland,Android,Organic
1426,2025-01-29,Ukraine,Android,TikTok
1427,2025-01-04,Ukraine,Android,Facebook Ads
1428,2025-01-25,USA,iOS,Organic
1429,2025-02-21,USA,iOS,Organic
1430,2025-02-12,Germany,iOS,Organic
1431,2025-02-05,Germany,Android,Facebook Ads
1432,2025-01-09,UK,Android,Organic
1433,2025-02-05,USA,iOS,Facebook Ads
1434,2025-02-14,UK,iOS,Organic
1435,2025-03-07,Germany,Android,Organic
1436,2025-02-21,Poland,iOS,Facebook Ads
1437,2025-03-10,UK,Android,Organic
1438,2025-02-12,Poland,Android,Facebook Ads
1439,2025-01-04,UK,iOS,Organic
1440,2025-01-15,UK,iOS,Google Search
1441,2025-02-03,Germany,Android,Facebook Ads
1442,2025-01-23,UK,iOS,Facebook Ads
1443,2025-03-16,Germany,iOS,TikTok
1444,2025-02-03,UK,Android,Facebook Ads
1445,2025-01-05,UK,Android,Facebook Ads
1446,2025-01-14,USA,Android,Google Search
1447,2025-03-18,USA,Android,Organic
1448,2025-02-25,Germany,iOS,Organic
1449,2025-02-14,UK,iOS,Facebook Ads
1450,2025-02-10,Poland,Android,Facebook Ads
1451,2025-02-25,Ukraine,Android,Facebook Ads
1452,2025-03-19,Germany,Android,Facebook Ads
1453,2025-03-07,USA,Android,Google Search
1454,2025-01-15,USA,iOS,Organic
1455,2025-02-19,Germany,Android,Facebook Ads
1456,2025-03-15,USA,iOS,Google Search
1457,2025-01-25,Poland,Android,Google Search
1458,2025-02-02,USA,iOS,TikTok
1459,2025-01-06,Ukraine,iOS,TikTok
1460,2025-02-25,Ukraine,iOS,Organic
1461,2025-01-01,UK,Android,Facebook Ads
1462,2025-03-08,Poland,Android,Facebook Ads
1463,2025-03-10,USA,Android,Google Search
1464,2025-01-26,USA,Android,Facebook Ads
1465,2025-02-16,Germany,iOS,Organic
1466,2025-02-25,UK,iOS,Organic
1467,2025-01-09,Ukraine,Android,Organic
1468,2025-02-12,Germany,iOS,Organic
1469,2025-03-21,Germany,Android,Google Search
1470,2025-02-10,USA,iOS,Organic
1471,2025-01-16,Ukraine,Android,Google Search
1472,2025-02-08,Germany,iOS,Facebook Ads
1473,2025-03-06,USA,Android,Organic
1474,2025-02-09,UK,Android,Facebook Ads
1475,2025-02-22,Poland,Android,Google Search
1476,2025-02-11,Ukraine,iOS,Google Search
1477,2025-02-21,UK,Android,Organic
1478,2025-02-07,USA,Android,Organic
1479,2025-03-12,Poland,Android,Google Search
1480,2025-01-17,Germany,Android,Organic
1481,2025-01-25,UK,Android,Facebook Ads
1482,2025-02-23,Germany,Android,Google Search
1483,2025-02-18,Germany,Android,Organic
1484,2025-01-23,Poland,Android,Organic
1485,2025-03-20,Poland,Android,TikTok
1486,2025-03-14,Germany,iOS,Facebook Ads
1487,2025-02-08,Germany,iOS,Organic
1488,2025-02-21,Poland,Android,Organic
1489,2025-03-12,USA,Android,TikTok
1490,2025-01-01,Ukraine,Android,Facebook Ads
1491,2025-02-08,Germany,Android,Organic
1492,2025-02-06,Poland,iOS,Organic
1493,2025-01-27,UK,iOS,Facebook Ads
1494,2025-02-25,UK,Android,Google Search
1495,2025-03-16,USA,iOS,Google Search
1496,2025-03-19,USA,Android,Organic
1497,2025-02-11,UK,iOS,Organic
1498,2025-03-01,USA,Android,Organic
1499,2025-02-26,Germany,Android,Organic
1500,2025-02-26,Poland,Android,Organic
1501,2025-01-28,Ukraine,Android,Facebook Ads
1502,2025-03-07,Poland,iOS,Facebook Ads
1503,2025-03-02,Poland,Android,Google Search
1504,2025-01-22,USA,Android,Google Search
1505,2025-01-11,Ukraine,iOS,Facebook Ads
1506,2025-02-06,Germany,Android,Organic
1507,2025-03-07,UK,Android,Google Search
1508,2025-03-21,Germany,Android,Facebook Ads
1509,2025-02-12,USA,Android,Google Search
1510,2025-01-12,UK,Android,Facebook Ads
1511,2025-01-31,Germany,Android,TikTok
1512,2025-02-09,Poland,Android,Organic
1513,2025-01-29,USA,Android,Organic
1514,2025-01-26,Ukraine,iOS,Facebook Ads
1515,2025-01-19,Poland,iOS,Organic
1516,2025-01-04,Ukraine,iOS,Organic
1517,2025-01-06,UK,Android,Organic
1518,2025-02-01,Ukraine,Android,Facebook Ads
1519,2025-03-02,Poland,iOS,Organic
1520,2025-03-20,Ukraine,Android,Organic
1521,2025-01-10,USA,iOS,Organic
1522,2025-02-28,USA,Android,Organic
1523,2025-02-23,Poland,Android,Google Search
1524,2025-03-22,Germany,Android,Organic
1525,2025-03-15,Ukraine,Android,Facebook Ads
1526,2025-01-25,Poland,Android,Organic
1527,2025-02-19,Ukraine,iOS,Facebook Ads
1528,2025-03-05,Poland,iOS,Google Search
1529,2025-02-21,Ukraine,Android,Facebook Ads
1530,2025-02-01,Germany,Android,Organic
1531,2025-01-19,Poland,Android,Facebook Ads
1532,2025-01-01,USA,Android,Organic
1533,2025-01-14,Germany,Android,Organic
1534,2025-02-24,USA,Android,Facebook Ads
1535,2025-01-29,Germany,Android,Facebook Ads
1536,2025-01-23,USA,Android,Facebook Ads
1537,2025-03-08,Germany,iOS,Organic
1538,2025-03-01,Ukraine,Android,Organic
1539,2025-01-07,USA,iOS,Google Search
1540,2025-03-13,Ukraine,Android,Facebook Ads
1541,2025-02-01,Poland,Android,Organic
1542,2025-01-16,Ukraine,iOS,Organic
1543,2025-02-28,USA,Android,Organic
1544,2025-01-18,Germany,Android,Organic
1545,2025-03-01,Ukraine,iOS,Facebook Ads
1546,2025-03-09,UK,iOS,Facebook Ads
1547,2025-03-13,Germany,Android,Facebook Ads
1548,2025-03-18,Poland,Android,Facebook Ads
1549,2025-02-10,Poland,Android,Facebook Ads
1550,2025-02-26,USA,Android,Facebook Ads
1551,2025-03-20,Germany,Android,Google Search
1552,2025-03-06,Ukraine,Android,TikTok
1553,2025-02-24,Ukraine,Android,Organic
1554,2025-03-12,Poland,Android,Organic
1555,2025-02-27,Germany,Android,Organic
1556,2025-01-21,Germany,iOS,Facebook Ads
1557,2025-03-02,Poland,iOS,Organic
1558,2025-02-27,Ukraine,Android,Facebook Ads
1559,2025-02-03,Poland,Android,Organic
1560,2025-02-01,Germany,Android,Google Search
1561,2025-02-05,Ukraine,iOS,TikTok
1562,2025-03-08,UK,iOS,Facebook Ads
1563,2025-03-04,Poland,iOS,Facebook Ads
1564,2025-03-22,Germany,iOS,TikTok
1565,2025-01-31,Germany,Android,Facebook Ads
1566,2025-02-05,USA,iOS,Organic
1567,2025-02-26,USA,Android,Organic
1568,2025-01-10,Poland,Android,Organic
1569,2025-02-06,Ukraine,iOS,TikTok
1570,2025-01-31,UK,Android,TikTok
1571,2025-02-04,UK,Android,Facebook Ads
1572,2025-02-12,Ukraine,iOS,Organic
1573,2025-02-10,USA,Android,Organic
1574,2025-03-11,Germany,Android,Organic
1575,2025-01-11,USA,Android,Facebook Ads
1576,2025-01-18,Poland,iOS,Organic
1577,2025-01-20,USA,Android,TikTok
1578,2025-01-30,Ukraine,Android,TikTok
1579,2025-02-19,Poland,iOS,Google Search
1580,2025-01-20,Ukraine,Android,Facebook Ads
1581,2025-01-28,Poland,Android,Google Search
1582,2025-01-09,Germany,Android,Organic
1583,2025-02-23,USA,iOS,Organic
1584,2025-02-22,Ukraine,Android,Google Search
1585,2025-02-12,Poland,iOS,Facebook Ads
1586,2025-03-11,USA,iOS,Google Search
1587,2025-03-01,UK,iOS,Google Search
1588,2025-02-23,Ukraine,iOS,TikTok
1589,2025-01-08,Germany,iOS,Organic
1590,2025-01-27,Poland,iOS,Google Search
1591,2025-02-23,Ukraine,Android,Organic
1592,2025-02-19,Ukraine,iOS,Facebook Ads
1593,2025-03-16,UK,iOS,TikTok
1594,2025-01-03,Germany,Android,Google Search
1595,2025-03-15,UK,Android,Google Search
1596,2025-02-18,Poland,Android,Google Search
1597,2025-03-03,USA,iOS,Organic
1598,2025-01-01,Ukraine,iOS,Organic
1599,2025-02-15,Poland,iOS,Organic
1600,2025-02-08,Poland,iOS,Facebook Ads
1601,2025-02-19,Germany,iOS,Google Search
1602,2025-02-23,Ukraine,iOS,Facebook Ads
1603,2025-03-10,UK,iOS,Organic
1604,2025-03-11,USA,iOS,Facebook Ads
1605,2025-03-19,Ukraine,Android,Organic
1606,2025-01-29,Ukraine,iOS,Organic
1607,2025-03-04,USA,iOS,Organic
1608,2025-01-29,Poland,Android,Google Search
1609,2025-02-04,UK,Android,Google Search
1610,2025-02-25,Ukraine,iOS,Facebook Ads
1611,2025-03-04,Poland,Android,Organic
1612,2025-01-04,Germany,Android,Organic
1613,2025-02-19,Poland,iOS,Facebook Ads
1614,2025-02-13,USA,Android,Google Search
1615,2025-02-21,UK,Android,Organic
1616,2025-01-22,USA,iOS,Organic
1617,2025-03-01,Germany,iOS,Facebook Ads
1618,2025-01-17,Poland,Android,Organic
1619,2025-03-21,Ukraine,Android,Facebook Ads
1620,2025-03-10,Germany,iOS,Facebook Ads
1621,2025-01-04,USA,iOS,TikTok
1622,2025-02-20,Poland,iOS,Organic
1623,2025-03-17,USA,Android,Organic
1624,2025-03-14,Ukraine,Android,Facebook Ads
1625,2025-01-04,Germany,iOS,Organic
1626,2025-01-11,Germany,Android,Google Search
1627,2025-02-24,UK,Android,Google Search
1628,2025-01-18,USA,iOS,Organic
1629,2025-03-01,UK,iOS,Facebook Ads
1630,2025-01-24,Germany,Android,Organic
1631,2025-01-07,Poland,Android,Organic
1632,2025-02-03,UK,Android,Facebook Ads
1633,2025-02-18,Poland,Android,Facebook Ads
1634,2025-02-11,UK,iOS,Facebook Ads
1635,2025-01-28,USA,Android,Facebook Ads
1636,2025-02-28,USA,Android,Organic
1637,2025-02-11,Germany,iOS,Organic
1638,2025-02-13,USA,iOS,Facebook Ads
1639,2025-02-18,UK,iOS,Facebook Ads
1640,2025-02-05,UK,iOS,Organic
1641,2025-02-23,Poland,iOS,Organic
1642,2025-02-02,Ukraine,iOS,Google Search
1643,2025-01-11,UK,iOS,Google Search
1644,2025-03-02,Poland,iOS,Organic
1645,2025-01-03,Germany,Android,Facebook Ads
1646,2025-03-11,USA,Android,Facebook Ads
1647,2025-01-07,USA,Android,Organic
1648,2025-02-14,UK,Android,Organic
1649,2025-01-29,USA,Android,Organic
1650,2025-01-09,Germany,iOS,Organic
1651,2025-01-06,Ukraine,Android,Organic
1652,2025-01-04,UK,Android,Facebook Ads
1653,2025-02-01,Germany,Android,Google Search
1654,2025-01-26,Poland,Android,Facebook Ads
1655,2025-01-03,Ukraine,iOS,Facebook Ads
1656,2025-03-21,UK,iOS,Organic
1657,2025-01-20,USA,iOS,Organic
1658,2025-01-31,UK,Android,TikTok
1659,2025-01-17,Poland,Android,Organic
1660,2025-03-02,USA,iOS,Facebook Ads
1661,2025-01-15,Ukraine,Android,Facebook Ads
1662,2025-03-14,UK,Android,Organic
1663,2025-01-28,Germany,iOS,Organic
1664,2025-03-01,Poland,iOS,Organic
1665,2025-02-02,UK,iOS,Organic
1666,2025-02-17,Germany,iOS,Organic
1667,2025-01-22,UK,iOS,Organic
1668,2025-03-19,Poland,iOS,Facebook Ads
1669,2025-03-19,UK,iOS,Organic
1670,2025-01-15,USA,iOS,Organic
1671,2025-01-21,USA,Android,Facebook Ads
1672,2025-02-09,Germany,iOS,Organic
1673,2025-01-14,USA,Android,Google Search
1674,2025-03-16,Ukraine,Android,TikTok
1675,2025-01-04,Ukraine,Android,Facebook Ads
1676,2025-02-09,UK,iOS,Organic
1677,2025-03-15,Ukraine,iOS,Facebook Ads
1678,2025-02-18,Ukraine,Android,Organic
1679,2025-02-20,Poland,Android,Facebook Ads
1680,2025-01-26,Poland,Android,Facebook Ads
1681,2025-01-10,Ukraine,iOS,Google Search
1682,2025-03-17,Poland,iOS,TikTok
1683,2025-03-22,Ukraine,Android,Facebook Ads
1684,2025-02-01,Germany,Android,Facebook Ads
1685,2025-01-14,Poland,Android,Organic
1686,2025-02-08,Ukraine,Android,Organic
1687,2025-03-18,Ukraine,iOS,TikTok
1688,2025-01-16,UK,Android,Facebook Ads
1689,2025-03-14,Germany,iOS,Organic
1690,2025-01-06,Germany,iOS,Facebook Ads
1691,2025-02-14,UK,Android,Facebook Ads
1692,2025-03-10,UK,Android,Organic
1693,2025-02-24,UK,iOS,Organic
1694,2025-02-17,USA,iOS,Organic
1695,2025-01-09,Ukraine,Android,Google Search
1696,2025-03-06,USA,iOS,Google Search
1697,2025-02-13,Poland,Android,Google Search
1698,2025-01-02,UK,iOS,TikTok
1699,2025-02-23,Ukraine,Android,Facebook Ads
1700,2025-03-04,Ukraine,Android,Facebook Ads
1701,2025-01-14,Poland,iOS,Google Search
1702,2025-02-25,Germany,iOS,Organic
1703,2025-02-16,Ukraine,iOS,Facebook Ads
1704,2025-02-28,Germany,iOS,TikTok
1705,2025-01-20,Ukraine,Android,Facebook Ads
1706,2025-02-25,USA,iOS,Organic
1707,2025-01-23,UK,Android,Facebook Ads
1708,2025-03-08,Germany,iOS,Organic
1709,2025-02-04,USA,Android,TikTok
1710,2025-03-20,Ukraine,Android,Facebook Ads
1711,2025-03-10,UK,Android,TikTok
1712,2025-03-03,USA,Android,Google Search
1713,2025-03-01,UK,Android,TikTok
1714,2025-02-25,Ukraine,iOS,Organic
1715,2025-03-17,Ukraine,Android,Google Search
1716,2025-02-04,USA,Android,Facebook Ads
1717,2025-02-11,Ukraine,Android,Google Search
1718,2025-02-01,Poland,iOS,Facebook Ads
1719,2025-01-12,UK,Android,Facebook Ads
1720,2025-02-05,Ukraine,Android,Facebook Ads
1721,2025-02-27,Ukraine,iOS,Google Search
1722,2025-02-01,Poland,iOS,Organic
1723,2025-03-01,UK,Android,Facebook Ads
1724,2025-03-14,Germany,Android,Facebook Ads
1725,2025-03-20,Poland,Android,Organic
1726,2025-02-18,Poland,iOS,Facebook Ads
1727,2025-02-13,UK,Android,Facebook Ads
1728,2025-01-04,Poland,iOS,Facebook Ads
1729,2025-03-05,UK,iOS,TikTok
1730,2025-02-11,Poland,iOS,Organic
1731,2025-01-24,UK,Android,Google Search
1732,2025-03-04,UK,Android,Organic
1733,2025-01-28,Germany,Android,Organic
1734,2025-02-15,Ukraine,iOS,Organic
1735,2025-02-03,UK,Android,Organic
1736,2025-02-13,USA,iOS,Organic
1737,2025-02-05,Germany,Android,Facebook Ads
1738,2025-03-18,Germany,Android,Facebook Ads
1739,2025-02-05,Ukraine,iOS,Google Search
1740,2025-03-13,Poland,Android,Organic
1741,2025-01-02,Poland,iOS,Organic
1742,2025-03-08,UK,Android,Organic
1743,2025-01-25,Germany,Android,TikTok
1744,2025-01-11,UK,iOS,Facebook Ads
1745,2025-01-31,USA,Android,Organic
1746,2025-02-22,Poland,iOS,Organic
1747,2025-03-04,UK,Android,TikTok
1748,2025-03-13,UK,Android,TikTok
1749,2025-01-31,Germany,Android,Organic
1750,2025-03-02,USA,iOS,Facebook Ads
1751,2025-03-04,USA,Android,Organic
1752,2025-02-27,UK,Android,Facebook Ads
1753,2025-01-03,USA,iOS,Organic
1754,2025-01-12,USA,iOS,TikTok
1755,2025-02-07,Germany,Android,Google Search
1756,2025-01-29,Germany,Android,Organic
1757,2025-02-21,USA,Android,Google Search
1758,2025-02-01,UK,Android,Google Search
1759,2025-02-09,Poland,Android,Google Search
1760,2025-03-16,UK,iOS,Organic
1761,2025-02-17,UK,iOS,TikTok
1762,2025-03-02,Poland,iOS,TikTok
1763,2025-03-12,Germany,Android,Facebook Ads
1764,2025-03-09,UK,iOS,Organic
1765,2025-02-14,USA,Android,Organic
1766,2025-02-24,USA,Android,Facebook Ads
1767,2025-03-12,Germany,Android,Facebook Ads
1768,2025-02-12,Germany,iOS,Facebook Ads
1769,2025-02-15,Germany,Android,TikTok
1770,2025-02-28,Ukraine,iOS,Organic
1771,2025-02-04,Ukraine,Android,Organic
1772,2025-02-09,USA,iOS,Facebook Ads
1773,2025-02-02,UK,iOS,Organic
1774,2025-01-30,Ukraine,Android,Facebook Ads
1775,2025-01-16,UK,iOS,Google Search
1776,2025-01-25,Poland,iOS,Organic
1777,2025-02-10,USA,Android,Facebook Ads
1778,2025-01-16,Ukraine,Android,Organic
1779,2025-03-10,USA,Android,Facebook Ads
1780,2025-01-24,Poland,Android,Organic
1781,2025-01-25,Poland,Android,Google Search
1782,2025-01-28,USA,iOS,Organic
1783,2025-03-03,Ukraine,iOS,Facebook Ads
1784,2025-02-05,USA,iOS,Facebook Ads
1785,2025-03-17,UK,Android,TikTok
1786,2025-03-09,UK,Android,Facebook Ads
1787,2025-03-18,UK,Android,Organic
1788,2025-02-06,UK,Android,TikTok
1789,2025-01-13,UK,Android,Facebook Ads
1790,2025-01-25,Poland,iOS,Facebook Ads
1791,2025-02-07,Ukraine,Android,Organic
1792,2025-01-30,Ukraine,Android,TikTok
1793,2025-02-16,Germany,Android,TikTok
1794,2025-01-23,USA,iOS,Organic
1795,2025-02-08,Poland,Android,Organic
1796,2025-01-02,Poland,Android,Facebook Ads
1797,2025-03-10,USA,Android,TikTok
1798,2025-01-17,USA,Android,TikTok
1799,2025-02-05,UK,Android,Facebook Ads
1800,2025-01-06,Poland,Android,Facebook Ads
1801,2025-01-07,Poland,iOS,Facebook Ads
1802,2025-03-12,USA,Android,Facebook Ads
1803,2025-02-07,USA,Android,Organic
1804,2025-01-17,Ukraine,Android,Google Search
1805,2025-03-04,UK,Android,Facebook Ads
1806,2025-01-14,Germany,Android,Google Search
1807,2025-01-02,UK,Android,TikTok
1808,2025-03-15,Poland,Android,Organic
1809,2025-02-06,Ukraine,iOS,Google Search
1810,2025-03-02,USA,Android,Facebook Ads
1811,2025-03-03,Germany,Android,TikTok
1812,2025-02-26,Poland,iOS,Organic
1813,2025-02-13,Germany,Android,Facebook Ads
1814,2025-01-24,UK,Android,Facebook Ads
1815,2025-01-07,Ukraine,Android,Facebook Ads
1816,2025-02-02,UK,Android,Facebook Ads
1817,2025-03-03,USA,iOS,Organic
1818,2025-01-15,Ukraine,iOS,TikTok
1819,2025-01-09,UK,iOS,Google Search
1820,2025-02-21,Germany,Android,Organic
1821,2025-03-04,Ukraine,iOS,Google Search
1822,2025-01-10,Ukraine,iOS,Organic
1823,2025-03-15,USA,iOS,Organic
1824,2025-03-22,USA,Android,Facebook Ads
1825,2025-01-07,Germany,Android,Google Search
1826,2025-01-20,Germany,iOS,Organic
1827,2025-01-20,Ukraine,iOS,Facebook Ads
1828,2025-03-14,Poland,Android,Google Search
1829,2025-02-08,UK,Android,Organic
1830,2025-01-11,Ukraine,iOS,TikTok
1831,2025-02-01,Germany,Android,Google Search
1832,2025-01-16,Ukraine,iOS,Organic
1833,2025-03-13,USA,iOS,Google Search
1834,2025-02-23,UK,Android,Organic
1835,2025-03-19,Ukraine,Android,Organic
1836,2025-03-18,USA,Android,Organic
1837,2025-03-21,UK,iOS,Google Search
1838,2025-01-29,UK,Android,Organic
1839,2025-03-08,Poland,Android,Organic
1840,2025-02-18,USA,iOS,Google Search
1841,2025-02-27,UK,Android,Facebook Ads
1842,2025-02-26,Poland,iOS,Facebook Ads
1843,2025-02-08,Poland,Android,Facebook Ads
1844,2025-03-17,Ukraine,iOS,Organic
1845,2025-02-24,Germany,Android,Facebook Ads
1846,2025-02-09,Germany,iOS,Facebook Ads
1847,2025-03-14,UK,Android,Organic
1848,2025-03-21,UK,Android,Google Search
1849,2025-01-08,UK,Android,Organic
1850,2025-03-20,Ukraine,iOS,Facebook Ads
1851,2025-01-13,Poland,Android,TikTok
1852,2025-01-27,Germany,iOS,Organic
1853,2025-03-22,USA,Android,Organic
1854,2025-01-28,Germany,iOS,Google Search
1855,2025-02-03,Poland,iOS,Organic
1856,2025-01-11,Poland,iOS,Facebook Ads
1857,2025-01-21,USA,Android,Facebook Ads
1858,2025-01-31,Ukraine,Android,Facebook Ads
1859,2025-01-23,Germany,iOS,Organic
1860,2025-03-12,UK,Android,Google Search
1861,2025-01-10,Ukraine,Android,Organic
1862,2025-01-21,UK,Android,Facebook Ads
1863,2025-01-01,Germany,Android,Google Search
1864,2025-02-22,USA,Android,Organic
1865,2025-02-27,Ukraine,Android,Google Search
1866,2025-03-18,Germany,iOS,Organic
1867,2025-03-02,UK,iOS,Facebook Ads
1868,2025-02-07,Germany,Android,Organic
1869,2025-01-05,Poland,Android,Organic
1870,2025-01-30,Poland,iOS,Facebook Ads
1871,2025-02-06,Germany,iOS,Facebook Ads
1872,2025-02-06,UK,Android,Organic
1873,2025-02-28,Poland,Android,Organic
1874,2025-01-10,Germany,iOS,Google Search
1875,2025-01-30,Germany,iOS,Facebook Ads
1876,2025-02-03,UK,Android,Organic
1877,2025-03-22,Poland,Android,Organic
1878,2025-03-17,UK,iOS,Google Search
1879,2025-01-26,UK,iOS,Google Search
1880,2025-02-24,UK,iOS,Facebook Ads
1881,2025-01-15,Poland,Android,Organic
1882,2025-03-11,Poland,iOS,Google Search
1883,2025-01-29,Ukraine,iOS,TikTok
1884,2025-01-20,USA,Android,Google Search
1885,2025-02-04,Germany,iOS,Google Search
1886,2025-01-19,USA,Android,Organic
1887,2025-01-10,UK,iOS,TikTok
1888,2025-01-08,Ukraine,iOS,Organic
1889,2025-01-22,Ukraine,iOS,Google Search
1890,2025-02-09,Germany,Android,Organic
1891,2025-03-18,Germany,Android,Organic
1892,2025-03-14,USA,Android,Google Search
1893,2025-02-06,USA,iOS,Facebook Ads
1894,2025-02-26,Poland,Android,Google Search
1895,2025-01-16,USA,iOS,Facebook Ads
1896,2025-03-01,USA,iOS,TikTok
1897,2025-02-08,UK,Android,Google Search
1898,2025-02-21,Ukraine,iOS,TikTok
1899,2025-02-04,USA,iOS,Organic
1900,2025-03-06,Poland,iOS,Organic
1901,2025-03-11,USA,iOS,Organic
1902,2025-03-05,UK,iOS,Facebook Ads
1903,2025-02-26,Germany,Android,Google Search
1904,2025-01-11,UK,Android,Facebook Ads
1905,2025-03-18,Poland,Android,Organic
1906,2025-01-06,Germany,Android,Google Search
1907,2025-02-25,Ukraine,iOS,Organic
1908,2025-02-11,Poland,iOS,Facebook Ads
1909,2025-03-19,Poland,iOS,Facebook Ads
1910,2025-02-02,USA,Android,Google Search
1911,2025-01-04,Poland,iOS,TikTok
1912,2025-01-12,Ukraine,Android,Organic
1913,2025-01-30,Ukraine,Android,Google Search
1914,2025-03-15,Ukraine,Android,Organic
1915,2025-03-17,Poland,Android,Facebook Ads
1916,2025-01-03,UK,iOS,TikTok
1917,2025-02-04,Poland,Android,Organic
1918,2025-03-15,USA,Android,Facebook Ads
1919,2025-01-06,Ukraine,iOS,Organic
1920,2025-01-23,USA,Android,Facebook Ads
1921,2025-03-02,Ukraine,Android,TikTok
1922,2025-03-08,USA,Android,Facebook Ads
1923,2025-02-26,Germany,Android,Organic
1924,2025-02-05,Germany,Android,Facebook Ads
1925,2025-01-24,Ukraine,iOS,Organic
1926,2025-03-16,USA,iOS,Organic
1927,2025-02-25,Poland,Android,Organic
1928,2025-03-04,UK,Android,Organic
1929,2025-01-12,Poland,iOS,Organic
1930,2025-03-02,Poland,iOS,Facebook Ads
1931,2025-02-14,UK,Android,Google Search
1932,2025-02-22,UK,Android,Facebook Ads
1933,2025-02-12,USA,Android,TikTok
1934,2025-02-11,UK,iOS,Google Search
1935,2025-01-14,Germany,iOS,Organic
1936,2025-01-21,UK,iOS,Organic
1937,2025-02-12,Poland,Android,Facebook Ads
1938,2025-02-22,Ukraine,iOS,Facebook Ads
1939,2025-03-05,Germany,Android,Facebook Ads
1940,2025-02-06,UK,iOS,Google Search
1941,2025-02-21,UK,Android,Facebook Ads
1942,2025-03-12,Ukraine,Android,Facebook Ads
1943,2025-01-05,USA,Android,Organic
1944,2025-02-28,Poland,iOS,TikTok
1945,2025-01-12,Ukraine,iOS,Google Search
1946,2025-02-10,USA,iOS,Google Search
1947,2025-02-02,Poland,Android,Facebook Ads
1948,2025-02-11,UK,Android,Organic
1949,2025-01-15,USA,Android,Organic
1950,2025-02-21,Ukraine,Android,Facebook Ads
1951,2025-03-07,Germany,Android,Facebook Ads
1952,2025-01-01,Ukraine,iOS,Organic
1953,2025-03-11,Ukraine,Android,Organic
1954,2025-03-01,Germany,Android,Facebook Ads
1955,2025-02-22,USA,iOS,Organic
1956,2025-01-07,USA,Android,Google Search
1957,2025-01-25,Ukraine,iOS,Google Search
1958,2025-03-08,Ukraine,iOS,Organic
1959,2025-02-16,USA,Android,Organic
1960,2025-03-21,Germany,iOS,Google Search
1961,2025-03-05,Poland,Android,TikTok
1962,2025-03-22,Germany,iOS,Google Search
1963,2025-02-26,UK,iOS,Organic
1964,2025-01-07,Ukraine,iOS,Google Search
1965,2025-01-27,USA,iOS,Organic
1966,2025-02-04,Germany,Android,TikTok
1967,2025-03-12,UK,iOS,Facebook Ads
1968,2025-01-17,UK,Android,TikTok
1969,2025-02-06,Ukraine,Android,Organic
1970,2025-02-26,Poland,Android,Organic
1971,2025-03-04,Poland,Android,Facebook Ads
1972,2025-01-16,UK,Android,Organic
1973,2025-01-04,Germany,iOS,Organic
1974,2025-03-22,UK,iOS,Facebook Ads
1975,2025-03-19,Ukraine,iOS,TikTok
1976,2025-01-31,Ukraine,Android,Facebook Ads
1977,2025-01-21,Poland,iOS,Facebook Ads
1978,2025-02-09,UK,Android,Organic
1979,2025-03-12,USA,Android,Organic
1980,2025-01-02,USA,iOS,Organic
1981,2025-03-12,Germany,Android,Facebook Ads
1982,2025-02-22,Germany,iOS,TikTok
1983,2025-01-12,Poland,iOS,Facebook Ads
1984,2025-01-29,Ukraine,Android,Facebook Ads
1985,2025-01-15,USA,Android,Facebook Ads
1986,2025-03-01,USA,Android,Organic
1987,2025-01-16,USA,Android,TikTok
1988,2025-01-20,USA,iOS,Organic
1989,2025-03-05,Poland,Android,Organic
1990,2025-02-07,UK,Android,Facebook Ads
1991,2025-03-07,USA,Android,Organic
1992,2025-02-04,Ukraine,iOS,Google Search
1993,2025-02-23,USA,Android,Google Search
1994,2025-03-03,Germany,iOS,Facebook Ads
1995,2025-03-02,Ukraine,iOS,Organic
1996,2025-02-01,UK,Android,Organic
1997,2025-02-28,USA,iOS,Organic
1998,2025-03-12,Poland,Android,Google Search
1999,2025-01-19,Poland,Android,Facebook Ads
2000,2025-02-19,USA,iOS,Organic
2001,2025-01-25,Germany,Android,Facebook Ads
2002,2025-03-18,Poland,Android,Organic
2003,2025-03-07,Ukraine,Android,Organic
2004,2025-01-18,Germany,Android,Facebook Ads
2005,2025-01-09,UK,Android,TikTok
2006,2025-02-05,UK,Android,Organic
2007,2025-02-23,Poland,Android,Facebook Ads
2008,2025-02-13,Germany,iOS,Organic
2009,2025-03-06,Poland,Android,Facebook Ads
2010,2025-02-04,UK,iOS,Organic
2011,2025-01-01,Poland,Android,Organic
2012,2025-02-06,Germany,Android,TikTok
2013,2025-02-08,USA,iOS,Organic
2014,2025-03-17,UK,Android,Google Search
2015,2025-03-16,USA,Android,Organic
2016,2025-03-04,Germany,iOS,Facebook Ads
2017,2025-01-20,UK,Android,Organic
2018,2025-02-27,Poland,Android,Organic
2019,2025-03-10,Poland,iOS,Facebook Ads
2020,2025-03-03,Poland,Android,Google Search
2021,2025-02-14,UK,iOS,Organic
2022,2025-02-12,UK,Android,Organic
2023,2025-03-12,Poland,Android,Facebook Ads
2024,2025-03-11,Poland,Android,Facebook Ads
2025,2025-02-18,USA,Android,Facebook Ads
2026,2025-02-28,UK,Android,Organic
2027,2025-02-11,Poland,Android,Facebook Ads
2028,2025-01-25,Germany,iOS,Organic
2029,2025-01-31,Poland,Android,Facebook Ads
2030,2025-03-15,UK,iOS,Organic
2031,2025-02-19,Poland,Android,Google Search
2032,2025-01-30,USA,iOS,Organic
2033,2025-02-22,Ukraine,iOS,Facebook Ads
2034,2025-01-06,UK,iOS,Organic
2035,2025-02-10,UK,Android,Facebook Ads
2036,2025-03-02,Ukraine,iOS,Organic
2037,2025-02-18,Poland,Android,Organic
2038,2025-02-19,USA,iOS,Facebook Ads
2039,2025-01-20,Poland,iOS,Organic
2040,2025-03-05,Ukraine,Android,Organic
2041,2025-01-05,USA,Android,Facebook Ads
2042,2025-01-17,Germany,iOS,Google Search
2043,2025-03-06,Germany,Android,Facebook Ads
2044,2025-03-17,USA,Android,Organic
2045,2025-02-12,Germany,Android,Organic
2046,2025-01-13,USA,iOS,Facebook Ads
2047,2025-02-26,Poland,iOS,Organic
2048,2025-01-13,Poland,Android,Organic
2049,2025-03-09,Ukraine,iOS,TikTok
2050,2025-02-28,Poland,Android,Organic
2051,2025-01-02,Poland,Android,TikTok
2052,2025-01-19,Ukraine,Android,Organic
2053,2025-02-22,UK,Android,Google Search
2054,2025-01-20,UK,Android,Organic
2055,2025-01-10,USA,iOS,Google Search
2056,2025-03-02,UK,Android,Google Search
2057,2025-02-03,UK,Android,Google Search
2058,2025-02-13,UK,Android,Organic
2059,2025-03-21,Poland,Android,Organic
2060,2025-02-20,UK,Android,Google Search
2061,2025-01-11,Poland,Android,Google Search
2062,2025-02-12,Poland,Android,Google Search
2063,2025-03-10,Ukraine,Android,Organic
2064,2025-02-18,USA,Android,Facebook Ads
2065,2025-02-10,Ukraine,Android,Organic
2066,2025-03-22,Germany,iOS,Google Search
2067,2025-03-04,Poland,iOS,Google Search
2068,2025-03-11,UK,iOS,Facebook Ads
2069,2025-01-05,UK,iOS,Facebook Ads
2070,2025-03-21,Germany,iOS,TikTok
2071,2025-01-09,USA,iOS,Google Search
2072,2025-01-31,Poland,iOS,Facebook Ads
2073,2025-03-22,Germany,iOS,Google Search
2074,2025-02-06,Germany,Android,Google Search
2075,2025-01-30,Germany,Android,Facebook Ads
2076,2025-01-12,Poland,iOS,Google Search
2077,2025-02-25,Poland,Android,Organic
2078,2025-01-13,Poland,iOS,Organic
2079,2025-01-13,Poland,Android,Google Search
2080,2025-02-26,Ukraine,Android,Google Search
2081,2025-01-22,Germany,iOS,TikTok
2082,2025-02-08,Ukraine,Android,Google Search
2083,2025-01-04,USA,Android,Facebook Ads
2084,2025-01-06,Germany,Android,Facebook Ads
2085,2025-02-11,Poland,Android,Google Search
2086,2025-01-08,Poland,Android,Organic
2087,2025-02-07,Poland,iOS,Facebook Ads
2088,2025-02-15,Ukraine,Android,Organic
2089,2025-02-17,Poland,iOS,Facebook Ads
2090,2025-02-25,Germany,Android,Google Search
2091,2025-01-19,UK,Android,Organic
2092,2025-02-01,Germany,Android,Google Search
2093,2025-03-09,USA,Android,Organic
2094,2025-02-22,Germany,iOS,Facebook Ads
2095,2025-03-14,Poland,iOS,Organic
2096,2025-01-24,Germany,iOS,Facebook Ads
2097,2025-01-22,Germany,iOS,Organic
2098,2025-01-23,Ukraine,Android,Facebook Ads
2099,2025-01-11,UK,iOS,Organic
2100,2025-03-20,Germany,iOS,Google Search
2101,2025-02-18,USA,Android,Organic
2102,2025-03-21,Germany,Android,Google Search
2103,2025-01-31,UK,Android,TikTok
2104,2025-03-05,UK,Android,Facebook Ads
2105,2025-03-16,UK,iOS,Facebook Ads
2106,2025-01-19,UK,iOS,Google Search
2107,2025-01-30,UK,Android,Facebook Ads
2108,2025-03-01,Ukraine,Android,Facebook Ads
2109,2025-02-02,UK,iOS,TikTok
2110,2025-02-28,Ukraine,Android,TikTok
2111,2025-02-02,Germany,iOS,Google Search
2112,2025-01-02,Germany,iOS,TikTok
2113,2025-03-01,Ukraine,Android,Organic
2114,2025-02-06,Poland,Android,Facebook Ads
2115,2025-03-11,UK,Android,Organic
2116,2025-01-21,UK,iOS,Organic
2117,2025-01-10,Germany,Android,TikTok
2118,2025-02-26,Ukraine,iOS,Facebook Ads
2119,2025-02-14,UK,iOS,Organic
2120,2025-03-17,Germany,Android,Facebook Ads
2121,2025-02-08,UK,Android,Facebook Ads
2122,2025-02-24,Ukraine,Android,Facebook Ads
2123,2025-02-02,Poland,Android,TikTok
2124,2025-02-28,USA,Android,Organic
2125,2025-02-08,Germany,Android,Organic
2126,2025-01-26,Germany,iOS,Organic
2127,2025-02-19,USA,Android,Google Search
2128,2025-03-03,USA,iOS,Facebook Ads
2129,2025-01-14,Germany,iOS,Facebook Ads
2130,2025-01-31,Poland,Android,Google Search
2131,2025-02-18,Germany,Android,Organic
2132,2025-03-15,USA,iOS,Organic
2133,2025-02-15,UK,iOS,Facebook Ads
2134,2025-03-15,Ukraine,Android,Facebook Ads
2135,2025-02-07,UK,iOS,Facebook Ads
2136,2025-02-07,Poland,Android,Google Search
2137,2025-01-03,Germany,Android,TikTok
2138,2025-02-20,Germany,Android,Organic
2139,2025-02-05,Ukraine,Android,Organic
2140,2025-01-02,UK,Android,Google Search
2141,2025-03-14,Ukraine,iOS,Google Search
2142,2025-01-07,Poland,Android,Facebook Ads
2143,2025-03-19,UK,Android,Organic
2144,2025-03-05,UK,iOS,Organic
2145,2025-02-06,Poland,Android,Facebook Ads
2146,2025-01-30,Germany,Android,Organic
2147,2025-03-19,Germany,Android,Google Search
2148,2025-02-15,USA,Android,Organic
2149,2025-01-29,Germany,Android,TikTok
2150,2025-01-25,Ukraine,Android,Organic
2151,2025-03-21,Poland,Android,Organic
2152,2025-02-02,Germany,Android,Facebook Ads
2153,2025-01-18,UK,Android,Facebook Ads
2154,2025-03-22,Poland,Android,Facebook Ads
2155,2025-01-13,Germany,Android,Facebook Ads
2156,2025-03-22,Ukraine,iOS,Organic
2157,2025-01-06,USA,Android,Organic
2158,2025-02-09,USA,Android,Facebook Ads
2159,2025-02-26,Poland,iOS,Organic
2160,2025-01-05,Ukraine,Android,Facebook Ads
2161,2025-03-16,Ukraine,iOS,Google Search
2162,2025-02-16,Ukraine,iOS,Facebook Ads
2163,2025-01-17,Germany,Android,Google Search
2164,2025-01-12,USA,iOS,Facebook Ads
2165,2025-02-07,Ukraine,Android,Google Search
2166,2025-02-11,UK,Android,Google Search
2167,2025-02-23,Germany,Android,TikTok
2168,2025-01-23,UK,iOS,Facebook Ads
2169,2025-01-26,UK,iOS,Facebook Ads
2170,2025-01-17,Poland,Android,Facebook Ads
2171,2025-03-11,Germany,Android,Organic
2172,2025-02-16,UK,Android,Facebook Ads
2173,2025-03-09,Germany,iOS,Organic
2174,2025-03-06,Ukraine,Android,Organic
2175,2025-02-04,Poland,Android,Organic
2176,2025-01-22,USA,Android,Organic
2177,2025-02-02,UK,iOS,Facebook Ads
2178,2025-03-03,Poland,Android,Facebook Ads
2179,2025-02-07,Poland,Android,Google Search
2180,2025-02-13,Poland,Android,Organic
2181,2025-01-15,Poland,iOS,Facebook Ads
2182,2025-03-01,Ukraine,Android,Facebook Ads
2183,2025-01-10,Germany,Android,TikTok
2184,2025-01-19,USA,iOS,Facebook Ads
2185,2025-01-29,USA,Android,Organic
2186,2025-02-20,Germany,Android,Organic
2187,2025-03-13,USA,iOS,Facebook Ads
2188,2025-02-16,Poland,iOS,Facebook Ads
2189,2025-01-12,Ukraine,Android,Facebook Ads
2190,2025-02-20,Poland,iOS,Organic
2191,2025-01-02,Poland,Android,Organic
2192,2025-02-03,Ukraine,iOS,Organic
2193,2025-03-10,UK,Android,TikTok
2194,2025-01-16,USA,iOS,Organic
2195,2025-02-28,Ukraine,Android,Facebook Ads
2196,2025-02-17,Germany,Android,Facebook Ads
2197,2025-02-03,Germany,Android,Organic
2198,2025-03-16,Germany,Android,Facebook Ads
2199,2025-02-18,UK,iOS,Facebook Ads
2200,2025-02-17,Ukraine,Android,Organic
2201,2025-01-14,UK,iOS,Google Search
2202,2025-01-30,Germany,iOS,TikTok
2203,2025-03-02,Poland,iOS,Organic
2204,2025-01-04,Poland,Android,Facebook Ads
2205,2025-03-21,UK,Android,TikTok
2206,2025-03-13,Germany,Android,Facebook Ads
2207,2025-02-11,Germany,Android,Google Search
2208,2025-03-20,Germany,iOS,Google Search
2209,2025-01-29,Germany,Android,Facebook Ads
2210,2025-01-09,Ukraine,Android,Google Search
2211,2025-03-01,UK,Android,Facebook Ads
2212,2025-02-08,UK,iOS,Google Search
2213,2025-02-22,Ukraine,Android,Google Search
2214,2025-01-15,Poland,Android,Organic
2215,2025-01-18,UK,iOS,Organic
2216,2025-01-06,USA,iOS,Facebook Ads
2217,2025-01-05,UK,Android,Google Search
2218,2025-02-08,UK,Android,Google Search
2219,2025-03-05,Poland,iOS,Facebook Ads
2220,2025-01-15,Ukraine,Android,Organic
2221,2025-01-13,Poland,iOS,Organic
2222,2025-01-31,Poland,Android,Facebook Ads
2223,2025-03-10,Ukraine,Android,Google Search
2224,2025-01-18,USA,Android,Facebook Ads
2225,2025-02-19,Ukraine,Android,Organic
2226,2025-02-28,Poland,iOS,Facebook Ads
2227,2025-02-17,Ukraine,iOS,TikTok
2228,2025-03-11,UK,Android,Organic
2229,2025-02-23,UK,Android,Google Search
2230,2025-03-17,USA,Android,Organic
2231,2025-01-20,USA,iOS,TikTok
2232,2025-02-23,Ukraine,iOS,Organic
2233,2025-01-13,Ukraine,iOS,Facebook Ads
2234,2025-03-04,Ukraine,Android,Google Search
2235,2025-03-20,Germany,iOS,Organic
2236,2025-02-22,Poland,Android,Organic
2237,2025-02-05,Poland,Android,Organic
2238,2025-01-05,USA,Android,Organic
2239,2025-02-17,UK,iOS,Organic
2240,2025-01-28,UK,Android,TikTok
2241,2025-02-26,UK,Android,Facebook Ads
2242,2025-02-26,UK,Android,Organic
2243,2025-01-31,Poland,Android,Organic
2244,2025-02-16,Germany,Android,Organic
2245,2025-01-13,UK,Android,Organic
2246,2025-02-17,USA,iOS,Facebook Ads
2247,2025-03-11,Ukraine,iOS,Organic
2248,2025-02-15,Ukraine,Android,Organic
2249,2025-01-08,USA,Android,Facebook Ads
2250,2025-02-20,USA,Android,Google Search
2251,2025-02-05,USA,Android,Facebook Ads
2252,2025-01-25,Germany,iOS,Google Search
2253,2025-01-16,Ukraine,iOS,Facebook Ads
2254,2025-02-28,Germany,Android,Google Search
2255,2025-01-12,UK,Android,Organic
2256,2025-01-28,Ukraine,iOS,Organic
2257,2025-03-18,USA,Android,Organic
2258,2025-01-03,Germany,iOS,Organic
2259,2025-01-07,Poland,Android,Facebook Ads
2260,2025-02-12,Ukraine,iOS,Facebook Ads
2261,2025-02-01,USA,Android,Organic
2262,2025-01-17,USA,iOS,Facebook Ads
2263,2025-03-14,UK,Android,TikTok
2264,2025-01-27,Germany,iOS,Organic
2265,2025-01-09,UK,iOS,Organic
2266,2025-03-12,Poland,iOS,TikTok
2267,2025-01-27,Poland,Android,Facebook Ads
2268,2025-03-17,UK,Android,Google Search
2269,2025-01-28,Ukraine,iOS,Organic
2270,2025-01-30,Ukraine,Android,Google Search
2271,2025-02-12,UK,Android,TikTok
2272,2025-01-19,UK,Android,Facebook Ads
2273,2025-03-18,Ukraine,iOS,Organic
2274,2025-01-01,Germany,Android,Organic
2275,2025-02-05,UK,iOS,Organic
2276,2025-01-19,USA,iOS,Facebook Ads
2277,2025-01-17,Germany,Android,Google Search
2278,2025-03-11,UK,iOS,Organic
2279,2025-02-02,USA,Android,Facebook Ads
2280,2025-01-23,USA,Android,Organic
2281,2025-01-15,UK,Android,Organic
2282,2025-01-04,UK,Android,Organic
2283,2025-01-17,UK,iOS,Organic
2284,2025-01-02,USA,iOS,Facebook Ads
2285,2025-02-15,Poland,Android,Organic
2286,2025-01-31,UK,iOS,Organic
2287,2025-03-17,UK,iOS,Google Search
2288,2025-02-11,Germany,iOS,TikTok
2289,2025-01-03,UK,iOS,Google Search
2290,2025-01-23,Germany,iOS,Facebook Ads
2291,2025-02-03,Germany,iOS,Google Search
2292,2025-01-07,Poland,Android,TikTok
2293,2025-01-17,UK,Android,Google Search
2294,2025-02-23,Poland,Android,Organic
2295,2025-03-09,USA,iOS,Organic
2296,2025-01-15,Poland,iOS,Google Search
2297,2025-01-09,Ukraine,iOS,Facebook Ads
2298,2025-03-02,Ukraine,Android,Organic
2299,2025-02-27,Ukraine,Android,Google Search
2300,2025-02-16,Germany,iOS,Organic
2301,2025-03-07,Ukraine,Android,Google Search
2302,2025-03-17,Poland,iOS,Google Search
2303,2025-01-14,UK,Android,Organic
2304,2025-02-27,Germany,Android,Google Search
2305,2025-03-06,Germany,Android,Google Search
2306,2025-01-29,Ukraine,Android,Google Search
2307,2025-03-20,USA,Android,Google Search
2308,2025-01-06,USA,iOS,Organic
2309,2025-03-08,UK,Android,Organic
2310,2025-02-08,Poland,iOS,Google Search
2311,2025-02-28,Ukraine,Android,Organic
2312,2025-01-04,Poland,Android,Organic
2313,2025-01-08,USA,Android,Facebook Ads
2314,2025-03-03,USA,Android,Facebook Ads
2315,2025-02-21,Ukraine,Android,TikTok
2316,2025-02-24,USA,Android,Organic
2317,2025-01-14,USA,Android,Organic
2318,2025-03-04,UK,iOS,Organic
2319,2025-02-26,UK,iOS,Facebook Ads
2320,2025-01-10,USA,iOS,Organic
2321,2025-01-11,Ukraine,iOS,Organic
2322,2025-02-11,Ukraine,Android,Organic
2323,2025-03-19,USA,iOS,Google Search
2324,2025-01-19,USA,Android,Facebook Ads
2325,2025-01-09,Germany,iOS,Facebook Ads
2326,2025-01-17,UK,iOS,TikTok
2327,2025-02-05,UK,Android,Google Search
2328,2025-03-21,Ukraine,Android,Google Search
2329,2025-03-16,Poland,Android,Facebook Ads
2330,2025-03-12,Poland,Android,Facebook Ads
2331,2025-02-11,USA,Android,Organic
2332,2025-02-18,USA,iOS,Organic
2333,2025-03-18,Germany,Android,Organic
2334,2025-03-09,Germany,Android,Facebook Ads
2335,2025-02-07,Ukraine,Android,Organic
2336,2025-02-28,Poland,iOS,Facebook Ads
2337,2025-03-06,Germany,Android,Facebook Ads
2338,2025-03-19,Poland,iOS,Google Search
2339,2025-02-25,Germany,iOS,Facebook Ads
2340,2025-01-13,UK,iOS,Facebook Ads
2341,2025-01-15,USA,Android,Organic
2342,2025-03-12,Germany,Android,Organic
2343,2025-01-28,Germany,Android,Organic
2344,2025-02-25,Ukraine,Android,Google Search
2345,2025-02-27,UK,Android,Facebook Ads
2346,2025-01-30,USA,iOS,Facebook Ads
2347,2025-02-22,UK,iOS,TikTok
2348,2025-02-13,USA,Android,Organic
2349,2025-02-28,UK,iOS,Organic
2350,2025-02-21,UK,Android,Facebook Ads
2351,2025-02-23,Ukraine,Android,Organic
2352,2025-01-13,Poland,Android,Facebook Ads
2353,2025-02-10,UK,Android,Organic
2354,2025-02-24,USA,Android,TikTok
2355,2025-02-10,USA,Android,TikTok
2356,2025-02-02,Ukraine,Android,Organic
2357,2025-02-17,Poland,Android,Google Search
2358,2025-01-20,USA,iOS,TikTok
2359,2025-03-02,Ukraine,Android,Organic
2360,2025-01-09,USA,Android,Facebook Ads
2361,2025-01-12,Germany,iOS,Google Search
2362,2025-01-11,UK,Android,Facebook Ads
2363,2025-01-12,Poland,Android,Google Search
2364,2025-02-25,UK,Android,Google Search
2365,2025-01-13,UK,iOS,Organic
2366,2025-02-17,Germany,Android,Google Search
2367,2025-01-17,Poland,Android,Facebook Ads
2368,2025-03-13,UK,iOS,Organic
2369,2025-01-08,Ukraine,iOS,Organic
2370,2025-03-17,USA,Android,Organic
2371,2025-03-13,USA,iOS,Google Search
2372,2025-03-13,Ukraine,Android,TikTok
2373,2025-02-12,USA,Android,TikTok
2374,2025-01-16,Germany,iOS,Facebook Ads
2375,2025-02-22,Ukraine,Android,Facebook Ads
2376,2025-02-15,Germany,Android,Organic
2377,2025-02-24,Poland,Android,Organic
2378,2025-01-07,USA,iOS,TikTok
2379,2025-02-06,Germany,Android,Organic
2380,2025-03-18,USA,iOS,Organic
2381,2025-02-09,Poland,iOS,Organic
2382,2025-02-15,UK,Android,Facebook Ads
2383,2025-01-14,USA,iOS,Facebook Ads
2384,2025-03-15,Poland,Android,Google Search
2385,2025-03-06,Ukraine,iOS,Organic
2386,2025-01-28,USA,Android,Organic
2387,2025-01-20,Ukraine,iOS,Organic
2388,2025-03-03,Poland,Android,Facebook Ads
2389,2025-01-29,Ukraine,Android,Organic
2390,2025-01-14,Germany,iOS,Facebook Ads
2391,2025-02-14,UK,iOS,Google Search
2392,2025-03-13,Ukraine,iOS,Organic
2393,2025-02-17,Germany,Android,Organic
2394,2025-01-15,UK,iOS,TikTok
2395,2025-02-05,Poland,Android,Facebook Ads
2396,2025-03-15,Poland,Android,Google Search
2397,2025-01-29,USA,iOS,Google Search
2398,2025-02-24,Germany,Android,Google Search
2399,2025-03-13,UK,Android,Organic
2400,2025-03-21,USA,iOS,Organic
2401,2025-03-20,USA,iOS,Organic
2402,2025-03-13,Poland,iOS,Facebook Ads
2403,2025-01-04,Ukraine,Android,Organic
2404,2025-03-19,UK,Android,Facebook Ads
2405,2025-02-04,Poland,Android,Organic
2406,2025-01-04,Poland,Android,Google Search
2407,2025-01-24,Ukraine,Android,Google Search
2408,2025-02-04,Germany,Android,Organic
2409,2025-02-09,Germany,Android,TikTok
2410,2025-02-13,UK,iOS,Facebook Ads
2411,2025-02-14,Ukraine,iOS,Google Search
2412,2025-01-01,Ukraine,iOS,Organic
2413,2025-01-24,USA,iOS,Google Search
2414,2025-01-19,Ukraine,Android,Facebook Ads
2415,2025-03-14,UK,Android,Google Search
2416,2025-02-21,Ukraine,iOS,Google Search
2417,2025-01-09,USA,iOS,TikTok
2418,2025-01-19,Germany,Android,Organic
2419,2025-01-04,Ukraine,Android,Organic
2420,2025-01-12,Ukraine,iOS,TikTok
2421,2025-03-09,UK,Android,Google Search
2422,2025-01-28,USA,iOS,Facebook Ads
2423,2025-02-18,Ukraine,iOS,Facebook Ads
2424,2025-02-23,UK,Android,Google Search
2425,2025-02-28,USA,Android,Facebook Ads
2426,2025-02-13,Poland,iOS,TikTok
2427,2025-01-21,USA,Android,Organic
2428,2025-02-17,Poland,Android,Facebook Ads
2429,2025-02-09,Poland,Android,Organic
2430,2025-02-11,USA,Android,Organic
2431,2025-03-14,USA,Android,TikTok
2432,2025-03-18,UK,Android,Organic
2433,2025-01-11,USA,Android,Organic
2434,2025-01-07,Germany,iOS,Organic
2435,2025-01-20,Ukraine,iOS,Organic
2436,2025-01-21,USA,iOS,Organic
2437,2025-03-21,Poland,Android,Facebook Ads
2438,2025-01-07,Poland,iOS,Facebook Ads
2439,2025-01-11,USA,Android,Organic
2440,2025-02-04,Ukraine,Android,Facebook Ads
2441,2025-02-26,Ukraine,iOS,Facebook Ads
2442,2025-02-24,UK,Android,Organic
2443,2025-03-04,UK,Android,Facebook Ads
2444,2025-03-19,UK,Android,Organic
2445,2025-02-26,Ukraine,iOS,Organic
2446,2025-02-23,Poland,Android,TikTok
2447,2025-02-04,UK,Android,Google Search
2448,2025-01-28,USA,Android,Facebook Ads
2449,2025-03-07,UK,Android,Organic
2450,2025-01-15,USA,Android,Organic
2451,2025-02-14,USA,Android,TikTok
2452,2025-02-25,Poland,Android,Google Search
2453,2025-01-15,USA,Android,Google Search
2454,2025-02-06,UK,iOS,TikTok
2455,2025-03-17,Poland,Android,Facebook Ads
2456,2025-03-04,Poland,Android,Organic
2457,2025-03-09,Ukraine,Android,Google Search
2458,2025-02-09,USA,iOS,Facebook Ads
2459,2025-01-06,UK,Android,Google Search
2460,2025-01-29,USA,iOS,Facebook Ads
2461,2025-02-20,UK,Android,Organic
2462,2025-03-18,Germany,iOS,TikTok
2463,2025-01-08,Ukraine,Android,Facebook Ads
2464,2025-01-01,Poland,Android,Organic
2465,2025-01-27,Ukraine,iOS,Facebook Ads
2466,2025-02-08,Germany,Android,Organic
2467,2025-01-28,Ukraine,Android,Facebook Ads
2468,2025-01-18,Ukraine,Android,TikTok
2469,2025-02-02,Germany,Android,Organic
2470,2025-02-07,Ukraine,Android,Organic
2471,2025-02-11,Ukraine,Android,Organic
2472,2025-01-16,Germany,Android,Organic
2473,2025-01-01,Germany,Android,TikTok
2474,2025-03-05,Poland,iOS,Organic
2475,2025-02-25,UK,Android,TikTok
2476,2025-01-23,UK,Android,Organic
2477,2025-01-17,Germany,Android,Facebook Ads
2478,2025-02-18,UK,Android,Organic
2479,2025-03-10,USA,Android,Facebook Ads
2480,2025-01-30,USA,Android,Organic
2481,2025-03-06,USA,iOS,Google Search
2482,2025-03-13,Poland,Android,Organic
2483,2025-02-15,UK,iOS,Facebook Ads
2484,2025-01-10,Ukraine,iOS,Facebook Ads
2485,2025-02-20,Germany,iOS,Google Search
2486,2025-01-06,UK,iOS,TikTok
2487,2025-02-25,Poland,Android,Google Search
2488,2025-01-03,Ukraine,iOS,Google Search
2489,2025-02-28,Germany,Android,Organic
2490,2025-01-10,Ukraine,iOS,Organic
2491,2025-02-10,Germany,iOS,Facebook Ads
2492,2025-03-15,USA,iOS,Google Search
2493,2025-02-24,Germany,iOS,Facebook Ads
2494,2025-03-15,Germany,Android,TikTok
2495,2025-02-21,Poland,Android,Facebook Ads
2496,2025-02-23,Poland,Android,Google Search
2497,2025-02-07,Poland,Android,Facebook Ads
2498,2025-01-15,UK,iOS,Facebook Ads
2499,2025-02-21,USA,Android,Organic
2500,2025-01-03,USA,Android,Facebook Ads
2501,2025-02-11,Germany,Android,Facebook Ads
2502,2025-01-22,Poland,iOS,Google Search
2503,2025-03-21,USA,iOS,Facebook Ads
2504,2025-02-28,USA,iOS,Facebook Ads
2505,2025-02-16,Germany,iOS,Organic
2506,2025-01-12,Germany,Android,Organic
2507,2025-02-25,Ukraine,Android,TikTok
2508,2025-01-14,Ukraine,Android,Organic
2509,2025-02-01,Germany,Android,Organic
2510,2025-02-25,Ukraine,Android,Facebook Ads
2511,2025-03-17,USA,Android,Organic
2512,2025-02-21,Germany,Android,Organic
2513,2025-03-09,Germany,iOS,Organic
2514,2025-01-11,Poland,iOS,Organic
2515,2025-02-20,USA,iOS,Facebook Ads
2516,2025-02-09,USA,Android,Organic
2517,2025-02-13,UK,Android,Organic
2518,2025-01-29,UK,iOS,TikTok
2519,2025-02-12,Poland,Android,Facebook Ads
2520,2025-01-22,UK,iOS,Facebook Ads
2521,2025-01-10,Ukraine,Android,Facebook Ads
2522,2025-03-07,Germany,iOS,Organic
2523,2025-01-15,Ukraine,iOS,Facebook Ads
2524,2025-03-09,USA,Android,Facebook Ads
2525,2025-03-07,UK,iOS,TikTok
2526,2025-01-25,Ukraine,iOS,Facebook Ads
2527,2025-02-14,USA,iOS,Organic
2528,2025-02-14,UK,Android,Google Search
2529,2025-01-19,Germany,Android,Organic
2530,2025-01-31,Germany,iOS,Organic
2531,2025-01-14,UK,Android,TikTok
2532,2025-01-19,Germany,Android,TikTok
2533,2025-02-02,Poland,iOS,Facebook Ads
2534,2025-01-26,UK,Android,Facebook Ads
2535,2025-01-23,Poland,iOS,Facebook Ads
2536,2025-03-19,UK,iOS,Organic
2537,2025-01-20,Poland,Android,Organic
2538,2025-01-10,Germany,iOS,Google Search
2539,2025-01-23,Germany,Android,Organic
2540,2025-03-22,Ukraine,Android,Facebook Ads
2541,2025-03-05,USA,iOS,Organic
2542,2025-03-01,Poland,Android,TikTok
2543,2025-03-14,UK,iOS,Facebook Ads
2544,2025-03-16,Germany,Android,Google Search
2545,2025-02-27,Germany,Android,Facebook Ads
2546,2025-03-14,UK,Android,Organic
2547,2025-03-21,USA,Android,Organic
2548,2025-02-11,UK,iOS,Facebook Ads
2549,2025-03-22,Poland,Android,Google Search
2550,2025-02-10,Poland,Android,Google Search
2551,2025-01-20,Ukraine,Android,Organic
2552,2025-02-26,UK,Android,Organic
2553,2025-01-09,Germany,Android,Facebook Ads
2554,2025-03-02,Ukraine,iOS,Organic
2555,2025-02-26,UK,iOS,Organic
2556,2025-03-22,UK,Android,Google Search
2557,2025-02-08,Germany,Android,Facebook Ads
2558,2025-02-05,USA,Android,Organic
2559,2025-03-17,UK,Android,TikTok
2560,2025-01-08,Ukraine,iOS,Facebook Ads
2561,2025-02-15,Germany,iOS,Google Search
2562,2025-03-06,Poland,Android,Facebook Ads
2563,2025-01-10,USA,iOS,Organic
2564,2025-02-09,Germany,Android,Facebook Ads
2565,2025-03-01,Ukraine,Android,Google Search
2566,2025-02-27,UK,Android,Organic
2567,2025-01-05,Ukraine,iOS,Organic
2568,2025-01-08,UK,Android,Google Search
2569,2025-02-17,Germany,Android,Google Search
2570,2025-02-06,USA,Android,Organic
2571,2025-01-10,Germany,iOS,Facebook Ads
2572,2025-01-12,Ukraine,Android,Facebook Ads
2573,2025-03-20,Ukraine,Android,Organic
2574,2025-03-18,Poland,iOS,Facebook Ads
2575,2025-03-06,Poland,iOS,Organic
2576,2025-02-19,UK,iOS,TikTok
2577,2025-03-01,Ukraine,Android,Facebook Ads
2578,2025-03-16,Poland,Android,Google Search
2579,2025-03-12,Poland,Android,Organic
2580,2025-01-06,Germany,iOS,Organic
2581,2025-02-27,UK,iOS,TikTok
2582,2025-03-15,USA,Android,Organic
2583,2025-01-25,Germany,Android,Facebook Ads
2584,2025-02-11,UK,Android,Organic
2585,2025-03-19,UK,iOS,Google Search
2586,2025-03-02,Germany,Android,Google Search
2587,2025-03-06,Poland,Android,Facebook Ads
2588,2025-01-20,Poland,Android,Facebook Ads
2589,2025-01-08,USA,Android,Organic
2590,2025-02-27,USA,Android,Google Search
2591,2025-01-14,UK,Android,Google Search
2592,2025-02-13,USA,iOS,Google Search
2593,2025-01-11,Germany,iOS,Organic
2594,2025-03-06,USA,Android,Organic
2595,2025-01-23,Ukraine,Android,Facebook Ads
2596,2025-01-06,UK,iOS,Facebook Ads
2597,2025-02-01,Ukraine,iOS,Facebook Ads
2598,2025-02-26,UK,iOS,TikTok
2599,2025-02-26,UK,Android,Organic
2600,2025-03-09,Germany,iOS,Organic
2601,2025-03-08,Poland,iOS,Organic
2602,2025-03-20,USA,iOS,Google Search
2603,2025-01-21,Ukraine,iOS,Organic
2604,2025-02-16,USA,iOS,Organic
2605,2025-02-17,UK,Android,Facebook Ads
2606,2025-02-06,Ukraine,iOS,Facebook Ads
2607,2025-02-19,Ukraine,Android,Organic
2608,2025-02-22,UK,iOS,TikTok
2609,2025-02-13,USA,Android,Google Search
2610,2025-03-18,Ukraine,Android,Organic
2611,2025-01-07,USA,Android,Organic
2612,2025-03-22,Ukraine,Android,Facebook Ads
2613,2025-02-12,Poland,iOS,Facebook Ads
2614,2025-01-09,Germany,iOS,Facebook Ads
2615,2025-02-12,UK,Android,Organic
2616,2025-01-13,Germany,Android,Facebook Ads
2617,2025-03-13,USA,Android,Google Search
2618,2025-02-19,Germany,Android,Organic
2619,2025-02-06,Germany,Android,Organic
2620,2025-02-02,Germany,Android,Facebook Ads
2621,2025-03-19,Germany,iOS,Google Search
2622,2025-01-20,UK,Android,Google Search
2623,2025-02-12,Poland,Android,Organic
2624,2025-01-11,Poland,iOS,Organic
2625,2025-03-16,Germany,Android,Facebook Ads
2626,2025-01-19,Poland,iOS,Organic
2627,2025-02-14,Poland,Android,Organic
2628,2025-02-09,UK,iOS,Organic
2629,2025-02-20,Germany,Android,Organic
2630,2025-01-17,USA,Android,Google Search
2631,2025-03-18,Germany,iOS,Facebook Ads
2632,2025-01-11,Poland,Android,Organic
2633,2025-02-09,USA,Android,Organic
2634,2025-03-13,Poland,Android,Organic
2635,2025-02-18,Poland,iOS,Google Search
2636,2025-02-12,Ukraine,iOS,TikTok
2637,2025-01-17,Ukraine,iOS,Organic
2638,2025-03-09,Ukraine,Android,Facebook Ads
2639,2025-01-12,Poland,Android,Google Search
2640,2025-02-24,Germany,Android,Organic
2641,2025-03-07,Germany,Android,Organic
2642,2025-02-16,Poland,Android,Google Search
2643,2025-01-03,Ukraine,Android,Organic
2644,2025-02-16,Poland,iOS,Facebook Ads
2645,2025-02-09,Germany,Android,Google Search
2646,2025-01-24,Germany,iOS,Organic
2647,2025-01-28,UK,Android,Organic
2648,2025-02-13,Germany,Android,Organic
2649,2025-03-04,UK,Android,Organic
2650,2025-01-25,Poland,iOS,Facebook Ads
2651,2025-01-29,Germany,iOS,Organic
2652,2025-01-18,UK,iOS,Google Search
2653,2025-01-20,Germany,iOS,Facebook Ads
2654,2025-01-10,UK,iOS,Facebook Ads
2655,2025-02-07,Germany,Android,Google Search
2656,2025-01-13,Germany,Android,Facebook Ads
2657,2025-03-06,USA,iOS,Google Search
2658,2025-03-11,Poland,iOS,Facebook Ads
2659,2025-03-09,Poland,Android,Facebook Ads
2660,2025-01-05,Germany,Android,Organic
2661,2025-02-13,UK,Android,Google Search
2662,2025-03-21,Ukraine,Android,Google Search
2663,2025-01-17,UK,Android,Organic
2664,2025-03-18,Germany,Android,Organic
2665,2025-02-18,Poland,Android,Organic
2666,2025-01-20,UK,iOS,Google Search
2667,2025-01-21,USA,Android,Organic
2668,2025-01-24,Germany,iOS,Facebook Ads
2669,2025-03-21,UK,Android,Facebook Ads
2670,2025-01-22,UK,iOS,Google Search
2671,2025-02-26,USA,Android,Organic
2672,2025-01-06,Ukraine,Android,Facebook Ads
2673,2025-02-22,Ukraine,Android,Facebook Ads
2674,2025-02-16,UK,Android,Facebook Ads
2675,2025-01-31,Germany,iOS,Organic
2676,2025-02-26,USA,iOS,Organic
2677,2025-03-20,Ukraine,Android,Facebook Ads
2678,2025-02-06,UK,iOS,Organic
2679,2025-02-27,Germany,Android,Organic
2680,2025-01-30,Ukraine,iOS,Organic
2681,2025-03-10,Poland,Android,Facebook Ads
2682,2025-01-31,UK,Android,Organic
2683,2025-02-09,USA,Android,Google Search
2684,2025-03-02,Germany,iOS,Organic
2685,2025-01-25,UK,Android,Facebook Ads
2686,2025-02-17,Ukraine,Android,Google Search
2687,2025-03-15,UK,Android,Google Search
2688,2025-02-26,UK,Android,Organic
2689,2025-03-01,Ukraine,Android,Facebook Ads
2690,2025-02-06,Poland,iOS,Organic
2691,2025-02-18,Germany,Android,Facebook Ads
2692,2025-03-06,Ukraine,iOS,Organic
2693,2025-03-09,UK,iOS,Organic
2694,2025-02-23,UK,iOS,Organic
2695,2025-01-21,USA,iOS,Organic
2696,2025-01-26,UK,iOS,Organic
2697,2025-03-19,Ukraine,iOS,Google Search
2698,2025-01-18,USA,Android,Organic
2699,2025-02-02,UK,Android,Facebook Ads
2700,2025-01-07,Ukraine,Android,Organic
2701,2025-03-03,Germany,Android,Organic
2702,2025-02-17,Germany,iOS,Google Search
2703,2025-03-12,UK,Android,Google Search
2704,2025-01-14,Germany,Android,Google Search
2705,2025-03-08,UK,iOS,Organic
2706,2025-01-16,USA,Android,TikTok
2707,2025-02-06,Germany,iOS,Organic
2708,2025-01-11,USA,Android,Organic
2709,2025-01-21,USA,Android,TikTok
2710,2025-02-04,USA,iOS,Facebook Ads
2711,2025-02-27,Poland,iOS,Facebook Ads
2712,2025-03-07,Ukraine,Android,Organic
2713,2025-01-19,UK,Android,Organic
2714,2025-02-25,USA,iOS,Organic
2715,2025-01-12,UK,Android,Google Search
2716,2025-01-29,USA,iOS,Facebook Ads
2717,2025-02-27,Ukraine,Android,Google Search
2718,2025-02-14,Germany,Android,Facebook Ads
2719,2025-01-04,UK,iOS,Facebook Ads
2720,2025-02-23,Poland,iOS,Organic
2721,2025-01-07,UK,iOS,Facebook Ads
2722,2025-02-20,Ukraine,iOS,Organic
2723,2025-03-06,USA,iOS,Google Search
2724,2025-02-17,UK,Android,Organic
2725,2025-01-31,Ukraine,iOS,Facebook Ads
2726,2025-02-19,USA,Android,Google Search
2727,2025-01-11,Germany,Android,Facebook Ads
2728,2025-02-17,Ukraine,Android,TikTok
2729,2025-01-29,Poland,Android,Organic
2730,2025-01-04,UK,iOS,Google Search
2731,2025-02-10,Ukraine,Android,Facebook Ads
2732,2025-01-13,USA,Android,TikTok
2733,2025-02-12,USA,Android,Google Search
2734,2025-01-19,Poland,iOS,Facebook Ads
2735,2025-01-18,UK,Android,Organic
2736,2025-01-05,USA,Android,TikTok
2737,2025-02-06,USA,iOS,Facebook Ads
2738,2025-03-02,USA,iOS,Facebook Ads
2739,2025-01-18,Ukraine,Android,TikTok
2740,2025-03-02,Ukraine,Android,Facebook Ads
2741,2025-02-27,UK,Android,Facebook Ads
2742,2025-03-20,Poland,Android,Organic
2743,2025-01-01,UK,iOS,Organic
2744,2025-01-11,Poland,Android,Google Search
2745,2025-01-03,Germany,Android,TikTok
2746,2025-02-02,USA,iOS,Organic
2747,2025-01-28,Poland,iOS,Facebook Ads
2748,2025-01-20,USA,Android,TikTok
2749,2025-03-12,Poland,iOS,Google Search
2750,2025-03-19,Germany,Android,Facebook Ads
2751,2025-03-09,Poland,iOS,Organic
2752,2025-02-24,UK,iOS,Google Search
2753,2025-01-15,Ukraine,iOS,Facebook Ads
2754,2025-02-06,USA,Android,Facebook Ads
2755,2025-01-31,Ukraine,Android,Google Search
2756,2025-02-08,Poland,Android,Organic
2757,2025-01-16,UK,Android,Organic
2758,2025-01-07,Poland,iOS,TikTok
2759,2025-01-31,Germany,Android,Facebook Ads
2760,2025-02-23,Germany,Android,Facebook Ads
2761,2025-03-21,Germany,Android,Facebook Ads
2762,2025-02-28,Poland,iOS,Facebook Ads
2763,2025-01-09,Germany,Android,Facebook Ads
2764,2025-01-15,Poland,iOS,Organic
2765,2025-03-05,Poland,iOS,TikTok
2766,2025-03-18,UK,Android,TikTok
2767,2025-03-10,USA,Android,Facebook Ads
2768,2025-01-03,Ukraine,iOS,Organic
2769,2025-03-22,USA,iOS,Google Search
2770,2025-03-07,Ukraine,Android,Facebook Ads
2771,2025-03-15,Ukraine,Android,Organic
2772,2025-01-31,Poland,Android,Organic
2773,2025-01-19,Germany,Android,Facebook Ads
2774,2025-02-07,Germany,Android,Google Search
2775,2025-02-24,Germany,iOS,Facebook Ads
2776,2025-01-01,USA,Android,Organic
2777,2025-03-20,Germany,Android,Google Search
2778,2025-02-15,UK,iOS,TikTok
2779,2025-01-31,Poland,Android,Facebook Ads
2780,2025-03-15,Germany,iOS,Google Search
2781,2025-02-23,Germany,Android,Google Search
2782,2025-01-24,Germany,Android,Organic
2783,2025-01-11,USA,Android,Google Search
2784,2025-03-09,Poland,Android,Organic
2785,2025-02-16,UK,Android,Organic
2786,2025-01-09,Germany,Android,TikTok
2787,2025-03-09,Ukraine,Android,Organic
2788,2025-03-11,USA,iOS,Organic
2789,2025-03-06,Germany,Android,Organic
2790,2025-03-06,Germany,iOS,Organic
2791,2025-03-12,USA,Android,Google Search
2792,2025-01-03,UK,Android,Google Search
2793,2025-02-19,Ukraine,Android,Google Search
2794,2025-03-02,Ukraine,iOS,Google Search
2795,2025-01-06,UK,iOS,Facebook Ads
2796,2025-02-19,USA,Android,TikTok
2797,2025-02-17,Germany,iOS,Google Search
2798,2025-02-02,UK,iOS,Facebook Ads
2799,2025-01-03,USA,iOS,Organic
2800,2025-02-15,USA,Android,Facebook Ads
2801,2025-01-09,USA,Android,Facebook Ads
2802,2025-02-14,USA,iOS,Facebook Ads
2803,2025-01-31,Ukraine,iOS,Google Search
2804,2025-03-22,USA,iOS,Google Search
2805,2025-01-14,UK,Android,Organic
2806,2025-03-16,Germany,Android,Organic
2807,2025-02-12,Germany,iOS,Google Search
2808,2025-01-18,Poland,iOS,Google Search
2809,2025-01-06,UK,iOS,Google Search
2810,2025-02-15,Poland,Android,Organic
2811,2025-03-11,UK,Android,Facebook Ads
2812,2025-02-13,USA,iOS,Facebook Ads
2813,2025-01-23,Poland,iOS,Organic
2814,2025-03-01,USA,iOS,Google Search
2815,2025-03-03,UK,Android,Facebook Ads
2816,2025-03-22,Ukraine,iOS,Facebook Ads
2817,2025-01-24,Ukraine,Android,TikTok
2818,2025-01-18,Ukraine,Android,Organic
2819,2025-01-09,Ukraine,iOS,Organic
2820,2025-02-28,Germany,iOS,Google Search
2821,2025-01-05,Ukraine,iOS,Organic
2822,2025-02-07,UK,Android,TikTok
2823,2025-01-26,Ukraine,Android,TikTok
2824,2025-01-06,Germany,Android,Facebook Ads
2825,2025-01-26,USA,Android,Organic
2826,2025-01-06,Poland,iOS,Facebook Ads
2827,2025-02-10,USA,Android,Facebook Ads
2828,2025-02-09,USA,Android,Organic
2829,2025-03-07,Poland,iOS,Google Search
2830,2025-02-20,Ukraine,Android,TikTok
2831,2025-03-11,Ukraine,Android,Facebook Ads
2832,2025-03-02,UK,Android,Organic
2833,2025-02-02,Ukraine,Android,TikTok
2834,2025-01-05,Ukraine,Android,TikTok
2835,2025-01-25,UK,Android,Facebook Ads
2836,2025-02-06,Poland,iOS,Google Search
2837,2025-02-15,UK,iOS,Organic
2838,2025-01-07,Ukraine,Android,Facebook Ads
2839,2025-02-12,Ukraine,iOS,TikTok
2840,2025-02-04,Ukraine,iOS,TikTok
2841,2025-01-16,UK,Android,Facebook Ads
2842,2025-02-17,Poland,Android,Facebook Ads
2843,2025-02-25,Germany,Android,Facebook Ads
2844,2025-02-21,UK,Android,TikTok
2845,2025-02-26,Poland,iOS,Facebook Ads
2846,2025-02-19,Ukraine,iOS,Google Search
2847,2025-02-13,Poland,iOS,Google Search
2848,2025-01-24,USA,Android,Organic
2849,2025-03-05,USA,Android,Facebook Ads
2850,2025-03-05,Germany,iOS,Facebook Ads
2851,2025-02-17,Ukraine,Android,TikTok
2852,2025-03-08,Germany,Android,TikTok
2853,2025-02-04,USA,Android,Organic
2854,2025-01-11,Germany,Android,Facebook Ads
2855,2025-02-24,USA,iOS,Google Search
2856,2025-01-11,USA,Android,Organic
2857,2025-02-25,Poland,Android,Facebook Ads
2858,2025-03-19,Ukraine,Android,TikTok
2859,2025-01-24,USA,Android,Organic
2860,2025-03-11,Ukraine,Android,Facebook Ads
2861,2025-02-07,Germany,Android,TikTok
2862,2025-02-11,Germany,iOS,TikTok
2863,2025-01-14,USA,Android,Facebook Ads
2864,2025-01-11,Ukraine,Android,Organic
2865,2025-02-11,USA,Android,Google Search
2866,2025-02-07,USA,iOS,Google Search
2867,2025-02-09,Poland,iOS,Facebook Ads
2868,2025-02-27,Germany,iOS,Organic
2869,2025-03-19,Ukraine,Android,TikTok
2870,2025-02-24,Germany,Android,Organic
2871,2025-01-22,Poland,iOS,Facebook Ads
2872,2025-02-26,UK,Android,Organic
2873,2025-02-14,Germany,Android,Google Search
2874,2025-02-27,Poland,Android,Organic
2875,2025-01-06,Germany,Android,Google Search
2876,2025-02-15,Ukraine,Android,Facebook Ads
2877,2025-03-20,Poland,Android,Facebook Ads
2878,2025-02-25,UK,iOS,Organic
2879,2025-02-05,Germany,Android,Facebook Ads
2880,2025-01-08,Poland,Android,Organic
2881,2025-01-10,UK,Android,Facebook Ads
2882,2025-02-21,Ukraine,Android,Google Search
2883,2025-02-16,Germany,Android,Google Search
2884,2025-03-07,USA,iOS,TikTok
2885,2025-01-21,Ukraine,Android,TikTok
2886,2025-01-04,Ukraine,iOS,Facebook Ads
2887,2025-01-19,Ukraine,iOS,Google Search
2888,2025-03-19,Ukraine,Android,Facebook Ads
2889,2025-02-26,UK,Android,Organic
2890,2025-01-05,USA,iOS,Google Search
2891,2025-01-17,Germany,Android,TikTok
2892,2025-01-09,Ukraine,Android,TikTok
2893,2025-01-31,Germany,iOS,Google Search
2894,2025-02-16,Poland,Android,Google Search
2895,2025-02-16,Ukraine,Android,Organic
2896,2025-02-19,Ukraine,Android,Organic
2897,2025-03-14,Germany,iOS,Facebook Ads
2898,2025-01-05,USA,iOS,Google Search
2899,2025-03-19,Poland,Android,Google Search
2900,2025-01-20,USA,Android,Facebook Ads
2901,2025-02-27,Germany,iOS,Facebook Ads
2902,2025-02-17,UK,Android,Facebook Ads
2903,2025-02-17,Ukraine,iOS,Organic
2904,2025-02-26,UK,Android,Facebook Ads
2905,2025-01-10,Germany,iOS,Facebook Ads
2906,2025-03-15,Germany,Android,Facebook Ads
2907,2025-01-18,Germany,iOS,Organic
2908,2025-03-09,Germany,iOS,Organic
2909,2025-02-16,Ukraine,iOS,Google Search
2910,2025-02-20,UK,iOS,Google Search
2911,2025-02-10,Poland,Android,TikTok
2912,2025-02-05,Ukraine,Android,Facebook Ads
2913,2025-02-01,Germany,iOS,Facebook Ads
2914,2025-01-15,Germany,Android,Facebook Ads
2915,2025-01-04,Ukraine,Android,Facebook Ads
2916,2025-01-24,UK,Android,Google Search
2917,2025-03-05,UK,Android,TikTok
2918,2025-03-08,USA,iOS,Organic
2919,2025-02-19,USA,Android,Google Search
2920,2025-03-13,USA,Android,TikTok
2921,2025-01-16,Germany,iOS,Facebook Ads
2922,2025-02-03,Ukraine,Android,Facebook Ads
2923,2025-02-03,Ukraine,iOS,Organic
2924,2025-02-27,USA,Android,Organic
2925,2025-01-28,UK,iOS,Facebook Ads
2926,2025-03-20,USA,Android,Google Search
2927,2025-02-06,Ukraine,Android,Organic
2928,2025-03-04,Germany,Android,Organic
2929,2025-01-26,USA,iOS,Organic
2930,2025-01-16,Poland,Android,Google Search
2931,2025-01-18,Poland,Android,Facebook Ads
2932,2025-01-10,UK,Android,Google Search
2933,2025-02-27,Ukraine,Android,Facebook Ads
2934,2025-01-23,Germany,Android,TikTok
2935,2025-02-26,Poland,Android,Google Search
2936,2025-01-12,USA,iOS,Google Search
2937,2025-02-10,Germany,Android,Organic
2938,2025-02-14,Ukraine,Android,Google Search
2939,2025-01-09,USA,iOS,Google Search
2940,2025-03-12,Germany,iOS,Organic
2941,2025-03-11,Ukraine,iOS,Organic
2942,2025-02-07,Germany,Android,Organic
2943,2025-02-08,Poland,Android,Facebook Ads
2944,2025-01-21,Poland,Android,Organic
2945,2025-01-23,Ukraine,Android,Organic
2946,2025-02-16,Poland,Android,Facebook Ads
2947,2025-03-07,Ukraine,iOS,Facebook Ads
2948,2025-01-29,UK,iOS,Organic
2949,2025-01-16,Poland,Android,Facebook Ads
2950,2025-01-26,Germany,iOS,Organic
2951,2025-01-18,Germany,iOS,Google Search
2952,2025-01-31,Ukraine,Android,Google Search
2953,2025-03-05,UK,Android,Facebook Ads
2954,2025-01-04,USA,Android,Organic
2955,2025-02-16,Germany,Android,Google Search
2956,2025-03-12,UK,Android,Organic
2957,2025-03-15,Germany,Android,Organic
2958,2025-02-17,Ukraine,Android,Organic
2959,2025-03-01,Ukraine,Android,TikTok
2960,2025-03-12,USA,iOS,Organic
2961,2025-01-17,Ukraine,Android,Google Search
2962,2025-03-20,USA,Android,TikTok
2963,2025-01-12,Ukraine,iOS,Organic
2964,2025-01-09,Germany,Android,Facebook Ads
2965,2025-02-09,Ukraine,Android,Facebook Ads
2966,2025-02-20,Poland,iOS,Organic
2967,2025-03-03,UK,iOS,Google Search
2968,2025-03-09,Germany,iOS,Organic
2969,2025-02-22,UK,iOS,Google Search
2970,2025-02-22,Poland,iOS,Facebook Ads
2971,2025-03-15,UK,Android,Organic
2972,2025-01-10,Poland,iOS,Facebook Ads
2973,2025-01-17,Ukraine,Android,Google Search
2974,2025-02-10,Ukraine,iOS,Organic
2975,2025-01-10,Poland,Android,Google Search
2976,2025-02-27,Germany,iOS,Organic
2977,2025-03-01,Ukraine,Android,Organic
2978,2025-03-08,Germany,Android,Organic
2979,2025-02-14,UK,Android,Facebook Ads
2980,2025-01-17,Ukraine,iOS,Facebook Ads
2981,2025-03-12,Poland,Android,Organic
2982,2025-03-17,Poland,Android,TikTok
2983,2025-01-24,Ukraine,Android,Organic
2984,2025-01-17,Poland,iOS,Organic
2985,2025-02-25,Ukraine,iOS,Google Search
2986,2025-03-06,USA,Android,Google Search
2987,2025-01-08,Ukraine,Android,Google Search
2988,2025-01-16,Germany,Android,Facebook Ads
2989,2025-03-08,UK,Android,Facebook Ads
2990,2025-01-20,Poland,Android,TikTok
2991,2025-02-08,UK,iOS,Facebook Ads
2992,2025-01-22,Ukraine,Android,Facebook Ads
2993,2025-01-21,Ukraine,iOS,Facebook Ads
2994,2025-02-11,Ukraine,Android,TikTok
2995,2025-01-29,Germany,Android,Organic
2996,2025-02-14,UK,Android,Organic
2997,2025-03-08,UK,iOS,TikTok
2998,2025-02-06,Poland,iOS,Google Search
2999,2025-01-11,Ukraine,iOS,Organic
3000,2025-02-02,Poland,iOS,Facebook Ads
3001,2025-01-26,Germany,iOS,Facebook Ads
3002,2025-03-12,USA,Android,Organic
3003,2025-02-05,Germany,iOS,Organic
3004,2025-01-17,USA,iOS,Google Search
3005,2025-03-22,Ukraine,Android,Google Search
3006,2025-02-08,UK,Android,Organic
3007,2025-03-20,UK,Android,Facebook Ads
3008,2025-03-10,Poland,iOS,Facebook Ads
3009,2025-01-12,USA,Android,Facebook Ads
3010,2025-03-06,Poland,iOS,Facebook Ads
3011,2025-01-22,Ukraine,iOS,Organic
3012,2025-03-17,UK,Android,Facebook Ads
3013,2025-03-16,Poland,iOS,Facebook Ads
3014,2025-01-20,USA,Android,Organic
3015,2025-01-22,Ukraine,Android,Organic
3016,2025-03-21,Ukraine,iOS,Facebook Ads
3017,2025-03-19,USA,Android,Facebook Ads
3018,2025-02-13,Poland,iOS,Google Search
3019,2025-03-14,Germany,Android,Organic
3020,2025-01-06,Poland,Android,Organic
3021,2025-01-04,USA,Android,Organic
3022,2025-01-11,UK,Android,TikTok
3023,2025-01-06,Poland,iOS,Organic
3024,2025-03-15,Germany,Android,Organic
3025,2025-02-03,Poland,iOS,Google Search
3026,2025-01-27,UK,Android,Facebook Ads
3027,2025-03-15,Ukraine,Android,TikTok
3028,2025-02-23,Poland,iOS,Google Search
3029,2025-03-21,Ukraine,Android,Facebook Ads
3030,2025-01-04,UK,iOS,Organic
3031,2025-03-05,Germany,Android,Facebook Ads
3032,2025-03-22,Poland,Android,Organic
3033,2025-03-11,Ukraine,Android,Organic
3034,2025-02-07,Germany,Android,Google Search
3035,2025-02-08,Ukraine,iOS,Organic
3036,2025-03-03,Ukraine,iOS,Facebook Ads
3037,2025-02-01,Ukraine,iOS,Google Search
3038,2025-02-21,Poland,iOS,Organic
3039,2025-02-08,Ukraine,iOS,Organic
3040,2025-02-28,UK,Android,Organic
3041,2025-01-10,USA,Android,Google Search
3042,2025-01-08,Germany,Android,Organic
3043,2025-01-21,Germany,iOS,Facebook Ads
3044,2025-02-26,Poland,Android,TikTok
3045,2025-02-23,Poland,Android,Google Search
3046,2025-03-03,Poland,iOS,Organic
3047,2025-03-01,USA,Android,Facebook Ads
3048,2025-01-27,UK,Android,Facebook Ads
3049,2025-02-13,Germany,iOS,Google Search
3050,2025-03-19,Germany,Android,Organic
3051,2025-01-19,Poland,Android,Organic
3052,2025-02-10,Poland,iOS,TikTok
3053,2025-02-10,UK,Android,Google Search
3054,2025-02-14,Ukraine,Android,Google Search
3055,2025-02-21,UK,Android,Facebook Ads
3056,2025-01-17,Poland,Android,Organic
3057,2025-02-17,Germany,Android,Facebook Ads
3058,2025-03-07,UK,Android,Organic
3059,2025-03-13,Ukraine,Android,TikTok
3060,2025-01-14,USA,iOS,TikTok
3061,2025-02-10,USA,Android,Organic
3062,2025-01-31,Germany,Android,Organic
3063,2025-03-01,Ukraine,Android,Organic
3064,2025-01-16,UK,iOS,Facebook Ads
3065,2025-02-04,Poland,Android,Organic
3066,2025-02-27,Poland,iOS,Facebook Ads
3067,2025-02-01,Ukraine,iOS,Google Search
3068,2025-01-19,UK,iOS,Facebook Ads
3069,2025-01-13,Ukraine,iOS,Facebook Ads
3070,2025-01-07,UK,Android,Google Search
3071,2025-02-07,USA,Android,Google Search
3072,2025-02-19,UK,iOS,Organic
3073,2025-03-20,UK,Android,Facebook Ads
3074,2025-02-23,Poland,Android,Organic
3075,2025-02-01,Germany,Android,Facebook Ads
3076,2025-01-21,Poland,iOS,Organic
3077,2025-02-11,USA,Android,Organic
3078,2025-03-15,Ukraine,Android,Organic
3079,2025-02-10,Poland,Android,Organic
3080,2025-01-25,Ukraine,iOS,Google Search
3081,2025-01-21,Poland,iOS,Organic
3082,2025-03-05,Germany,Android,Google Search
3083,2025-03-07,Germany,Android,Google Search
3084,2025-03-01,Poland,Android,Organic
3085,2025-03-05,Poland,Android,Facebook Ads
3086,2025-02-09,Ukraine,iOS,Organic
3087,2025-03-05,Ukraine,Android,Organic
3088,2025-01-03,USA,Android,Google Search
3089,2025-01-12,USA,iOS,Facebook Ads
3090,2025-02-20,Poland,Android,Facebook Ads
3091,2025-03-06,Germany,Android,TikTok
3092,2025-02-28,USA,iOS,Organic
3093,2025-01-31,USA,Android,Facebook Ads
3094,2025-01-28,UK,iOS,Google Search
3095,2025-03-16,Germany,Android,Organic
3096,2025-02-15,Ukraine,Android,Organic
3097,2025-01-07,Ukraine,Android,Facebook Ads
3098,2025-01-07,Ukraine,Android,Facebook Ads
3099,2025-02-06,UK,iOS,Organic
3100,2025-03-05,Poland,Android,Facebook Ads
3101,2025-03-18,Poland,Android,Facebook Ads
3102,2025-03-02,Ukraine,iOS,TikTok
3103,2025-02-06,Germany,Android,Organic
3104,2025-03-10,UK,Android,Facebook Ads
3105,2025-01-02,Ukraine,iOS,Facebook Ads
3106,2025-01-14,Ukraine,Android,Facebook Ads
3107,2025-02-25,Poland,Android,Facebook Ads
3108,2025-01-18,Germany,iOS,Organic
3109,2025-02-03,UK,Android,Google Search
3110,2025-02-16,UK,iOS,Organic
3111,2025-02-21,USA,iOS,TikTok
3112,2025-02-16,Germany,iOS,Google Search
3113,2025-01-06,Poland,Android,Facebook Ads
3114,2025-02-21,USA,Android,Organic
3115,2025-01-07,Poland,iOS,TikTok
3116,2025-03-14,Ukraine,Android,Organic
3117,2025-03-13,USA,Android,Facebook Ads
3118,2025-01-25,Poland,iOS,Organic
3119,2025-02-16,Ukraine,Android,Organic
3120,2025-03-12,Poland,Android,TikTok
3121,2025-02-06,Germany,Android,Facebook Ads
3122,2025-01-10,Poland,Android,Organic
3123,2025-02-19,Germany,Android,Organic
3124,2025-03-06,Poland,Android,Google Search
3125,2025-02-27,Ukraine,Android,Google Search
3126,2025-03-12,Germany,Android,Facebook Ads
3127,2025-02-05,UK,iOS,Facebook Ads
3128,2025-03-21,Germany,Android,Google Search
3129,2025-03-20,Ukraine,Android,TikTok
3130,2025-01-16,Germany,iOS,Facebook Ads
3131,2025-01-17,Poland,iOS,Google Search
3132,2025-01-13,Poland,Android,Organic
3133,2025-02-20,UK,Android,Facebook Ads
3134,2025-02-17,Germany,Android,Google Search
3135,2025-02-13,Poland,Android,Organic
3136,2025-03-13,Germany,iOS,Organic
3137,2025-02-16,USA,Android,Organic
3138,2025-01-19,Poland,iOS,Organic
3139,2025-01-26,Germany,Android,Facebook Ads
3140,2025-03-19,Poland,Android,TikTok
3141,2025-03-07,USA,Android,Facebook Ads
3142,2025-02-21,USA,Android,Organic
3143,2025-03-06,Poland,iOS,Facebook Ads
3144,2025-01-06,USA,Android,TikTok
3145,2025-01-06,Poland,Android,Organic
3146,2025-01-05,Ukraine,Android,Organic
3147,2025-01-18,UK,iOS,Facebook Ads
3148,2025-02-12,Ukraine,Android,Google Search
3149,2025-03-02,USA,Android,Organic
3150,2025-03-08,Poland,iOS,Organic
3151,2025-02-28,Ukraine,iOS,Facebook Ads
3152,2025-01-20,Germany,Android,TikTok
3153,2025-03-19,Germany,Android,Organic
3154,2025-03-07,Germany,iOS,Facebook Ads
3155,2025-01-18,Poland,iOS,Organic
3156,2025-02-11,USA,iOS,Organic
3157,2025-03-20,Poland,iOS,Google Search
3158,2025-02-10,USA,Android,Google Search
3159,2025-01-21,UK,Android,Organic
3160,2025-02-20,Poland,Android,Organic
3161,2025-03-20,UK,Android,Google Search
3162,2025-02-08,Poland,iOS,Organic
3163,2025-03-17,UK,Android,Organic
3164,2025-02-13,UK,Android,Organic
3165,2025-03-06,Poland,Android,Facebook Ads
3166,2025-03-07,Ukraine,Android,Organic
3167,2025-03-10,Germany,iOS,Google Search
3168,2025-03-04,UK,Android,Facebook Ads
3169,2025-03-14,Germany,iOS,Facebook Ads
3170,2025-02-08,Poland,Android,Google Search
3171,2025-03-02,UK,iOS,Organic
3172,2025-01-03,Germany,iOS,Google Search
3173,2025-02-17,Germany,Android,Organic
3174,2025-02-12,USA,iOS,Facebook Ads
3175,2025-01-15,Ukraine,Android,Google Search
3176,2025-02-23,Germany,iOS,TikTok
3177,2025-03-16,Poland,Android,Organic
3178,2025-02-09,Poland,Android,Facebook Ads
3179,2025-03-22,USA,Android,Organic
3180,2025-01-04,Germany,iOS,Facebook Ads
3181,2025-03-18,UK,iOS,Google Search
3182,2025-03-02,Poland,iOS,Organic
3183,2025-02-03,UK,iOS,Organic
3184,2025-03-16,Poland,Android,Facebook Ads
3185,2025-03-15,UK,Android,TikTok
3186,2025-01-30,Ukraine,Android,Organic
3187,2025-01-07,Germany,Android,Google Search
3188,2025-03-16,Ukraine,Android,Organic
3189,2025-03-03,Ukraine,Android,Organic
3190,2025-01-22,Germany,iOS,Organic
3191,2025-03-09,UK,Android,Google Search
3192,2025-03-22,Ukraine,Android,Organic
3193,2025-03-21,Germany,Android,Facebook Ads
3194,2025-02-18,UK,iOS,Organic
3195,2025-01-19,Germany,Android,Organic
3196,2025-02-01,Germany,Android,Facebook Ads
3197,2025-01-05,Ukraine,Android,Organic
3198,2025-03-15,Germany,Android,TikTok
3199,2025-01-15,Germany,iOS,TikTok
3200,2025-01-25,Poland,Android,Google Search
3201,2025-01-03,Ukraine,iOS,Facebook Ads
3202,2025-02-26,UK,Android,Organic
3203,2025-02-10,Ukraine,iOS,Facebook Ads
3204,2025-02-23,Germany,Android,TikTok
3205,2025-01-20,Poland,Android,Facebook Ads
3206,2025-02-22,Poland,iOS,Facebook Ads
3207,2025-01-27,USA,Android,Google Search
3208,2025-02-22,USA,iOS,Google Search
3209,2025-03-06,Poland,Android,Organic
3210,2025-03-20,Ukraine,Android,Google Search
3211,2025-03-02,Ukraine,Android,Facebook Ads
3212,2025-01-08,Germany,iOS,Facebook Ads
3213,2025-01-18,USA,Android,Organic
3214,2025-03-08,Poland,Android,Facebook Ads
3215,2025-01-27,Germany,iOS,Organic
3216,2025-03-13,UK,Android,Organic
3217,2025-02-11,UK,iOS,Organic
3218,2025-03-03,Ukraine,Android,TikTok
3219,2025-03-09,Germany,iOS,TikTok
3220,2025-02-18,Germany,Android,TikTok
3221,2025-02-10,Poland,Android,Facebook Ads
3222,2025-01-23,Germany,iOS,Facebook Ads
3223,2025-02-28,Poland,iOS,Google Search
3224,2025-03-10,USA,iOS,Organic
3225,2025-02-13,Germany,Android,TikTok
3226,2025-03-11,Ukraine,iOS,Organic
3227,2025-02-15,Ukraine,Android,Facebook Ads
3228,2025-02-03,Germany,iOS,TikTok
3229,2025-03-20,USA,iOS,Google Search
3230,2025-03-03,UK,Android,Facebook Ads
3231,2025-01-25,Ukraine,iOS,Google Search
3232,2025-02-01,USA,Android,Facebook Ads
3233,2025-02-05,Germany,Android,Organic
3234,2025-03-13,USA,Android,Google Search
3235,2025-02-08,UK,Android,Google Search
3236,2025-01-29,UK,Android,Organic
3237,2025-02-08,UK,iOS,Organic
3238,2025-02-06,Poland,iOS,Organic
3239,2025-01-27,Ukraine,iOS,Google Search
3240,2025-03-04,UK,Android,Organic
3241,2025-02-10,USA,iOS,TikTok
3242,2025-03-03,Ukraine,Android,Facebook Ads
3243,2025-02-14,UK,Android,Organic
3244,2025-03-13,USA,Android,Facebook Ads
3245,2025-02-05,Ukraine,Android,Facebook Ads
3246,2025-02-06,Ukraine,iOS,Organic
3247,2025-01-16,Germany,Android,Organic
3248,2025-03-15,USA,Android,Facebook Ads
3249,2025-03-11,Germany,iOS,Organic
3250,2025-02-18,UK,iOS,Organic
3251,2025-02-20,Ukraine,Android,TikTok
3252,2025-02-14,USA,Android,Facebook Ads
3253,2025-01-19,USA,Android,TikTok
3254,2025-02-07,Poland,Android,Google Search
3255,2025-01-06,UK,Android,Organic
3256,2025-02-06,Ukraine,Android,Facebook Ads
3257,2025-01-11,UK,Android,Facebook Ads
3258,2025-02-14,Poland,iOS,Organic
3259,2025-02-26,Poland,Android,Google Search
3260,2025-02-02,USA,Android,Facebook Ads
3261,2025-03-03,Poland,Android,Facebook Ads
3262,2025-01-28,UK,Android,Organic
3263,2025-01-26,Ukraine,Android,Facebook Ads
3264,2025-03-10,Germany,Android,Organic
3265,2025-02-04,UK,Android,Facebook Ads
3266,2025-03-13,Poland,Android,Facebook Ads
3267,2025-02-04,Poland,Android,Google Search
3268,2025-01-18,USA,iOS,Google Search
3269,2025-01-14,USA,Android,Google Search
3270,2025-03-20,USA,iOS,Google Search
3271,2025-03-17,UK,iOS,TikTok
3272,2025-01-31,Germany,Android,Organic
3273,2025-02-01,USA,Android,Facebook Ads
3274,2025-01-07,Ukraine,Android,Google Search
3275,2025-03-09,Ukraine,Android,Organic
3276,2025-01-29,USA,Android,Google Search
3277,2025-01-30,USA,Android,Facebook Ads
3278,2025-01-07,Germany,Android,Organic
3279,2025-01-13,Germany,iOS,Organic
3280,2025-02-22,UK,iOS,Organic
3281,2025-02-12,UK,iOS,Facebook Ads
3282,2025-03-02,Ukraine,Android,Facebook Ads
3283,2025-01-13,Germany,iOS,Organic
3284,2025-01-18,UK,iOS,Facebook Ads
3285,2025-01-01,UK,iOS,Organic
3286,2025-03-12,USA,Android,Organic
3287,2025-01-21,Germany,iOS,Facebook Ads
3288,2025-02-22,UK,Android,TikTok
3289,2025-03-02,USA,iOS,Organic
3290,2025-03-03,Ukraine,Android,Organic
3291,2025-01-26,Poland,iOS,Facebook Ads
3292,2025-02-06,Germany,iOS,Facebook Ads
3293,2025-02-11,Ukraine,Android,Google Search
3294,2025-02-06,Ukraine,iOS,Facebook Ads
3295,2025-01-08,Germany,iOS,TikTok
3296,2025-01-12,Poland,iOS,Facebook Ads
3297,2025-03-15,USA,iOS,Google Search
3298,2025-01-30,Ukraine,iOS,Google Search
3299,2025-03-10,Ukraine,iOS,Organic
3300,2025-01-05,Poland,Android,Facebook Ads
3301,2025-01-23,USA,Android,Google Search
3302,2025-02-23,Ukraine,Android,Facebook Ads
3303,2025-01-23,Poland,iOS,Organic
3304,2025-01-05,Germany,Android,Facebook Ads
3305,2025-02-20,Poland,iOS,TikTok
3306,2025-03-05,Poland,iOS,Organic
3307,2025-01-24,UK,Android,Facebook Ads
3308,2025-02-07,Ukraine,iOS,Organic
3309,2025-01-05,USA,iOS,Facebook Ads
3310,2025-01-02,Germany,Android,TikTok
3311,2025-02-08,UK,Android,Organic
3312,2025-03-14,Poland,Android,Google Search
3313,2025-03-19,Germany,Android,Google Search
3314,2025-01-14,USA,Android,Facebook Ads
3315,2025-02-12,Germany,iOS,TikTok
3316,2025-02-06,Germany,iOS,Facebook Ads
3317,2025-02-28,Ukraine,iOS,Organic
3318,2025-03-11,USA,Android,Google Search
3319,2025-03-09,Poland,Android,TikTok
3320,2025-03-05,Ukraine,Android,Facebook Ads
3321,2025-01-18,Ukraine,Android,Organic
3322,2025-03-06,Poland,Android,Google Search
3323,2025-03-01,UK,iOS,Organic
3324,2025-02-04,USA,Android,Facebook Ads
3325,2025-01-25,Germany,Android,Facebook Ads
3326,2025-01-15,UK,Android,Facebook Ads
3327,2025-02-12,USA,iOS,Organic
3328,2025-01-21,USA,Android,Facebook Ads
3329,2025-02-28,Germany,iOS,Organic
3330,2025-02-02,UK,iOS,Facebook Ads
3331,2025-01-24,UK,iOS,Organic
3332,2025-01-02,UK,Android,TikTok
3333,2025-02-13,Germany,Android,Organic
3334,2025-02-07,Germany,iOS,Google Search
3335,2025-03-14,USA,iOS,Facebook Ads
3336,2025-01-25,UK,Android,Facebook Ads
3337,2025-01-23,Poland,iOS,Facebook Ads
3338,2025-03-20,USA,iOS,Organic
3339,2025-02-21,Poland,Android,Organic
3340,2025-02-24,USA,Android,TikTok
3341,2025-03-07,Poland,iOS,Google Search
3342,2025-02-11,Germany,iOS,Organic
3343,2025-01-12,USA,iOS,Google Search
3344,2025-02-21,USA,Android,Organic
3345,2025-01-13,Ukraine,Android,Facebook Ads
3346,2025-01-24,Poland,Android,Google Search
3347,2025-01-18,USA,iOS,Google Search
3348,2025-03-03,USA,Android,Organic
3349,2025-02-11,Germany,iOS,TikTok
3350,2025-02-01,Poland,Android,Google Search
3351,2025-01-01,UK,Android,Facebook Ads
3352,2025-02-03,Poland,Android,Google Search
3353,2025-02-19,UK,Android,Organic
3354,2025-01-31,USA,Android,Facebook Ads
3355,2025-02-27,Poland,iOS,Organic
3356,2025-02-04,Poland,Android,TikTok
3357,2025-02-12,Poland,iOS,TikTok
3358,2025-02-08,Poland,Android,Facebook Ads
3359,2025-03-16,Poland,iOS,Organic
3360,2025-03-15,Ukraine,iOS,Organic
3361,2025-01-02,Ukraine,Android,Google Search
3362,2025-02-03,USA,iOS,Organic
3363,2025-02-16,UK,Android,Organic
3364,2025-01-31,Poland,Android,Google Search
3365,2025-01-08,Germany,iOS,Google Search
3366,2025-01-16,USA,iOS,Google Search
3367,2025-03-01,USA,Android,Organic
3368,2025-02-09,Poland,iOS,Facebook Ads
3369,2025-01-21,Poland,Android,TikTok
3370,2025-02-21,UK,Android,Organic
3371,2025-03-06,Ukraine,Android,Organic
3372,2025-02-09,USA,Android,Facebook Ads
3373,2025-01-16,USA,Android,Organic
3374,2025-02-07,Poland,Android,Facebook Ads
3375,2025-02-17,USA,iOS,Facebook Ads
3376,2025-03-20,Germany,iOS,Organic
3377,2025-01-29,UK,Android,Google Search
3378,2025-01-29,Poland,Android,Organic
3379,2025-01-18,UK,Android,Facebook Ads
3380,2025-03-03,USA,Android,Google Search
3381,2025-01-20,Ukraine,Android,Facebook Ads
3382,2025-02-28,Ukraine,Android,TikTok
3383,2025-03-19,Germany,Android,Organic
3384,2025-02-17,Germany,iOS,Organic
3385,2025-02-23,Poland,Android,Google Search
3386,2025-03-12,Germany,iOS,Facebook Ads
3387,2025-03-02,USA,Android,TikTok
3388,2025-03-10,Poland,Android,Facebook Ads
3389,2025-01-28,Ukraine,Android,Google Search
3390,2025-02-01,UK,iOS,Organic
3391,2025-03-18,UK,iOS,Facebook Ads
3392,2025-01-11,USA,Android,Organic
3393,2025-03-09,USA,iOS,Organic
3394,2025-02-27,Germany,Android,Facebook Ads
3395,2025-03-09,USA,iOS,Facebook Ads
3396,2025-02-16,UK,iOS,Facebook Ads
3397,2025-01-10,Poland,iOS,Organic
3398,2025-03-14,UK,Android,Organic
3399,2025-01-15,Germany,Android,Facebook Ads
3400,2025-01-08,USA,iOS,Facebook Ads
3401,2025-03-12,Ukraine,iOS,Organic
3402,2025-03-06,Germany,Android,Organic
3403,2025-01-26,Ukraine,iOS,Google Search
3404,2025-03-15,Poland,Android,Google Search
3405,2025-03-10,UK,Android,Facebook Ads
3406,2025-01-20,Ukraine,iOS,Organic
3407,2025-01-22,USA,iOS,TikTok
3408,2025-02-11,Ukraine,Android,Facebook Ads
3409,2025-03-08,Germany,Android,Organic
3410,2025-02-26,UK,Android,Google Search
3411,2025-01-15,Poland,iOS,Google Search
3412,2025-01-27,Germany,Android,Facebook Ads
3413,2025-03-16,USA,iOS,Organic
3414,2025-03-04,Ukraine,Android,Google Search
3415,2025-01-12,USA,Android,Organic
3416,2025-03-07,Ukraine,iOS,Google Search
3417,2025-02-27,UK,iOS,Facebook Ads
3418,2025-01-08,Poland,iOS,Facebook Ads
3419,2025-02-28,UK,iOS,Organic
3420,2025-01-17,UK,iOS,Facebook Ads
3421,2025-03-07,Poland,iOS,Organic
3422,2025-02-23,USA,Android,Google Search
3423,2025-02-28,Poland,Android,Google Search
3424,2025-03-14,Ukraine,iOS,Google Search
3425,2025-01-08,Ukraine,Android,Google Search
3426,2025-03-13,UK,iOS,Facebook Ads
3427,2025-03-01,Germany,Android,Google Search
3428,2025-02-09,Ukraine,iOS,Organic
3429,2025-01-03,UK,Android,Organic
3430,2025-02-20,Germany,Android,Facebook Ads
3431,2025-02-02,Poland,Android,Google Search
3432,2025-01-01,Germany,Android,Facebook Ads
3433,2025-01-28,USA,iOS,Facebook Ads
3434,2025-03-16,UK,Android,Facebook Ads
3435,2025-01-10,UK,iOS,Organic
3436,2025-01-06,UK,iOS,Facebook Ads
3437,2025-02-24,Ukraine,iOS,Facebook Ads
3438,2025-02-14,USA,Android,Facebook Ads
3439,2025-01-09,Germany,iOS,Facebook Ads
3440,2025-03-11,Poland,Android,Organic
3441,2025-01-08,Germany,Android,Facebook Ads
3442,2025-01-09,USA,Android,Facebook Ads
3443,2025-03-02,Germany,Android,Organic
3444,2025-01-05,USA,Android,Google Search
3445,2025-02-06,Ukraine,iOS,Organic
3446,2025-02-22,USA,iOS,Organic
3447,2025-01-24,USA,iOS,Facebook Ads
3448,2025-01-18,USA,iOS,Organic
3449,2025-02-23,USA,iOS,Facebook Ads
3450,2025-02-17,Germany,iOS,Organic
3451,2025-02-18,UK,Android,Google Search
3452,2025-02-27,Ukraine,Android,Facebook Ads
3453,2025-02-18,Poland,iOS,Organic
3454,2025-02-18,Germany,Android,Organic
3455,2025-01-11,Germany,iOS,TikTok
3456,2025-03-11,Germany,Android,Organic
3457,2025-01-18,USA,Android,Google Search
3458,2025-02-14,Poland,Android,Facebook Ads
3459,2025-01-16,Germany,Android,Facebook Ads
3460,2025-01-23,Germany,Android,Google Search
3461,2025-03-10,Poland,Android,Google Search
3462,2025-02-20,UK,Android,TikTok
3463,2025-03-09,UK,Android,Google Search
3464,2025-01-17,Ukraine,Android,Google Search
3465,2025-01-29,Poland,iOS,Google Search
3466,2025-01-01,Poland,iOS,Organic
3467,2025-01-03,USA,iOS,Organic
3468,2025-02-08,Germany,Android,Organic
3469,2025-03-01,UK,Android,Google Search
3470,2025-03-11,USA,iOS,Organic
3471,2025-02-24,Ukraine,Android,Facebook Ads
3472,2025-03-10,UK,Android,Organic
3473,2025-02-18,Germany,Android,Organic
3474,2025-01-30,Ukraine,Android,Google Search
3475,2025-02-01,Ukraine,Android,Google Search
3476,2025-02-28,Germany,iOS,Organic
3477,2025-02-14,USA,Android,Facebook Ads
3478,2025-01-20,Germany,iOS,Organic
3479,2025-02-05,Poland,Android,Google Search
3480,2025-01-25,UK,iOS,Google Search
3481,2025-01-15,Germany,Android,Facebook Ads
3482,2025-01-05,UK,Android,Google Search
3483,2025-02-23,Poland,iOS,Google Search
3484,2025-03-20,Poland,Android,Google Search
3485,2025-01-03,Poland,Android,Organic
3486,2025-01-31,Germany,Android,Google Search
3487,2025-01-27,USA,Android,TikTok
3488,2025-01-09,UK,Android,Organic
3489,2025-01-13,Germany,iOS,Organic
3490,2025-03-18,Ukraine,iOS,Facebook Ads
3491,2025-01-05,USA,iOS,Google Search
3492,2025-02-27,UK,Android,Google Search
3493,2025-03-18,USA,iOS,Organic
3494,2025-01-07,Germany,Android,Organic
3495,2025-02-01,UK,Android,Facebook Ads
3496,2025-01-06,Germany,Android,Facebook Ads
3497,2025-02-21,Poland,Android,Organic
3498,2025-02-26,Ukraine,Android,Facebook Ads
3499,2025-01-30,Ukraine,Android,Organic
3500,2025-03-11,Poland,Android,Organic
3501,2025-01-28,USA,Android,Organic
3502,2025-01-08,USA,Android,Facebook Ads
3503,2025-01-18,Germany,Android,Facebook Ads
3504,2025-03-06,Ukraine,iOS,Organic
3505,2025-02-07,USA,iOS,TikTok
3506,2025-01-30,Germany,Android,Google Search
3507,2025-03-15,Poland,Android,Google Search
3508,2025-02-10,Germany,Android,Organic
3509,2025-03-15,Poland,Android,TikTok
3510,2025-03-18,Ukraine,iOS,Organic
3511,2025-02-11,Ukraine,Android,TikTok
3512,2025-01-31,USA,Android,Facebook Ads
3513,2025-02-08,Germany,Android,Facebook Ads
3514,2025-01-19,Ukraine,Android,Organic
3515,2025-03-08,UK,Android,Organic
3516,2025-01-29,USA,iOS,Facebook Ads
3517,2025-02-22,UK,Android,Facebook Ads
3518,2025-02-08,Germany,Android,Organic
3519,2025-02-05,UK,Android,Facebook Ads
3520,2025-01-08,Germany,Android,Google Search
3521,2025-03-13,USA,iOS,Organic
3522,2025-03-17,Germany,iOS,Organic
3523,2025-01-23,Ukraine,iOS,Organic
3524,2025-03-22,USA,Android,Google Search
3525,2025-02-24,UK,iOS,Organic
3526,2025-03-13,UK,iOS,Organic
3527,2025-03-05,Ukraine,Android,Organic
3528,2025-01-07,USA,iOS,Organic
3529,2025-02-14,Poland,Android,Facebook Ads
3530,2025-02-18,UK,Android,Facebook Ads
3531,2025-03-09,Ukraine,Android,Facebook Ads
3532,2025-02-10,Poland,iOS,Facebook Ads
3533,2025-02-23,USA,iOS,Organic
3534,2025-02-22,Germany,Android,Organic
3535,2025-01-20,Poland,Android,Organic
3536,2025-02-08,USA,Android,Organic
3537,2025-02-18,Poland,iOS,Google Search
3538,2025-01-24,Ukraine,Android,Google Search
3539,2025-03-10,USA,Android,Google Search
3540,2025-03-02,USA,Android,Facebook Ads
3541,2025-01-31,Germany,Android,Facebook Ads
3542,2025-01-29,USA,Android,Organic
3543,2025-02-08,Ukraine,Android,TikTok
3544,2025-01-19,USA,iOS,Facebook Ads
3545,2025-03-01,USA,Android,Facebook Ads
3546,2025-01-08,UK,iOS,Organic
3547,2025-03-13,Ukraine,Android,Facebook Ads
3548,2025-02-22,UK,Android,Organic
3549,2025-02-23,Poland,iOS,Organic
3550,2025-03-13,Poland,iOS,TikTok
3551,2025-03-09,Ukraine,iOS,Google Search
3552,2025-01-18,UK,Android,Organic
3553,2025-02-19,Poland,Android,Google Search
3554,2025-02-01,UK,iOS,Organic
3555,2025-02-02,USA,Android,Google Search
3556,2025-01-27,USA,Android,Facebook Ads
3557,2025-02-12,USA,iOS,Organic
3558,2025-01-11,USA,iOS,Organic
3559,2025-02-27,USA,Android,Organic
3560,2025-02-17,Ukraine,Android,Organic
3561,2025-01-12,UK,Android,Organic
3562,2025-03-10,UK,iOS,Facebook Ads
3563,2025-01-25,USA,iOS,Organic
3564,2025-01-07,Poland,Android,Organic
3565,2025-02-04,Ukraine,iOS,Organic
3566,2025-02-18,Poland,iOS,TikTok
3567,2025-03-19,UK,iOS,Facebook Ads
3568,2025-03-19,USA,Android,Organic
3569,2025-01-06,USA,Android,Facebook Ads
3570,2025-01-10,Germany,Android,Google Search
3571,2025-01-25,Germany,Android,Organic
3572,2025-03-17,USA,iOS,Facebook Ads
3573,2025-03-13,Poland,Android,Organic
3574,2025-01-28,Ukraine,iOS,Facebook Ads
3575,2025-03-03,Poland,Android,Facebook Ads
3576,2025-01-27,Poland,Android,Organic
3577,2025-02-12,UK,Android,Organic
3578,2025-02-08,Poland,iOS,TikTok
3579,2025-01-02,Poland,Android,Organic
3580,2025-01-28,UK,iOS,Organic
3581,2025-01-25,UK,Android,Google Search
3582,2025-01-16,UK,Android,Facebook Ads
3583,2025-03-03,UK,Android,Facebook Ads
3584,2025-02-01,UK,Android,Organic
3585,2025-03-19,Ukraine,Android,Organic
3586,2025-01-27,Germany,iOS,Google Search
3587,2025-02-20,Germany,Android,Organic
3588,2025-01-31,Ukraine,iOS,Organic
3589,2025-03-12,Ukraine,Android,Facebook Ads
3590,2025-02-11,Poland,Android,Facebook Ads
3591,2025-02-06,Ukraine,Android,Organic
3592,2025-02-18,Germany,Android,Organic
3593,2025-03-01,USA,Android,Organic
3594,2025-03-10,USA,iOS,Facebook Ads
3595,2025-02-15,USA,Android,TikTok
3596,2025-02-09,Poland,iOS,Facebook Ads
3597,2025-02-03,Germany,Android,Facebook Ads
3598,2025-02-16,UK,iOS,TikTok
3599,2025-03-07,UK,iOS,Facebook Ads
3600,2025-03-05,USA,Android,Organic
3601,2025-03-01,Poland,iOS,Facebook Ads
3602,2025-01-13,USA,Android,Organic
3603,2025-03-02,Ukraine,iOS,TikTok
3604,2025-02-10,Ukraine,iOS,Google Search
3605,2025-01-27,Poland,Android,Organic
3606,2025-02-17,Poland,iOS,Facebook Ads
3607,2025-02-10,Poland,iOS,Organic
3608,2025-02-22,Poland,Android,Google Search
3609,2025-01-06,USA,iOS,Facebook Ads
3610,2025-03-14,Poland,Android,Google Search
3611,2025-01-29,Poland,iOS,Facebook Ads
3612,2025-01-19,Poland,iOS,TikTok
3613,2025-01-03,Ukraine,Android,Google Search
3614,2025-02-03,Germany,iOS,Facebook Ads
3615,2025-03-12,Ukraine,iOS,Google Search
3616,2025-03-16,Ukraine,iOS,Google Search
3617,2025-03-16,Ukraine,iOS,Organic
3618,2025-02-23,Germany,Android,TikTok
3619,2025-02-07,Germany,iOS,Google Search
3620,2025-01-20,Ukraine,Android,Organic
3621,2025-01-26,Poland,Android,Organic
3622,2025-02-12,Ukraine,Android,Facebook Ads
3623,2025-01-30,Ukraine,Android,Organic
3624,2025-02-18,UK,iOS,Organic
3625,2025-03-14,UK,Android,Organic
3626,2025-02-01,Ukraine,iOS,Organic
3627,2025-03-05,Germany,Android,Google Search
3628,2025-03-12,Ukraine,Android,TikTok
3629,2025-02-13,USA,iOS,Organic
3630,2025-02-02,Ukraine,Android,Google Search
3631,2025-03-04,Ukraine,Android,Organic
3632,2025-03-04,USA,iOS,Google Search
3633,2025-02-28,Ukraine,iOS,TikTok
3634,2025-01-22,Ukraine,Android,Organic
3635,2025-02-15,Ukraine,Android,Facebook Ads
3636,2025-01-22,UK,Android,Google Search
3637,2025-01-18,Poland,Android,Organic
3638,2025-03-11,UK,Android,Facebook Ads
3639,2025-03-04,Poland,Android,Facebook Ads
3640,2025-01-24,Poland,iOS,Google Search
3641,2025-03-11,USA,iOS,Google Search
3642,2025-01-08,Ukraine,Android,Google Search
3643,2025-03-09,Ukraine,Android,Facebook Ads
3644,2025-01-05,Poland,iOS,Facebook Ads
3645,2025-01-10,USA,iOS,Organic
3646,2025-01-07,UK,Android,Organic
3647,2025-01-01,USA,Android,Facebook Ads
3648,2025-02-22,USA,Android,Google Search
3649,2025-01-18,Poland,Android,Organic
3650,2025-03-22,UK,iOS,Facebook Ads
3651,2025-01-30,UK,iOS,Facebook Ads
3652,2025-01-09,Poland,iOS,Facebook Ads
3653,2025-01-20,UK,iOS,Organic
3654,2025-01-02,UK,Android,Organic
3655,2025-01-28,Ukraine,Android,Organic
3656,2025-03-06,Ukraine,Android,Organic
3657,2025-02-28,UK,Android,Organic
3658,2025-02-17,Ukraine,iOS,Google Search
3659,2025-01-08,UK,Android,Organic
3660,2025-03-21,Poland,Android,Facebook Ads
3661,2025-03-20,Poland,Android,Organic
3662,2025-03-03,USA,iOS,Organic
3663,2025-03-04,Poland,Android,Organic
3664,2025-01-03,UK,Android,Google Search
3665,2025-01-01,Ukraine,iOS,Facebook Ads
3666,2025-03-10,Ukraine,iOS,Organic
3667,2025-03-12,Poland,Android,Organic
3668,2025-02-22,UK,Android,Organic
3669,2025-01-02,Germany,iOS,Google Search
3670,2025-01-03,USA,Android,Organic
3671,2025-03-09,UK,iOS,Organic
3672,2025-02-05,Poland,Android,Organic
3673,2025-03-10,Germany,iOS,Organic
3674,2025-02-06,Ukraine,Android,Organic
3675,2025-01-03,Poland,iOS,Organic
3676,2025-03-06,USA,iOS,Organic
3677,2025-02-25,Germany,iOS,TikTok
3678,2025-01-23,Germany,iOS,Facebook Ads
3679,2025-01-14,Poland,Android,Facebook Ads
3680,2025-01-13,UK,iOS,TikTok
3681,2025-03-09,Poland,Android,Organic
3682,2025-01-20,Germany,iOS,Organic
3683,2025-01-31,Ukraine,iOS,Google Search
3684,2025-01-25,USA,iOS,Facebook Ads
3685,2025-03-21,Ukraine,iOS,Organic
3686,2025-03-09,Germany,iOS,Organic
3687,2025-02-02,Ukraine,Android,Google Search
3688,2025-02-15,UK,Android,Google Search
3689,2025-02-04,Poland,Android,Organic
3690,2025-02-20,Germany,Android,Facebook Ads
3691,2025-01-11,USA,Android,Organic
3692,2025-02-17,USA,iOS,Facebook Ads
3693,2025-02-21,UK,Android,Organic
3694,2025-02-28,Ukraine,Android,TikTok
3695,2025-03-14,Ukraine,Android,Organic
3696,2025-02-01,USA,Android,Google Search
3697,2025-01-29,Germany,iOS,Organic
3698,2025-02-08,Ukraine,Android,Google Search
3699,2025-01-11,Germany,Android,Facebook Ads
3700,2025-01-05,USA,Android,TikTok
3701,2025-01-12,Germany,Android,Organic
3702,2025-02-21,UK,iOS,Organic
3703,2025-02-18,USA,iOS,Google Search
3704,2025-02-18,Germany,Android,Facebook Ads
3705,2025-03-12,Poland,Android,Facebook Ads
3706,2025-03-02,UK,iOS,Organic
3707,2025-01-08,Germany,iOS,Organic
3708,2025-01-02,USA,iOS,Organic
3709,2025-01-22,Germany,iOS,Organic
3710,2025-01-11,Poland,Android,Facebook Ads
3711,2025-03-05,Ukraine,Android,Google Search
3712,2025-02-25,Germany,iOS,Facebook Ads
3713,2025-02-12,USA,iOS,Google Search
3714,2025-03-14,Poland,iOS,Facebook Ads
3715,2025-01-13,Ukraine,iOS,TikTok
3716,2025-03-09,Germany,Android,Facebook Ads
3717,2025-01-06,Ukraine,Android,TikTok
3718,2025-01-30,Germany,Android,Google Search
3719,2025-01-28,Germany,iOS,TikTok
3720,2025-03-14,UK,Android,Organic
3721,2025-03-02,Ukraine,Android,TikTok
3722,2025-02-04,Ukraine,Android,Facebook Ads
3723,2025-01-06,Poland,Android,Organic
3724,2025-01-10,Germany,iOS,TikTok
3725,2025-02-05,Germany,iOS,Facebook Ads
3726,2025-03-11,UK,iOS,Facebook Ads
3727,2025-03-14,Ukraine,iOS,Google Search
3728,2025-01-05,Poland,iOS,TikTok
3729,2025-01-23,Ukraine,Android,Organic
3730,2025-02-10,USA,Android,Organic
3731,2025-01-03,Poland,Android,Facebook Ads
3732,2025-01-27,USA,iOS,Facebook Ads
3733,2025-03-17,Poland,Android,Organic
3734,2025-01-19,UK,Android,Facebook Ads
3735,2025-02-20,Germany,Android,Organic
3736,2025-01-10,Ukraine,Android,TikTok
3737,2025-02-08,Poland,Android,Facebook Ads
3738,2025-01-21,Germany,Android,Organic
3739,2025-03-14,Germany,iOS,Facebook Ads
3740,2025-01-31,USA,iOS,Organic
3741,2025-03-14,UK,iOS,Facebook Ads
3742,2025-02-19,UK,iOS,Organic
3743,2025-03-11,USA,iOS,Google Search
3744,2025-02-12,Germany,Android,Google Search
3745,2025-02-19,USA,Android,Organic
3746,2025-01-18,Germany,Android,Facebook Ads
3747,2025-01-11,UK,iOS,Organic
3748,2025-03-06,Germany,Android,Google Search
3749,2025-02-14,Germany,Android,Organic
3750,2025-01-07,UK,iOS,Facebook Ads
3751,2025-01-13,USA,Android,Organic
3752,2025-02-25,Poland,iOS,Facebook Ads
3753,2025-01-30,Germany,iOS,Google Search
3754,2025-01-10,Ukraine,Android,Facebook Ads
3755,2025-02-13,Ukraine,iOS,Organic
3756,2025-03-19,USA,Android,Facebook Ads
3757,2025-03-20,Germany,Android,Organic
3758,2025-03-18,Germany,Android,Organic
3759,2025-02-20,Poland,iOS,Facebook Ads
3760,2025-02-11,Poland,iOS,Organic
3761,2025-01-04,Ukraine,iOS,Facebook Ads
3762,2025-02-04,Ukraine,Android,Google Search
3763,2025-02-27,Ukraine,Android,Organic
3764,2025-03-04,Ukraine,iOS,Organic
3765,2025-01-30,Germany,Android,Organic
3766,2025-02-15,Ukraine,Android,Facebook Ads
3767,2025-03-12,Poland,iOS,Google Search
3768,2025-02-18,Germany,Android,Facebook Ads
3769,2025-02-25,UK,Android,Organic
3770,2025-01-24,USA,iOS,Organic
3771,2025-03-16,Poland,iOS,Organic
3772,2025-02-18,USA,Android,Facebook Ads
3773,2025-01-11,UK,Android,Google Search
3774,2025-03-21,UK,Android,Google Search
3775,2025-02-07,Ukraine,Android,Facebook Ads
3776,2025-02-01,Ukraine,iOS,Google Search
3777,2025-01-10,UK,iOS,Organic
3778,2025-01-11,Germany,Android,Organic
3779,2025-02-04,Germany,iOS,Organic
3780,2025-01-20,Poland,iOS,Google Search
3781,2025-02-18,USA,Android,Facebook Ads
3782,2025-01-20,Germany,Android,Organic
3783,2025-02-19,Germany,Android,Facebook Ads
3784,2025-02-10,UK,Android,TikTok
3785,2025-02-16,USA,iOS,Google Search
3786,2025-01-14,UK,Android,Google Search
3787,2025-01-12,USA,iOS,TikTok
3788,2025-01-01,UK,Android,Facebook Ads
3789,2025-02-09,UK,Android,Organic
3790,2025-02-26,Ukraine,Android,Organic
3791,2025-02-16,Ukraine,Android,Facebook Ads
3792,2025-02-04,Germany,Android,Google Search
3793,2025-01-14,Ukraine,iOS,Organic
3794,2025-01-17,Germany,Android,Organic
3795,2025-01-12,Germany,Android,Facebook Ads
3796,2025-01-24,USA,iOS,TikTok
3797,2025-02-25,Germany,Android,Facebook Ads
3798,2025-02-27,Germany,Android,Facebook Ads
3799,2025-03-13,Germany,iOS,Facebook Ads
3800,2025-03-13,Ukraine,Android,Facebook Ads
3801,2025-03-07,Ukraine,Android,Facebook Ads
3802,2025-02-22,Poland,Android,TikTok
3803,2025-01-14,UK,Android,Google Search
3804,2025-01-04,USA,Android,Facebook Ads
3805,2025-01-12,Poland,Android,Facebook Ads
3806,2025-02-15,Germany,Android,Organic
3807,2025-03-12,Germany,iOS,Organic
3808,2025-01-12,Poland,Android,Facebook Ads
3809,2025-03-18,USA,Android,Facebook Ads
3810,2025-03-18,Germany,iOS,Facebook Ads
3811,2025-02-11,Germany,Android,Facebook Ads
3812,2025-02-19,Ukraine,Android,Facebook Ads
3813,2025-01-02,UK,iOS,Google Search
3814,2025-02-07,Germany,Android,Facebook Ads
3815,2025-02-22,UK,Android,Organic
3816,2025-02-19,UK,Android,Facebook Ads
3817,2025-01-11,UK,iOS,TikTok
3818,2025-03-13,Germany,iOS,TikTok
3819,2025-02-01,Germany,iOS,Organic
3820,2025-03-15,UK,Android,Google Search
3821,2025-03-08,Poland,iOS,Google Search
3822,2025-01-22,UK,Android,Google Search
3823,2025-02-18,Ukraine,iOS,Organic
3824,2025-01-22,Germany,iOS,Google Search
3825,2025-01-18,USA,Android,Organic
3826,2025-02-04,Germany,Android,TikTok
3827,2025-02-08,UK,iOS,Google Search
3828,2025-02-04,Germany,Android,Organic
3829,2025-03-05,UK,iOS,Facebook Ads
3830,2025-01-19,USA,Android,Facebook Ads
3831,2025-01-09,USA,Android,Google Search
3832,2025-01-22,USA,iOS,Facebook Ads
3833,2025-02-25,Ukraine,iOS,Organic
3834,2025-02-05,Ukraine,iOS,Facebook Ads
3835,2025-02-23,UK,Android,Google Search
3836,2025-02-08,Ukraine,Android,Organic
3837,2025-03-03,Poland,iOS,Organic
3838,2025-01-10,USA,Android,Google Search
3839,2025-02-16,USA,iOS,Organic
3840,2025-02-02,UK,iOS,Organic
3841,2025-02-01,Ukraine,Android,Google Search
3842,2025-03-22,USA,Android,Facebook Ads
3843,2025-03-05,Germany,Android,Google Search
3844,2025-03-18,Ukraine,Android,Organic
3845,2025-03-20,Germany,iOS,Organic
3846,2025-01-26,USA,Android,Organic
3847,2025-02-28,USA,iOS,Google Search
3848,2025-01-14,Germany,Android,Facebook Ads
3849,2025-01-18,USA,iOS,Facebook Ads
3850,2025-02-08,Ukraine,Android,Google Search
3851,2025-01-01,Poland,iOS,Organic
3852,2025-02-20,Poland,iOS,Organic
3853,2025-02-12,Poland,Android,Facebook Ads
3854,2025-03-21,USA,iOS,Google Search
3855,2025-02-18,UK,Android,Google Search
3856,2025-02-12,Ukraine,iOS,Google Search
3857,2025-02-26,Ukraine,iOS,Facebook Ads
3858,2025-02-12,USA,iOS,Facebook Ads
3859,2025-02-25,Ukraine,iOS,Facebook Ads
3860,2025-03-18,USA,Android,Facebook Ads
3861,2025-01-18,Poland,iOS,Facebook Ads
3862,2025-02-08,Ukraine,Android,Facebook Ads
3863,2025-02-11,UK,Android,Organic
3864,2025-03-19,USA,Android,Google Search
3865,2025-01-26,Ukraine,Android,TikTok
3866,2025-03-03,Germany,Android,Facebook Ads
3867,2025-02-10,Germany,Android,Google Search
3868,2025-01-23,UK,iOS,Google Search
3869,2025-02-20,UK,iOS,Facebook Ads
3870,2025-02-10,Germany,Android,Organic
3871,2025-02-07,USA,Android,Facebook Ads
3872,2025-03-04,Ukraine,Android,TikTok
3873,2025-03-15,Germany,Android,Organic
3874,2025-02-01,UK,Android,Organic
3875,2025-02-11,Ukraine,Android,Organic
3876,2025-02-18,USA,Android,Organic
3877,2025-02-05,Germany,iOS,Google Search
3878,2025-02-20,UK,Android,Organic
3879,2025-02-16,Germany,iOS,Facebook Ads
3880,2025-01-15,USA,iOS,Facebook Ads
3881,2025-03-14,UK,Android,Google Search
3882,2025-01-26,Ukraine,iOS,Organic
3883,2025-03-17,Germany,iOS,Organic
3884,2025-03-11,Ukraine,iOS,Facebook Ads
3885,2025-01-24,Poland,Android,Organic
3886,2025-03-12,USA,Android,Facebook Ads
3887,2025-01-04,Germany,Android,Google Search
3888,2025-03-01,UK,Android,Google Search
3889,2025-01-27,USA,Android,Google Search
3890,2025-02-26,Poland,iOS,Facebook Ads
3891,2025-02-07,UK,Android,Organic
3892,2025-01-09,USA,Android,Organic
3893,2025-02-22,USA,Android,Google Search
3894,2025-03-05,Germany,iOS,Google Search
3895,2025-01-18,Poland,Android,Organic
3896,2025-02-08,Germany,Android,Organic
3897,2025-01-31,Ukraine,iOS,Google Search
3898,2025-02-02,UK,Android,Facebook Ads
3899,2025-01-20,Poland,iOS,Organic
3900,2025-02-24,USA,iOS,Organic
3901,2025-02-18,USA,Android,Facebook Ads
3902,2025-01-10,Ukraine,iOS,Facebook Ads
3903,2025-02-27,USA,Android,Organic
3904,2025-03-18,UK,Android,Facebook Ads
3905,2025-03-03,Germany,iOS,TikTok
3906,2025-03-16,Poland,Android,Facebook Ads
3907,2025-02-21,UK,iOS,Organic
3908,2025-03-10,Ukraine,iOS,Google Search
3909,2025-03-06,UK,iOS,Google Search
3910,2025-02-23,Ukraine,iOS,Organic
3911,2025-03-11,UK,iOS,Google Search
3912,2025-01-05,USA,Android,Organic
3913,2025-02-16,USA,Android,Facebook Ads
3914,2025-03-10,Ukraine,iOS,Facebook Ads
3915,2025-03-18,UK,Android,Facebook Ads
3916,2025-01-11,UK,Android,Organic
3917,2025-01-14,Germany,Android,Facebook Ads
3918,2025-02-01,Germany,Android,Facebook Ads
3919,2025-02-15,Poland,iOS,Google Search
3920,2025-01-22,USA,iOS,Organic
3921,2025-03-20,Ukraine,Android,Organic
3922,2025-01-06,USA,Android,Facebook Ads
3923,2025-03-14,UK,iOS,Facebook Ads
3924,2025-02-21,USA,iOS,TikTok
3925,2025-02-12,Germany,Android,Facebook Ads
3926,2025-02-25,UK,Android,Organic
3927,2025-01-14,USA,Android,Organic
3928,2025-01-02,Poland,Android,Organic
3929,2025-01-13,Germany,iOS,Facebook Ads
3930,2025-02-03,Germany,Android,Organic
3931,2025-01-29,USA,Android,Organic
3932,2025-03-07,UK,iOS,Organic
3933,2025-03-08,UK,Android,Google Search
3934,2025-03-13,Germany,Android,Facebook Ads
3935,2025-03-16,UK,iOS,Facebook Ads
3936,2025-03-15,Poland,Android,Organic
3937,2025-01-29,Ukraine,Android,Organic
3938,2025-02-27,UK,Android,Google Search
3939,2025-02-17,Poland,iOS,Google Search
3940,2025-02-20,UK,iOS,Google Search
3941,2025-03-01,Germany,Android,Organic
3942,2025-03-17,Poland,iOS,TikTok
3943,2025-03-06,Germany,Android,Facebook Ads
3944,2025-01-20,USA,Android,Google Search
3945,2025-02-14,UK,iOS,Facebook Ads
3946,2025-01-04,UK,Android,Organic
3947,2025-03-03,Germany,Android,Organic
3948,2025-01-14,UK,iOS,TikTok
3949,2025-02-07,Ukraine,Android,Facebook Ads
3950,2025-02-23,UK,Android,TikTok
3951,2025-01-11,Poland,Android,Facebook Ads
3952,2025-01-15,USA,Android,Organic
3953,2025-01-19,Germany,Android,Facebook Ads
3954,2025-02-14,Poland,Android,Organic
3955,2025-02-09,Poland,Android,Organic
3956,2025-02-13,Poland,Android,Organic
3957,2025-02-28,USA,Android,Organic
3958,2025-01-27,Germany,iOS,Facebook Ads
3959,2025-03-08,Germany,Android,Facebook Ads
3960,2025-03-03,USA,iOS,Organic
3961,2025-02-14,Ukraine,iOS,Google Search
3962,2025-03-02,Poland,iOS,Facebook Ads
3963,2025-01-13,Germany,Android,Google Search
3964,2025-02-26,USA,Android,Organic
3965,2025-02-27,USA,Android,Facebook Ads
3966,2025-02-10,Poland,Android,Facebook Ads
3967,2025-01-09,USA,Android,Facebook Ads
3968,2025-02-08,UK,Android,Google Search
3969,2025-01-06,Poland,Android,Organic
3970,2025-01-15,Germany,iOS,TikTok
3971,2025-01-03,Poland,iOS,Organic
3972,2025-02-13,Ukraine,Android,Facebook Ads
3973,2025-01-14,Poland,Android,TikTok
3974,2025-01-22,Poland,iOS,Organic
3975,2025-02-01,Ukraine,iOS,Facebook Ads
3976,2025-03-08,Poland,Android,TikTok
3977,2025-01-23,USA,iOS,Organic
3978,2025-03-12,Germany,Android,Organic
3979,2025-01-21,Germany,Android,Organic
3980,2025-02-12,UK,Android,Facebook Ads
3981,2025-03-13,Germany,iOS,Facebook Ads
3982,2025-02-24,Germany,Android,Organic
3983,2025-03-01,Ukraine,Android,Facebook Ads
3984,2025-01-30,Poland,Android,Google Search
3985,2025-02-21,Poland,Android,Organic
3986,2025-03-22,USA,iOS,Organic
3987,2025-01-24,Poland,Android,Google Search
3988,2025-01-24,Ukraine,Android,Organic
3989,2025-02-25,USA,Android,Organic
3990,2025-02-20,USA,iOS,Organic
3991,2025-01-04,UK,Android,Facebook Ads
3992,2025-03-20,Poland,Android,Facebook Ads
3993,2025-01-26,Ukraine,iOS,Google Search
3994,2025-02-27,Germany,iOS,Facebook Ads
3995,2025-03-17,Ukraine,Android,Facebook Ads
3996,2025-02-24,Ukraine,iOS,Facebook Ads
3997,2025-02-19,Ukraine,iOS,Google Search
3998,2025-01-01,USA,iOS,TikTok
3999,2025-01-28,UK,Android,Facebook Ads
4000,2025-01-27,USA,Android,Organic
4001,2025-02-05,Ukraine,Android,Organic
4002,2025-01-09,Germany,iOS,Facebook Ads
4003,2025-03-15,USA,Android,TikTok
4004,2025-01-14,Ukraine,Android,Organic
4005,2025-03-10,Germany,Android,Google Search
4006,2025-01-24,Poland,Android,Organic
4007,2025-02-16,Poland,iOS,Facebook Ads
4008,2025-02-11,Ukraine,Android,Organic
4009,2025-01-26,UK,iOS,Facebook Ads
4010,2025-02-28,UK,Android,Organic
4011,2025-01-15,Ukraine,iOS,Google Search
4012,2025-02-03,UK,iOS,Organic
4013,2025-03-04,UK,iOS,Facebook Ads
4014,2025-03-09,UK,Android,Organic
4015,2025-02-10,USA,iOS,Organic
4016,2025-03-18,Germany,Android,Google Search
4017,2025-02-19,Ukraine,Android,Organic
4018,2025-03-20,Poland,iOS,Google Search
4019,2025-02-20,UK,Android,Organic
4020,2025-03-17,Ukraine,iOS,Google Search
4021,2025-01-15,USA,Android,Organic
4022,2025-02-14,USA,Android,Organic
4023,2025-02-15,UK,iOS,Google Search
4024,2025-02-28,Germany,iOS,Facebook Ads
4025,2025-03-21,Poland,iOS,Google Search
4026,2025-01-23,Germany,Android,Organic
4027,2025-02-08,Poland,Android,Facebook Ads
4028,2025-03-20,Poland,Android,Organic
4029,2025-03-17,Ukraine,Android,Organic
4030,2025-01-11,Poland,iOS,Google Search
4031,2025-01-18,Poland,Android,Organic
4032,2025-02-10,USA,Android,Facebook Ads
4033,2025-01-16,Germany,iOS,Facebook Ads
4034,2025-01-31,Germany,iOS,Organic
4035,2025-02-09,USA,iOS,Facebook Ads
4036,2025-01-15,UK,Android,Facebook Ads
4037,2025-01-24,Ukraine,Android,Organic
4038,2025-02-17,Germany,iOS,Google Search
4039,2025-01-19,UK,Android,TikTok
4040,2025-03-07,USA,iOS,TikTok
4041,2025-02-19,Ukraine,Android,Facebook Ads
4042,2025-02-23,USA,iOS,Facebook Ads
4043,2025-03-18,UK,Android,Organic
4044,2025-01-18,Germany,Android,Google Search
4045,2025-03-15,Germany,Android,Facebook Ads
4046,2025-02-19,Poland,Android,Organic
4047,2025-02-24,USA,iOS,Facebook Ads
4048,2025-01-24,Poland,iOS,Organic
4049,2025-03-04,USA,iOS,Facebook Ads
4050,2025-03-10,Germany,iOS,Facebook Ads
4051,2025-01-23,USA,Android,Facebook Ads
4052,2025-03-13,USA,iOS,TikTok
4053,2025-01-22,Ukraine,iOS,Organic
4054,2025-03-04,UK,Android,Organic
4055,2025-02-06,Ukraine,Android,Google Search
4056,2025-01-18,Ukraine,Android,Google Search
4057,2025-01-24,Poland,iOS,Facebook Ads
4058,2025-02-10,USA,iOS,Google Search
4059,2025-02-27,UK,Android,Organic
4060,2025-03-21,Germany,iOS,Organic
4061,2025-01-07,USA,iOS,Facebook Ads
4062,2025-02-15,USA,Android,TikTok
4063,2025-01-02,Ukraine,Android,Facebook Ads
4064,2025-03-04,UK,Android,TikTok
4065,2025-01-18,Poland,iOS,Facebook Ads
4066,2025-01-25,Germany,iOS,Google Search
4067,2025-02-19,Germany,Android,Google Search
4068,2025-03-13,Ukraine,iOS,Google Search
4069,2025-03-06,Germany,Android,Organic
4070,2025-03-05,USA,Android,Google Search
4071,2025-02-22,USA,Android,Google Search
4072,2025-03-04,Ukraine,iOS,Organic
4073,2025-02-23,Poland,iOS,Organic
4074,2025-02-26,USA,Android,Organic
4075,2025-03-04,Poland,Android,Facebook Ads
4076,2025-01-22,Poland,Android,Organic
4077,2025-01-11,Germany,iOS,Organic
4078,2025-03-14,USA,iOS,Google Search
4079,2025-01-04,Germany,Android,Google Search
4080,2025-01-29,Ukraine,Android,Google Search
4081,2025-02-07,USA,Android,Facebook Ads
4082,2025-01-05,Ukraine,iOS,Facebook Ads
4083,2025-02-05,Germany,Android,Facebook Ads
4084,2025-01-29,Germany,Android,Organic
4085,2025-03-10,Germany,Android,Organic
4086,2025-02-06,USA,Android,TikTok
4087,2025-01-22,Germany,iOS,Organic
4088,2025-02-28,Ukraine,Android,Facebook Ads
4089,2025-03-14,Poland,iOS,Organic
4090,2025-03-05,USA,Android,Organic
4091,2025-03-12,UK,Android,Google Search
4092,2025-03-07,Ukraine,iOS,Organic
4093,2025-01-15,USA,Android,TikTok
4094,2025-03-15,Germany,iOS,Organic
4095,2025-01-15,UK,Android,TikTok
4096,2025-02-04,UK,Android,Facebook Ads
4097,2025-03-11,USA,iOS,Facebook Ads
4098,2025-02-16,Germany,iOS,Google Search
4099,2025-03-11,Ukraine,Android,Organic
4100,2025-01-06,Ukraine,iOS,Organic
4101,2025-02-26,Poland,Android,TikTok
4102,2025-03-11,Germany,Android,Google Search
4103,2025-01-28,Poland,Android,Facebook Ads
4104,2025-02-24,Ukraine,iOS,Organic
4105,2025-01-14,Germany,Android,Organic
4106,2025-02-01,Poland,Android,Facebook Ads
4107,2025-02-08,USA,iOS,Google Search
4108,2025-01-05,USA,Android,Organic
4109,2025-02-27,UK,Android,Organic
4110,2025-02-03,Ukraine,Android,Google Search
4111,2025-02-14,Ukraine,iOS,Google Search
4112,2025-01-12,Poland,Android,TikTok
4113,2025-02-26,Poland,iOS,Organic
4114,2025-01-16,UK,iOS,Google Search
4115,2025-01-31,Poland,Android,Facebook Ads
4116,2025-01-27,UK,Android,Organic
4117,2025-03-17,Germany,iOS,Facebook Ads
4118,2025-02-14,USA,iOS,Facebook Ads
4119,2025-03-20,Germany,iOS,Organic
4120,2025-03-22,Germany,iOS,Facebook Ads
4121,2025-02-24,Poland,iOS,Organic
4122,2025-01-22,USA,iOS,Facebook Ads
4123,2025-03-20,Poland,Android,Organic
4124,2025-01-18,UK,Android,Facebook Ads
4125,2025-01-27,USA,Android,Facebook Ads
4126,2025-01-27,USA,Android,Facebook Ads
4127,2025-01-08,Poland,iOS,TikTok
4128,2025-03-14,Ukraine,Android,Organic
4129,2025-02-14,Germany,Android,Facebook Ads
4130,2025-03-10,USA,Android,Organic
4131,2025-02-05,Poland,Android,Organic
4132,2025-03-18,Germany,Android,TikTok
4133,2025-03-10,Germany,Android,Google Search
4134,2025-01-22,UK,iOS,Organic
4135,2025-02-11,Poland,Android,Facebook Ads
4136,2025-02-07,Ukraine,Android,Google Search
4137,2025-02-07,Ukraine,Android,TikTok
4138,2025-03-15,UK,Android,Organic
4139,2025-02-04,UK,iOS,Facebook Ads
4140,2025-03-07,Poland,iOS,Facebook Ads
4141,2025-01-13,Ukraine,Android,Organic
4142,2025-01-18,Germany,Android,Organic
4143,2025-02-22,Poland,Android,Google Search
4144,2025-01-08,USA,iOS,TikTok
4145,2025-02-05,Poland,iOS,Facebook Ads
4146,2025-01-17,Ukraine,Android,Google Search
4147,2025-01-17,Germany,Android,TikTok
4148,2025-02-01,UK,Android,Google Search
4149,2025-01-19,Germany,Android,Facebook Ads
4150,2025-02-11,UK,Android,Organic
4151,2025-02-01,USA,iOS,Organic
4152,2025-02-20,Poland,Android,Facebook Ads
4153,2025-03-04,Ukraine,Android,TikTok
4154,2025-01-19,USA,Android,Organic
4155,2025-03-15,Poland,Android,Facebook Ads
4156,2025-03-22,UK,Android,Organic
4157,2025-02-04,Ukraine,iOS,Google Search
4158,2025-03-22,Ukraine,Android,Google Search
4159,2025-02-23,UK,iOS,Organic
4160,2025-02-18,Germany,Android,TikTok
4161,2025-02-27,Germany,iOS,Facebook Ads
4162,2025-01-10,Germany,iOS,Google Search
4163,2025-01-12,Ukraine,Android,Google Search
4164,2025-02-21,Poland,iOS,Google Search
4165,2025-03-07,Poland,Android,Google Search
4166,2025-02-05,Poland,Android,Facebook Ads
4167,2025-02-17,USA,iOS,Organic
4168,2025-02-28,USA,Android,Google Search
4169,2025-03-04,Germany,Android,Facebook Ads
4170,2025-02-11,Germany,Android,Organic
4171,2025-03-16,Poland,iOS,Organic
4172,2025-01-01,Germany,iOS,Google Search
4173,2025-01-12,Poland,iOS,Facebook Ads
4174,2025-02-28,UK,iOS,Organic
4175,2025-02-15,Poland,iOS,Facebook Ads
4176,2025-01-09,USA,Android,Facebook Ads
4177,2025-03-10,Poland,Android,Organic
4178,2025-02-20,Germany,Android,Facebook Ads
4179,2025-01-28,Poland,Android,Facebook Ads
4180,2025-02-24,Germany,iOS,Facebook Ads
4181,2025-01-28,Poland,iOS,Facebook Ads
4182,2025-03-05,Ukraine,iOS,Facebook Ads
4183,2025-02-04,USA,iOS,TikTok
4184,2025-02-11,USA,Android,Facebook Ads
4185,2025-02-06,Poland,Android,Facebook Ads
4186,2025-02-13,UK,iOS,Facebook Ads
4187,2025-03-12,Germany,iOS,TikTok
4188,2025-03-15,Poland,Android,Organic
4189,2025-01-17,USA,Android,Google Search
4190,2025-03-14,UK,iOS,Organic
4191,2025-03-04,Germany,Android,Google Search
4192,2025-02-13,Ukraine,Android,Google Search
4193,2025-01-07,Ukraine,iOS,Facebook Ads
4194,2025-01-06,Germany,iOS,Google Search
4195,2025-01-13,Poland,Android,Google Search
4196,2025-03-22,USA,Android,Organic
4197,2025-02-28,Germany,Android,Facebook Ads
4198,2025-01-03,Poland,iOS,Organic
4199,2025-01-16,Germany,iOS,Facebook Ads
4200,2025-01-21,Germany,Android,Facebook Ads
4201,2025-02-26,UK,Android,Google Search
4202,2025-02-28,USA,iOS,TikTok
4203,2025-01-01,Ukraine,Android,Google Search
4204,2025-02-24,Ukraine,Android,Organic
4205,2025-01-26,UK,Android,Facebook Ads
4206,2025-01-17,Ukraine,Android,Facebook Ads
4207,2025-02-08,Ukraine,Android,Facebook Ads
4208,2025-01-21,USA,Android,Google Search
4209,2025-02-05,Poland,Android,Facebook Ads
4210,2025-01-12,Germany,iOS,Facebook Ads
4211,2025-02-16,USA,Android,Organic
4212,2025-02-02,UK,iOS,Facebook Ads
4213,2025-01-11,UK,Android,Organic
4214,2025-02-17,Ukraine,iOS,Google Search
4215,2025-01-22,Ukraine,iOS,Organic
4216,2025-01-07,USA,iOS,Organic
4217,2025-02-20,UK,iOS,Google Search
4218,2025-03-22,UK,Android,Facebook Ads
4219,2025-02-09,Germany,Android,Organic
4220,2025-01-30,USA,Android,Organic
4221,2025-02-24,Germany,iOS,Facebook Ads
4222,2025-01-12,USA,iOS,Facebook Ads
4223,2025-01-13,Poland,iOS,Organic
4224,2025-01-01,UK,iOS,Google Search
4225,2025-01-28,Ukraine,Android,Organic
4226,2025-03-03,UK,iOS,Google Search
4227,2025-01-10,Poland,iOS,Facebook Ads
4228,2025-01-17,USA,iOS,Organic
4229,2025-03-17,Poland,iOS,Organic
4230,2025-01-29,UK,Android,Facebook Ads
4231,2025-03-08,Germany,Android,Google Search
4232,2025-02-26,USA,iOS,Organic
4233,2025-01-02,Germany,iOS,Organic
4234,2025-01-02,Poland,iOS,Facebook Ads
4235,2025-02-13,Ukraine,iOS,Organic
4236,2025-01-16,USA,iOS,Organic
4237,2025-02-24,UK,Android,Organic
4238,2025-01-17,Germany,Android,Organic
4239,2025-03-03,Poland,Android,Facebook Ads
4240,2025-01-10,USA,Android,Organic
4241,2025-01-30,Ukraine,Android,Organic
4242,2025-02-19,USA,Android,Facebook Ads
4243,2025-01-12,Ukraine,Android,Google Search
4244,2025-01-14,Poland,Android,Google Search
4245,2025-01-14,Germany,iOS,Organic
4246,2025-02-10,USA,Android,Facebook Ads
4247,2025-02-17,USA,Android,Organic
4248,2025-02-08,Germany,Android,TikTok
4249,2025-01-18,USA,Android,Organic
4250,2025-02-18,USA,Android,TikTok
4251,2025-01-18,UK,iOS,TikTok
4252,2025-01-19,USA,Android,Facebook Ads
4253,2025-01-09,UK,iOS,Organic
4254,2025-03-09,USA,iOS,Google Search
4255,2025-03-14,Germany,iOS,Organic
4256,2025-01-02,Poland,Android,Facebook Ads
4257,2025-03-20,USA,iOS,TikTok
4258,2025-01-22,Germany,iOS,Organic
4259,2025-02-26,Poland,Android,Organic
4260,2025-02-14,UK,iOS,Facebook Ads
4261,2025-01-28,Germany,Android,Facebook Ads
4262,2025-03-22,Ukraine,Android,Organic
4263,2025-01-20,Poland,iOS,Facebook Ads
4264,2025-02-22,Poland,Android,Organic
4265,2025-03-20,Ukraine,iOS,Facebook Ads
4266,2025-02-26,Poland,Android,Organic
4267,2025-01-28,Poland,Android,Google Search
4268,2025-01-12,Ukraine,Android,Organic
4269,2025-01-13,Germany,Android,Organic
4270,2025-01-18,USA,iOS,Google Search
4271,2025-01-16,Poland,iOS,Facebook Ads
4272,2025-03-17,Germany,Android,Facebook Ads
4273,2025-02-19,Germany,Android,Organic
4274,2025-02-14,Ukraine,Android,Organic
4275,2025-02-24,Germany,Android,Organic
4276,2025-02-10,Ukraine,Android,Organic
4277,2025-01-18,Germany,Android,Google Search
4278,2025-02-01,USA,iOS,Google Search
4279,2025-02-05,UK,Android,Facebook Ads
4280,2025-01-11,Germany,Android,Google Search
4281,2025-02-01,Germany,iOS,TikTok
4282,2025-03-12,Germany,Android,Organic
4283,2025-03-18,Ukraine,Android,Google Search
4284,2025-03-18,Poland,Android,Organic
4285,2025-03-19,Ukraine,iOS,Organic
4286,2025-02-06,USA,iOS,Google Search
4287,2025-01-04,Ukraine,Android,Facebook Ads
4288,2025-02-08,Poland,Android,Facebook Ads
4289,2025-01-27,USA,iOS,Organic
4290,2025-03-08,Poland,iOS,TikTok
4291,2025-03-19,Poland,Android,Organic
4292,2025-03-07,UK,iOS,Facebook Ads
4293,2025-01-25,USA,Android,Facebook Ads
4294,2025-02-20,UK,Android,Organic
4295,2025-02-07,UK,iOS,Organic
4296,2025-01-07,Poland,Android,Organic
4297,2025-01-31,UK,iOS,Organic
4298,2025-03-05,Ukraine,iOS,Facebook Ads
4299,2025-02-19,UK,Android,Organic
4300,2025-01-15,UK,Android,Organic
4301,2025-01-31,Poland,Android,Facebook Ads
4302,2025-03-05,Germany,Android,Organic
4303,2025-03-18,Ukraine,iOS,Facebook Ads
4304,2025-01-10,Poland,iOS,Facebook Ads
4305,2025-03-09,Germany,iOS,Facebook Ads
4306,2025-01-02,Ukraine,iOS,Facebook Ads
4307,2025-02-16,USA,iOS,Google Search
4308,2025-02-10,Ukraine,iOS,Google Search
4309,2025-01-17,USA,Android,Organic
4310,2025-02-19,Ukraine,Android,Google Search
4311,2025-03-14,Germany,Android,Facebook Ads
4312,2025-02-23,USA,Android,Facebook Ads
4313,2025-02-16,UK,iOS,Organic
4314,2025-03-11,Ukraine,iOS,Google Search
4315,2025-01-23,USA,Android,Facebook Ads
4316,2025-03-02,Poland,Android,Organic
4317,2025-01-10,Ukraine,iOS,Organic
4318,2025-01-03,Ukraine,Android,Organic
4319,2025-03-17,Germany,Android,Google Search
4320,2025-01-09,Germany,Android,Facebook Ads
4321,2025-01-02,Germany,iOS,Organic
4322,2025-02-03,USA,Android,Facebook Ads
4323,2025-01-28,UK,Android,Google Search
4324,2025-01-06,Ukraine,Android,Facebook Ads
4325,2025-01-08,USA,Android,Organic
4326,2025-02-20,Ukraine,Android,Facebook Ads
4327,2025-03-06,UK,Android,TikTok
4328,2025-02-06,Germany,iOS,Organic
4329,2025-03-22,USA,Android,Google Search
4330,2025-03-06,UK,Android,Organic
4331,2025-02-23,Poland,Android,Organic
4332,2025-02-24,Poland,iOS,Organic
4333,2025-02-21,Ukraine,iOS,Google Search
4334,2025-01-11,USA,Android,Organic
4335,2025-03-10,USA,Android,Google Search
4336,2025-03-10,Ukraine,Android,TikTok
4337,2025-03-20,Ukraine,Android,Google Search
4338,2025-01-20,UK,Android,Google Search
4339,2025-02-05,UK,Android,Organic
4340,2025-01-11,Germany,Android,Organic
4341,2025-02-09,Ukraine,Android,Organic
4342,2025-01-11,Germany,Android,Facebook Ads
4343,2025-03-07,USA,iOS,Google Search
4344,2025-01-27,Poland,Android,TikTok
4345,2025-01-20,Poland,Android,Organic
4346,2025-03-10,Germany,iOS,Organic
4347,2025-02-11,Ukraine,iOS,Facebook Ads
4348,2025-02-20,Ukraine,iOS,Google Search
4349,2025-03-17,Poland,iOS,Organic
4350,2025-01-09,Poland,iOS,Organic
4351,2025-02-09,Germany,Android,Facebook Ads
4352,2025-02-25,Germany,Android,Organic
4353,2025-01-31,USA,Android,Organic
4354,2025-01-08,Poland,iOS,Facebook Ads
4355,2025-02-01,Ukraine,iOS,Google Search
4356,2025-01-12,USA,Android,Facebook Ads
4357,2025-02-25,Germany,iOS,Organic
4358,2025-01-15,Germany,Android,Facebook Ads
4359,2025-02-28,USA,Android,Facebook Ads
4360,2025-03-20,UK,Android,Organic
4361,2025-03-19,Poland,iOS,Facebook Ads
4362,2025-01-08,USA,Android,Facebook Ads
4363,2025-02-09,Ukraine,iOS,Google Search
4364,2025-01-23,USA,Android,Organic
4365,2025-01-16,UK,Android,Organic
4366,2025-01-02,Poland,iOS,Google Search
4367,2025-01-18,Germany,iOS,Organic
4368,2025-01-02,Germany,iOS,Organic
4369,2025-01-21,Germany,Android,Facebook Ads
4370,2025-03-05,Germany,iOS,Facebook Ads
4371,2025-02-14,USA,Android,Google Search
4372,2025-03-08,UK,iOS,Google Search
4373,2025-03-08,UK,Android,Organic
4374,2025-02-03,Germany,Android,Organic
4375,2025-01-22,Ukraine,Android,Google Search
4376,2025-02-17,Germany,Android,Facebook Ads
4377,2025-01-17,USA,iOS,Facebook Ads
4378,2025-02-04,UK,iOS,Organic
4379,2025-01-16,Poland,Android,Google Search
4380,2025-01-04,Germany,iOS,Organic
4381,2025-02-12,Germany,Android,Facebook Ads
4382,2025-02-24,Ukraine,iOS,Organic
4383,2025-02-04,Ukraine,iOS,Organic
4384,2025-03-09,UK,iOS,Facebook Ads
4385,2025-01-09,USA,Android,Google Search
4386,2025-02-03,Germany,iOS,TikTok
4387,2025-03-15,Poland,Android,Google Search
4388,2025-03-22,Poland,iOS,Organic
4389,2025-01-10,Germany,Android,Facebook Ads
4390,2025-03-05,UK,iOS,Organic
4391,2025-02-28,UK,Android,Facebook Ads
4392,2025-03-07,Ukraine,Android,TikTok
4393,2025-02-16,USA,iOS,Organic
4394,2025-01-08,Germany,Android,Organic
4395,2025-03-05,Germany,Android,Organic
4396,2025-03-14,Ukraine,Android,Organic
4397,2025-01-22,Germany,Android,Google Search
4398,2025-02-17,USA,iOS,Organic
4399,2025-01-21,Poland,Android,TikTok
4400,2025-02-02,Poland,iOS,Google Search
4401,2025-01-14,USA,iOS,TikTok
4402,2025-03-15,Poland,Android,Organic
4403,2025-01-15,UK,iOS,Organic
4404,2025-01-30,Germany,Android,Google Search
4405,2025-03-07,USA,Android,Facebook Ads
4406,2025-01-01,UK,Android,Facebook Ads
4407,2025-01-06,Ukraine,Android,Facebook Ads
4408,2025-01-02,UK,iOS,Organic
4409,2025-02-01,Ukraine,iOS,Google Search
4410,2025-01-06,Ukraine,Android,Google Search
4411,2025-03-02,UK,iOS,TikTok
4412,2025-02-16,Ukraine,iOS,Google Search
4413,2025-02-19,UK,iOS,Google Search
4414,2025-01-20,Germany,Android,Facebook Ads
4415,2025-01-23,Germany,Android,Facebook Ads
4416,2025-01-05,Ukraine,iOS,Organic
4417,2025-03-12,Germany,Android,Organic
4418,2025-02-23,UK,iOS,Organic
4419,2025-01-29,USA,iOS,Facebook Ads
4420,2025-02-11,USA,Android,Organic
4421,2025-02-01,USA,Android,Facebook Ads
4422,2025-02-23,UK,Android,Facebook Ads
4423,2025-02-10,Ukraine,iOS,Facebook Ads
4424,2025-02-04,UK,Android,Facebook Ads
4425,2025-01-10,Ukraine,Android,Google Search
4426,2025-03-15,Ukraine,Android,Facebook Ads
4427,2025-02-17,Germany,Android,TikTok
4428,2025-01-16,Poland,Android,Google Search
4429,2025-03-06,Poland,Android,Facebook Ads
4430,2025-01-07,Germany,Android,Facebook Ads
4431,2025-01-23,Ukraine,Android,Organic
4432,2025-01-29,Ukraine,Android,Facebook Ads
4433,2025-03-08,Germany,Android,Organic
4434,2025-01-06,USA,Android,TikTok
4435,2025-02-21,USA,iOS,Facebook Ads
4436,2025-01-09,UK,iOS,Google Search
4437,2025-03-01,Germany,Android,Facebook Ads
4438,2025-02-06,Germany,Android,Organic
4439,2025-02-09,UK,Android,Google Search
4440,2025-02-11,USA,iOS,Facebook Ads
4441,2025-01-12,USA,Android,Facebook Ads
4442,2025-03-12,Poland,iOS,Organic
4443,2025-02-28,Poland,Android,Google Search
4444,2025-01-02,Poland,Android,Facebook Ads
4445,2025-02-17,Ukraine,Android,Organic
4446,2025-01-26,UK,Android,Organic
4447,2025-02-07,USA,Android,Organic
4448,2025-03-14,Ukraine,Android,Facebook Ads
4449,2025-02-08,Germany,iOS,Organic
4450,2025-03-21,UK,Android,Organic
4451,2025-02-01,Ukraine,Android,Facebook Ads
4452,2025-03-01,Ukraine,Android,Organic
4453,2025-02-17,Germany,iOS,Google Search
4454,2025-03-17,Ukraine,Android,TikTok
4455,2025-03-05,Ukraine,iOS,Facebook Ads
4456,2025-01-26,Poland,Android,Organic
4457,2025-03-11,Germany,Android,Google Search
4458,2025-02-01,Germany,Android,TikTok
4459,2025-01-20,Germany,Android,Google Search
4460,2025-01-01,UK,iOS,TikTok
4461,2025-02-22,Germany,iOS,TikTok
4462,2025-01-04,USA,Android,Facebook Ads
4463,2025-01-30,UK,Android,Organic
4464,2025-03-11,UK,iOS,TikTok
4465,2025-02-14,USA,Android,Facebook Ads
4466,2025-01-02,Germany,Android,Google Search
4467,2025-02-12,USA,Android,Organic
4468,2025-01-01,Ukraine,Android,Facebook Ads
4469,2025-02-18,Poland,iOS,Facebook Ads
4470,2025-02-09,Poland,iOS,Facebook Ads
4471,2025-01-14,Ukraine,Android,Facebook Ads
4472,2025-01-27,Poland,Android,Google Search
4473,2025-03-09,Ukraine,Android,Facebook Ads
4474,2025-01-31,Ukraine,Android,Organic
4475,2025-02-23,Poland,Android,Organic
4476,2025-03-04,Ukraine,Android,Facebook Ads
4477,2025-01-08,Poland,Android,Organic
4478,2025-01-19,Germany,Android,Organic
4479,2025-02-05,Poland,Android,TikTok
4480,2025-01-12,Poland,iOS,Facebook Ads
4481,2025-01-06,Germany,Android,Facebook Ads
4482,2025-01-30,UK,iOS,TikTok
4483,2025-03-08,Poland,Android,TikTok
4484,2025-02-22,Ukraine,Android,Organic
4485,2025-02-17,USA,Android,Organic
4486,2025-02-28,Germany,iOS,Facebook Ads
4487,2025-01-11,Poland,iOS,Organic
4488,2025-03-16,Germany,iOS,Facebook Ads
4489,2025-01-13,Germany,Android,Facebook Ads
4490,2025-03-06,Ukraine,iOS,Organic
4491,2025-01-18,Ukraine,Android,Facebook Ads
4492,2025-02-20,Poland,Android,Google Search
4493,2025-01-10,Poland,Android,TikTok
4494,2025-03-17,Germany,Android,Facebook Ads
4495,2025-03-14,Germany,iOS,TikTok
4496,2025-01-08,Germany,Android,TikTok
4497,2025-02-25,Ukraine,Android,Organic
4498,2025-01-17,Germany,iOS,Facebook Ads
4499,2025-01-31,UK,Android,Google Search
4500,2025-02-07,Poland,iOS,Google Search
4501,2025-02-03,Poland,Android,Google Search
4502,2025-02-10,USA,Android,Facebook Ads
4503,2025-02-20,UK,iOS,TikTok
4504,2025-02-11,Germany,Android,Facebook Ads
4505,2025-02-10,Ukraine,Android,Organic
4506,2025-02-27,USA,Android,Facebook Ads
4507,2025-02-04,Ukraine,Android,Organic
4508,2025-01-30,Ukraine,Android,TikTok
4509,2025-01-10,Germany,iOS,Facebook Ads
4510,2025-01-26,Germany,iOS,Facebook Ads
4511,2025-01-18,Germany,iOS,Organic
4512,2025-03-16,UK,Android,Organic
4513,2025-01-14,UK,Android,Organic
4514,2025-01-20,UK,Android,Google Search
4515,2025-01-14,USA,Android,Facebook Ads
4516,2025-01-22,Ukraine,iOS,TikTok
4517,2025-02-27,Germany,iOS,TikTok
4518,2025-03-01,Germany,iOS,Google Search
4519,2025-02-10,Germany,iOS,Organic
4520,2025-02-22,UK,iOS,Google Search
4521,2025-01-16,UK,Android,Google Search
4522,2025-03-10,UK,iOS,Facebook Ads
4523,2025-02-15,Germany,iOS,Google Search
4524,2025-01-27,Poland,iOS,Organic
4525,2025-02-27,Ukraine,iOS,Facebook Ads
4526,2025-02-09,UK,Android,Google Search
4527,2025-03-01,Ukraine,Android,Organic
4528,2025-02-03,Germany,Android,Organic
4529,2025-01-16,UK,Android,Organic
4530,2025-01-12,USA,iOS,TikTok
4531,2025-01-21,UK,Android,Facebook Ads
4532,2025-02-08,Ukraine,iOS,Organic
4533,2025-03-19,USA,iOS,Organic
4534,2025-01-06,Germany,iOS,Organic
4535,2025-01-28,Germany,iOS,Google Search
4536,2025-02-11,Ukraine,iOS,Facebook Ads
4537,2025-01-19,Germany,iOS,Organic
4538,2025-01-12,UK,Android,Google Search
4539,2025-02-01,USA,iOS,Organic
4540,2025-02-15,Germany,iOS,Organic
4541,2025-02-20,Germany,Android,Organic
4542,2025-03-07,Ukraine,iOS,Organic
4543,2025-01-07,Poland,iOS,Organic
4544,2025-02-08,USA,Android,Google Search
4545,2025-02-03,Poland,iOS,Organic
4546,2025-01-23,Germany,iOS,Organic
4547,2025-01-04,USA,Android,Google Search
4548,2025-02-21,Germany,iOS,Google Search
4549,2025-02-27,Poland,Android,Facebook Ads
4550,2025-03-13,UK,Android,TikTok
4551,2025-03-12,Poland,iOS,Facebook Ads
4552,2025-02-01,UK,Android,Organic
4553,2025-01-13,USA,Android,Google Search
4554,2025-03-01,UK,iOS,Google Search
4555,2025-01-14,Germany,Android,Organic
4556,2025-01-18,Poland,iOS,Facebook Ads
4557,2025-01-16,USA,Android,Organic
4558,2025-01-02,Germany,iOS,Organic
4559,2025-01-08,Germany,Android,Organic
4560,2025-01-29,USA,iOS,Facebook Ads
4561,2025-01-17,Germany,Android,Organic
4562,2025-01-26,Poland,iOS,Organic
4563,2025-02-21,UK,Android,Organic
4564,2025-02-17,Poland,Android,Google Search
4565,2025-03-22,USA,Android,Organic
4566,2025-01-11,Ukraine,Android,TikTok
4567,2025-03-16,Germany,Android,Organic
4568,2025-03-17,Poland,Android,Google Search
4569,2025-02-03,Poland,Android,Facebook Ads
4570,2025-01-10,Poland,iOS,Google Search
4571,2025-01-03,Poland,Android,Google Search
4572,2025-01-09,UK,Android,Facebook Ads
4573,2025-01-26,Germany,Android,Facebook Ads
4574,2025-02-26,Ukraine,Android,Organic
4575,2025-01-17,Germany,iOS,Facebook Ads
4576,2025-01-12,Germany,iOS,Organic
4577,2025-02-12,USA,Android,Facebook Ads
4578,2025-01-16,Poland,Android,Google Search
4579,2025-01-06,Poland,Android,Facebook Ads
4580,2025-03-01,UK,Android,Facebook Ads
4581,2025-01-07,Ukraine,Android,Organic
4582,2025-01-22,Ukraine,iOS,Organic
4583,2025-03-15,USA,Android,Facebook Ads
4584,2025-02-25,USA,Android,Google Search
4585,2025-02-20,USA,iOS,Google Search
4586,2025-03-05,Poland,Android,Organic
4587,2025-01-04,Poland,Android,Organic
4588,2025-02-18,UK,iOS,Organic
4589,2025-02-24,Ukraine,iOS,Organic
4590,2025-01-23,Ukraine,Android,Organic
4591,2025-02-15,USA,iOS,Facebook Ads
4592,2025-01-28,Germany,Android,Google Search
4593,2025-01-24,Ukraine,Android,TikTok
4594,2025-02-05,UK,Android,Organic
4595,2025-02-05,Poland,Android,Organic
4596,2025-02-27,Ukraine,iOS,Organic
4597,2025-01-20,UK,Android,Google Search
4598,2025-01-05,Poland,iOS,Organic
4599,2025-03-20,Germany,Android,Organic
4600,2025-03-21,USA,iOS,Google Search
4601,2025-03-20,USA,Android,Organic
4602,2025-02-01,USA,iOS,Organic
4603,2025-02-07,Ukraine,iOS,Facebook Ads
4604,2025-03-05,UK,iOS,Google Search
4605,2025-02-22,USA,iOS,Google Search
4606,2025-03-12,Poland,Android,Organic
4607,2025-03-03,UK,iOS,Facebook Ads
4608,2025-01-08,UK,Android,Organic
4609,2025-01-12,Ukraine,Android,Organic
4610,2025-02-05,Ukraine,Android,Google Search
4611,2025-02-19,Germany,iOS,TikTok
4612,2025-01-18,Germany,iOS,TikTok
4613,2025-02-23,Ukraine,Android,Facebook Ads
4614,2025-01-26,Ukraine,iOS,Facebook Ads
4615,2025-03-09,UK,iOS,TikTok
4616,2025-02-01,UK,Android,TikTok
4617,2025-03-22,Ukraine,Android,Facebook Ads
4618,2025-03-11,UK,Android,Facebook Ads
4619,2025-01-03,Ukraine,iOS,Facebook Ads
4620,2025-02-18,UK,Android,TikTok
4621,2025-02-15,Ukraine,iOS,Facebook Ads
4622,2025-03-03,Poland,iOS,Organic
4623,2025-03-11,Ukraine,Android,Organic
4624,2025-03-04,Poland,iOS,Facebook Ads
4625,2025-02-14,USA,iOS,Organic
4626,2025-03-14,Poland,iOS,Facebook Ads
4627,2025-03-06,USA,Android,Organic
4628,2025-02-11,Germany,Android,Facebook Ads
4629,2025-02-19,UK,Android,Organic
4630,2025-02-04,Germany,Android,Organic
4631,2025-01-24,Ukraine,iOS,Facebook Ads
4632,2025-01-04,Poland,Android,Facebook Ads
4633,2025-02-10,USA,iOS,Google Search
4634,2025-03-18,USA,iOS,Facebook Ads
4635,2025-01-29,Poland,Android,Organic
4636,2025-01-04,Ukraine,Android,Organic
4637,2025-02-05,Poland,iOS,Google Search
4638,2025-01-08,Germany,iOS,Organic
4639,2025-03-02,Germany,iOS,Organic
4640,2025-03-09,Ukraine,iOS,Organic
4641,2025-02-15,Poland,Android,Google Search
4642,2025-03-16,Germany,Android,Facebook Ads
4643,2025-01-30,USA,Android,Facebook Ads
4644,2025-01-21,USA,Android,Organic
4645,2025-01-13,UK,iOS,Google Search
4646,2025-02-01,Poland,Android,Google Search
4647,2025-01-31,Ukraine,Android,Facebook Ads
4648,2025-02-04,USA,Android,Organic
4649,2025-03-10,USA,Android,Facebook Ads
4650,2025-01-08,Germany,Android,Facebook Ads
4651,2025-01-29,USA,iOS,Google Search
4652,2025-03-15,Poland,Android,Facebook Ads
4653,2025-02-19,Poland,iOS,Organic
4654,2025-02-15,UK,iOS,Google Search
4655,2025-01-23,Germany,iOS,Google Search
4656,2025-01-23,Poland,iOS,Organic
4657,2025-01-31,Poland,Android,Facebook Ads
4658,2025-03-17,Germany,Android,Facebook Ads
4659,2025-02-10,Germany,Android,Organic
4660,2025-02-15,Germany,Android,Google Search
4661,2025-03-17,Germany,Android,Google Search
4662,2025-01-04,UK,iOS,Facebook Ads
4663,2025-02-15,USA,iOS,Google Search
4664,2025-03-14,Ukraine,Android,Organic
4665,2025-03-14,Germany,Android,Organic
4666,2025-01-19,Poland,Android,Organic
4667,2025-03-14,Ukraine,iOS,Facebook Ads
4668,2025-01-25,UK,iOS,Facebook Ads
4669,2025-03-05,Ukraine,Android,Organic
4670,2025-03-11,Ukraine,iOS,TikTok
4671,2025-02-09,USA,iOS,Facebook Ads
4672,2025-01-23,USA,Android,Google Search
4673,2025-03-04,Germany,iOS,Facebook Ads
4674,2025-01-05,Poland,Android,Facebook Ads
4675,2025-01-12,Germany,iOS,Google Search
4676,2025-01-08,Ukraine,iOS,Facebook Ads
4677,2025-01-30,Germany,iOS,Organic
4678,2025-03-19,Ukraine,Android,Organic
4679,2025-01-29,Poland,iOS,Facebook Ads
4680,2025-01-03,UK,Android,Facebook Ads
4681,2025-03-09,Ukraine,iOS,Organic
4682,2025-03-03,UK,Android,Facebook Ads
4683,2025-01-01,USA,iOS,Organic
4684,2025-02-12,Germany,Android,Google Search
4685,2025-03-20,Germany,Android,Organic
4686,2025-01-26,UK,Android,Google Search
4687,2025-01-17,USA,iOS,Facebook Ads
4688,2025-02-13,USA,iOS,Facebook Ads
4689,2025-01-23,USA,iOS,Facebook Ads
4690,2025-02-11,Ukraine,Android,Google Search
4691,2025-01-08,USA,Android,Organic
4692,2025-01-03,UK,Android,Facebook Ads
4693,2025-01-19,UK,iOS,Facebook Ads
4694,2025-03-17,Poland,iOS,Organic
4695,2025-01-19,Germany,iOS,Organic
4696,2025-01-15,Germany,Android,TikTok
4697,2025-03-09,Poland,Android,Organic
4698,2025-02-16,UK,Android,Google Search
4699,2025-01-10,UK,iOS,Organic
4700,2025-02-17,UK,Android,TikTok
4701,2025-02-20,Germany,Android,Organic
4702,2025-03-17,USA,iOS,Google Search
4703,2025-01-13,Germany,Android,Facebook Ads
4704,2025-02-13,Poland,Android,Facebook Ads
4705,2025-02-08,USA,Android,Organic
4706,2025-02-11,Ukraine,Android,Organic
4707,2025-01-18,Ukraine,iOS,Organic
4708,2025-01-21,UK,iOS,Facebook Ads
4709,2025-02-25,USA,Android,Organic
4710,2025-03-04,Germany,iOS,Organic
4711,2025-02-10,Poland,Android,Facebook Ads
4712,2025-01-23,UK,Android,Organic
4713,2025-03-13,UK,Android,Google Search
4714,2025-03-20,USA,Android,Organic
4715,2025-02-15,Poland,iOS,Organic
4716,2025-01-29,Ukraine,iOS,Organic
4717,2025-03-17,UK,iOS,Organic
4718,2025-01-23,UK,Android,Organic
4719,2025-02-18,USA,iOS,Google Search
4720,2025-02-09,UK,iOS,Google Search
4721,2025-02-07,USA,Android,Organic
4722,2025-01-17,Poland,Android,Facebook Ads
4723,2025-01-23,Ukraine,iOS,Google Search
4724,2025-01-01,Ukraine,iOS,Organic
4725,2025-03-15,UK,Android,Organic
4726,2025-02-20,UK,iOS,Google Search
4727,2025-03-14,USA,iOS,Facebook Ads
4728,2025-01-05,Poland,iOS,Google Search
4729,2025-01-24,USA,Android,Facebook Ads
4730,2025-03-19,Germany,iOS,Facebook Ads
4731,2025-02-10,UK,Android,Organic
4732,2025-03-20,Ukraine,Android,Facebook Ads
4733,2025-01-29,Ukraine,Android,Google Search
4734,2025-03-14,USA,iOS,Google Search
4735,2025-01-14,USA,Android,TikTok
4736,2025-03-05,UK,Android,Google Search
4737,2025-01-19,USA,Android,Facebook Ads
4738,2025-02-12,Ukraine,Android,Facebook Ads
4739,2025-01-10,Ukraine,Android,Organic
4740,2025-01-31,Ukraine,Android,Organic
4741,2025-02-14,Germany,Android,Google Search
4742,2025-02-10,USA,Android,Google Search
4743,2025-01-22,UK,iOS,Facebook Ads
4744,2025-01-12,Ukraine,iOS,Organic
4745,2025-02-12,Germany,iOS,Organic
4746,2025-02-27,USA,Android,Facebook Ads
4747,2025-01-02,Poland,Android,Facebook Ads
4748,2025-02-03,UK,Android,Facebook Ads
4749,2025-01-27,UK,Android,Facebook Ads
4750,2025-02-01,UK,Android,Organic
4751,2025-01-09,UK,Android,Facebook Ads
4752,2025-02-14,Poland,iOS,Facebook Ads
4753,2025-02-02,USA,Android,Facebook Ads
4754,2025-01-14,USA,iOS,TikTok
4755,2025-01-01,USA,iOS,Organic
4756,2025-01-07,UK,iOS,Facebook Ads
4757,2025-02-19,Poland,iOS,Google Search
4758,2025-02-26,Germany,Android,Facebook Ads
4759,2025-02-23,UK,Android,Google Search
4760,2025-01-22,Poland,iOS,Facebook Ads
4761,2025-02-22,Ukraine,Android,Organic
4762,2025-03-05,USA,Android,Organic
4763,2025-02-18,UK,iOS,Organic
4764,2025-02-14,UK,Android,Facebook Ads
4765,2025-03-11,Poland,iOS,Organic
4766,2025-02-18,USA,Android,Organic
4767,2025-01-13,Germany,Android,Facebook Ads
4768,2025-03-03,Ukraine,iOS,Google Search
4769,2025-03-15,Poland,iOS,Facebook Ads
4770,2025-01-29,Germany,Android,Facebook Ads
4771,2025-01-21,Germany,Android,Facebook Ads
4772,2025-02-27,Ukraine,iOS,Organic
4773,2025-01-10,Ukraine,Android,Google Search
4774,2025-01-05,Ukraine,Android,TikTok
4775,2025-02-07,Germany,Android,Facebook Ads
4776,2025-01-03,Poland,Android,TikTok
4777,2025-02-10,Germany,Android,Facebook Ads
4778,2025-02-03,Poland,Android,Organic
4779,2025-01-14,Germany,Android,Google Search
4780,2025-01-10,Ukraine,iOS,Facebook Ads
4781,2025-02-13,USA,iOS,Organic
4782,2025-01-22,UK,iOS,Google Search
4783,2025-02-18,Germany,Android,Organic
4784,2025-01-21,UK,Android,Organic
4785,2025-01-10,UK,iOS,Google Search
4786,2025-03-12,UK,Android,Google Search
4787,2025-01-12,Germany,Android,Organic
4788,2025-02-13,USA,iOS,Facebook Ads
4789,2025-03-18,UK,Android,Organic
4790,2025-03-20,Germany,iOS,Organic
4791,2025-03-03,Germany,iOS,Facebook Ads
4792,2025-01-04,Germany,Android,Facebook Ads
4793,2025-02-25,Germany,Android,Organic
4794,2025-01-22,Germany,iOS,Google Search
4795,2025-03-19,Poland,Android,Google Search
4796,2025-02-25,Poland,Android,Facebook Ads
4797,2025-01-21,UK,iOS,Organic
4798,2025-01-07,Poland,iOS,Facebook Ads
4799,2025-01-13,Germany,Android,Google Search
4800,2025-02-12,Germany,iOS,Organic
4801,2025-01-27,Poland,Android,Facebook Ads
4802,2025-01-25,UK,Android,Google Search
4803,2025-02-22,UK,Android,TikTok
4804,2025-03-12,Ukraine,iOS,Organic
4805,2025-03-11,Poland,Android,Organic
4806,2025-02-03,Germany,Android,Google Search
4807,2025-02-06,Germany,iOS,Organic
4808,2025-02-08,Ukraine,iOS,Facebook Ads
4809,2025-01-31,Poland,iOS,Facebook Ads
4810,2025-01-13,UK,Android,Facebook Ads
4811,2025-01-07,USA,Android,Google Search
4812,2025-02-20,Ukraine,iOS,Organic
4813,2025-03-15,UK,Android,Google Search
4814,2025-03-12,Germany,iOS,Organic
4815,2025-03-04,Ukraine,Android,Organic
4816,2025-01-20,Ukraine,iOS,Organic
4817,2025-01-07,USA,Android,Google Search
4818,2025-02-16,UK,Android,Organic
4819,2025-01-01,USA,Android,Google Search
4820,2025-02-24,Ukraine,iOS,Facebook Ads
4821,2025-01-12,UK,iOS,TikTok
4822,2025-02-07,Poland,Android,Facebook Ads
4823,2025-03-22,Ukraine,iOS,Facebook Ads
4824,2025-03-18,USA,iOS,Organic
4825,2025-03-03,USA,iOS,Google Search
4826,2025-01-26,USA,Android,Organic
4827,2025-01-13,USA,Android,Google Search
4828,2025-01-04,USA,Android,Google Search
4829,2025-01-27,Germany,iOS,Facebook Ads
4830,2025-01-22,Ukraine,iOS,Google Search
4831,2025-02-07,Poland,Android,Google Search
4832,2025-01-11,Poland,Android,Organic
4833,2025-03-02,UK,iOS,Organic
4834,2025-01-15,Germany,Android,TikTok
4835,2025-02-09,Ukraine,iOS,Facebook Ads
4836,2025-02-20,USA,Android,Organic
4837,2025-03-02,USA,iOS,Organic
4838,2025-03-04,Poland,Android,TikTok
4839,2025-02-03,Poland,Android,Facebook Ads
4840,2025-01-12,Germany,Android,Organic
4841,2025-03-11,Ukraine,iOS,Organic
4842,2025-02-19,Ukraine,Android,Facebook Ads
4843,2025-01-24,UK,Android,Organic
4844,2025-02-17,USA,iOS,Facebook Ads
4845,2025-02-18,Ukraine,Android,Organic
4846,2025-02-17,Ukraine,Android,TikTok
4847,2025-01-24,Germany,Android,Organic
4848,2025-02-27,Germany,Android,Google Search
4849,2025-01-06,UK,iOS,Facebook Ads
4850,2025-02-03,USA,Android,TikTok
4851,2025-02-26,UK,iOS,Google Search
4852,2025-03-01,Germany,Android,Facebook Ads
4853,2025-02-03,USA,Android,Organic
4854,2025-01-29,Germany,Android,Google Search
4855,2025-02-04,Germany,iOS,Facebook Ads
4856,2025-03-14,UK,iOS,Facebook Ads
4857,2025-01-08,Poland,Android,Facebook Ads
4858,2025-01-20,Poland,Android,Organic
4859,2025-01-13,UK,Android,Organic
4860,2025-01-11,Germany,Android,Organic
4861,2025-02-14,Germany,Android,Organic
4862,2025-03-11,Germany,iOS,Organic
4863,2025-02-22,Poland,iOS,Organic
4864,2025-03-17,USA,iOS,Facebook Ads
4865,2025-01-30,Ukraine,iOS,Organic
4866,2025-03-12,UK,Android,Google Search
4867,2025-01-08,UK,Android,Organic
4868,2025-02-19,Germany,Android,Organic
4869,2025-03-08,Germany,iOS,Google Search
4870,2025-02-23,Poland,iOS,TikTok
4871,2025-03-10,Germany,iOS,Facebook Ads
4872,2025-03-02,USA,iOS,Organic
4873,2025-03-15,UK,Android,Facebook Ads
4874,2025-01-31,Ukraine,iOS,TikTok
4875,2025-03-02,Germany,Android,Facebook Ads
4876,2025-02-08,USA,iOS,Facebook Ads
4877,2025-01-11,Ukraine,Android,Google Search
4878,2025-02-20,Poland,Android,Google Search
4879,2025-01-05,Ukraine,iOS,Facebook Ads
4880,2025-03-06,UK,Android,Organic
4881,2025-03-15,USA,Android,Google Search
4882,2025-03-08,UK,Android,Facebook Ads
4883,2025-03-15,Ukraine,iOS,Google Search
4884,2025-03-21,UK,Android,Organic
4885,2025-01-19,Ukraine,Android,Organic
4886,2025-01-16,Poland,Android,Organic
4887,2025-02-27,UK,Android,Organic
4888,2025-01-23,UK,Android,Google Search
4889,2025-01-22,UK,Android,Facebook Ads
4890,2025-01-28,Ukraine,Android,Facebook Ads
4891,2025-01-25,UK,Android,Organic
4892,2025-01-17,UK,Android,TikTok
4893,2025-01-06,Poland,Android,Google Search
4894,2025-02-24,Germany,Android,Facebook Ads
4895,2025-01-11,UK,Android,Facebook Ads
4896,2025-02-25,Ukraine,iOS,Google Search
4897,2025-01-26,Ukraine,Android,Organic
4898,2025-03-22,UK,Android,Facebook Ads
4899,2025-01-19,Poland,Android,TikTok
4900,2025-03-18,Ukraine,Android,Google Search
4901,2025-02-03,USA,iOS,TikTok
4902,2025-02-10,Poland,Android,Organic
4903,2025-01-09,Poland,iOS,Organic
4904,2025-01-12,UK,Android,Organic
4905,2025-02-19,Germany,Android,Organic
4906,2025-03-13,Ukraine,Android,Organic
4907,2025-02-20,UK,iOS,Organic
4908,2025-03-12,UK,Android,Organic
4909,2025-02-11,USA,iOS,TikTok
4910,2025-02-05,Germany,iOS,Organic
4911,2025-03-08,UK,iOS,Organic
4912,2025-02-28,Ukraine,iOS,Organic
4913,2025-01-02,Germany,Android,Facebook Ads
4914,2025-03-21,Ukraine,Android,Facebook Ads
4915,2025-03-17,USA,iOS,Google Search
4916,2025-03-08,Germany,Android,Organic
4917,2025-02-23,Poland,iOS,Organic
4918,2025-01-15,Germany,Android,Google Search
4919,2025-02-23,Ukraine,Android,Organic
4920,2025-01-20,UK,Android,Organic
4921,2025-01-19,USA,Android,Facebook Ads
4922,2025-03-14,Germany,Android,Organic
4923,2025-03-17,USA,iOS,Organic
4924,2025-03-16,Ukraine,Android,Facebook Ads
4925,2025-01-13,Ukraine,iOS,Organic
4926,2025-01-14,Ukraine,Android,Organic
4927,2025-03-14,UK,Android,Facebook Ads
4928,2025-01-13,Poland,Android,Facebook Ads
4929,2025-02-06,USA,iOS,TikTok
4930,2025-03-10,Poland,Android,Google Search
4931,2025-02-14,Poland,iOS,Facebook Ads
4932,2025-02-22,USA,Android,Facebook Ads
4933,2025-02-03,Ukraine,iOS,Organic
4934,2025-02-19,Poland,iOS,Organic
4935,2025-03-04,USA,Android,Organic
4936,2025-03-15,Germany,Android,Facebook Ads
4937,2025-03-19,Poland,iOS,Organic
4938,2025-03-02,Ukraine,iOS,Google Search
4939,2025-01-05,UK,Android,Google Search
4940,2025-01-23,USA,Android,Google Search
4941,2025-02-05,Poland,Android,Google Search
4942,2025-02-21,Ukraine,iOS,Organic
4943,2025-01-19,Ukraine,iOS,TikTok
4944,2025-03-21,USA,iOS,Google Search
4945,2025-03-19,Germany,iOS,Organic
4946,2025-02-21,Ukraine,Android,Organic
4947,2025-01-05,USA,Android,TikTok
4948,2025-02-20,Poland,iOS,Facebook Ads
4949,2025-02-12,Germany,iOS,Organic
4950,2025-01-31,USA,iOS,Facebook Ads
4951,2025-01-07,USA,Android,Organic
4952,2025-03-02,Germany,Android,Facebook Ads
4953,2025-02-04,Ukraine,iOS,Organic
4954,2025-02-17,Ukraine,iOS,Google Search
4955,2025-01-03,Poland,Android,Google Search
4956,2025-02-13,Poland,Android,Organic
4957,2025-02-08,UK,Android,Organic
4958,2025-02-09,UK,iOS,Organic
4959,2025-02-05,Poland,iOS,Organic
4960,2025-03-04,Germany,Android,Facebook Ads
4961,2025-01-13,UK,iOS,Organic
4962,2025-01-30,UK,iOS,Google Search
4963,2025-01-18,Germany,Android,Facebook Ads
4964,2025-02-08,Ukraine,iOS,Organic
4965,2025-02-26,USA,Android,Organic
4966,2025-02-11,Ukraine,iOS,Organic
4967,2025-02-04,USA,iOS,Organic
4968,2025-02-23,Germany,Android,Organic
4969,2025-03-19,UK,iOS,Facebook Ads
4970,2025-01-12,Germany,Android,Facebook Ads
4971,2025-01-25,Ukraine,Android,Organic
4972,2025-02-26,Germany,iOS,Facebook Ads
4973,2025-01-28,Ukraine,Android,Facebook Ads
4974,2025-02-22,Germany,iOS,Google Search
4975,2025-03-04,Poland,Android,Organic
4976,2025-03-08,Ukraine,iOS,Google Search
4977,2025-02-17,USA,Android,Organic
4978,2025-01-08,UK,iOS,Organic
4979,2025-03-07,UK,Android,Google Search
4980,2025-01-21,Ukraine,Android,Organic
4981,2025-01-09,Poland,Android,Organic
4982,2025-02-09,UK,iOS,Organic
4983,2025-03-06,Poland,iOS,Organic
4984,2025-02-21,USA,Android,Facebook Ads
4985,2025-01-18,UK,Android,Organic
4986,2025-03-09,Germany,iOS,Google Search
4987,2025-03-14,Germany,Android,TikTok
4988,2025-01-04,Ukraine,iOS,Organic
4989,2025-01-23,UK,Android,Organic
4990,2025-01-25,Poland,iOS,Facebook Ads
4991,2025-01-26,Poland,iOS,Facebook Ads
4992,2025-01-08,USA,Android,Google Search
4993,2025-02-01,UK,iOS,Google Search
4994,2025-01-05,Poland,Android,Facebook Ads
4995,2025-02-28,Poland,Android,Organic
4996,2025-01-07,UK,iOS,Facebook Ads
4997,2025-02-16,Germany,iOS,TikTok
4998,2025-01-26,UK,Android,Facebook Ads
4999,2025-02-05,Germany,iOS,TikTok
5000,2025-02-17,Ukraine,Android,TikTok
5001,2025-03-01,Ukraine,Android,Organic
5002,2025-03-06,Germany,Android,Organic
5003,2025-02-20,UK,iOS,Google Search
5004,2025-01-16,USA,iOS,Organic
5005,2025-01-04,Poland,iOS,Google Search
5006,2025-01-31,Ukraine,iOS,Google Search
5007,2025-02-17,Ukraine,Android,Organic
5008,2025-03-04,Germany,Android,Google Search
5009,2025-03-18,USA,iOS,Organic
5010,2025-02-27,UK,iOS,Facebook Ads
5011,2025-01-23,USA,iOS,Google Search
5012,2025-03-02,Germany,Android,Facebook Ads
5013,2025-03-17,USA,iOS,Facebook Ads
5014,2025-03-12,Poland,Android,Facebook Ads
5015,2025-02-14,UK,iOS,Facebook Ads
5016,2025-02-14,UK,Android,Facebook Ads
5017,2025-01-21,USA,Android,Organic
5018,2025-02-03,Ukraine,iOS,Facebook Ads
5019,2025-01-12,Poland,iOS,Organic
5020,2025-02-06,UK,Android,Facebook Ads
5021,2025-01-04,UK,iOS,Organic
5022,2025-02-19,Ukraine,Android,Google Search
5023,2025-01-07,USA,Android,Google Search
5024,2025-01-21,Ukraine,Android,Organic
5025,2025-03-15,Germany,Android,Google Search
5026,2025-01-28,Ukraine,iOS,Organic
5027,2025-01-29,Poland,iOS,Facebook Ads
5028,2025-01-29,UK,Android,TikTok
5029,2025-01-27,USA,iOS,Google Search
5030,2025-02-04,Germany,Android,Google Search
5031,2025-02-22,Poland,iOS,Organic
5032,2025-03-07,UK,iOS,Google Search
5033,2025-01-03,UK,Android,Organic
5034,2025-01-02,USA,iOS,Google Search
5035,2025-03-02,USA,Android,Organic
5036,2025-01-17,USA,Android,Facebook Ads
5037,2025-01-23,Germany,Android,Organic
5038,2025-03-18,USA,Android,Organic
5039,2025-01-02,Poland,Android,Facebook Ads
5040,2025-01-29,USA,Android,Facebook Ads
5041,2025-02-02,USA,iOS,Google Search
5042,2025-03-19,Poland,Android,TikTok
5043,2025-02-09,Germany,Android,Facebook Ads
5044,2025-02-05,UK,Android,Google Search
5045,2025-02-24,USA,Android,Facebook Ads
5046,2025-02-18,Ukraine,iOS,Google Search
5047,2025-02-14,Poland,Android,Organic
5048,2025-02-28,Ukraine,Android,TikTok
5049,2025-02-02,UK,iOS,Organic
5050,2025-01-28,Germany,Android,Organic
5051,2025-03-01,Ukraine,Android,Organic
5052,2025-02-08,Ukraine,Android,Facebook Ads
5053,2025-03-08,Poland,Android,Google Search
5054,2025-03-21,Germany,Android,Organic
5055,2025-02-20,UK,iOS,TikTok
5056,2025-03-16,Germany,Android,Organic
5057,2025-01-14,Germany,iOS,Facebook Ads
5058,2025-01-01,UK,Android,Facebook Ads
5059,2025-03-07,Ukraine,Android,Facebook Ads
5060,2025-02-17,Ukraine,iOS,TikTok
5061,2025-03-13,UK,iOS,Organic
5062,2025-03-18,Ukraine,Android,Organic
5063,2025-03-19,Germany,iOS,Google Search
5064,2025-02-06,Ukraine,Android,Organic
5065,2025-02-08,USA,iOS,Google Search
5066,2025-01-14,Germany,iOS,Facebook Ads
5067,2025-03-03,UK,Android,Organic
5068,2025-01-09,USA,Android,Facebook Ads
5069,2025-02-13,Germany,Android,Facebook Ads
5070,2025-02-05,Poland,iOS,Organic
5071,2025-02-11,Ukraine,Android,Organic
5072,2025-02-05,Ukraine,Android,Google Search
5073,2025-02-03,Germany,Android,Organic
5074,2025-02-08,USA,Android,Google Search
5075,2025-01-25,Poland,Android,Organic
5076,2025-01-20,Germany,Android,Organic
5077,2025-03-08,Ukraine,iOS,Organic
5078,2025-01-31,Poland,Android,Organic
5079,2025-01-08,Ukraine,iOS,Facebook Ads
5080,2025-03-18,USA,Android,Google Search
5081,2025-02-21,USA,iOS,Google Search
5082,2025-02-10,Poland,Android,Google Search
5083,2025-01-18,Ukraine,Android,Organic
5084,2025-01-04,UK,iOS,Google Search
5085,2025-03-05,USA,iOS,Facebook Ads
5086,2025-02-07,Poland,iOS,Google Search
5087,2025-02-03,Poland,Android,TikTok
5088,2025-02-23,Germany,Android,Facebook Ads
5089,2025-02-21,USA,iOS,Organic
5090,2025-02-19,Ukraine,Android,Google Search
5091,2025-01-05,USA,iOS,Facebook Ads
5092,2025-03-16,Germany,Android,Google Search
5093,2025-03-15,UK,Android,Organic
5094,2025-01-25,Poland,iOS,Organic
5095,2025-02-13,Ukraine,Android,Organic
5096,2025-01-29,Poland,iOS,Facebook Ads
5097,2025-03-10,Germany,iOS,Facebook Ads
5098,2025-03-02,Ukraine,iOS,TikTok
5099,2025-02-15,USA,iOS,Google Search
5100,2025-03-06,UK,Android,Organic
5101,2025-02-08,UK,Android,Organic
5102,2025-01-22,Germany,Android,Google Search
5103,2025-03-13,Poland,iOS,Organic
5104,2025-01-24,UK,iOS,Facebook Ads
5105,2025-02-07,Poland,Android,Facebook Ads
5106,2025-01-13,UK,Android,Facebook Ads
5107,2025-03-02,UK,iOS,Organic
5108,2025-01-17,UK,Android,Facebook Ads
5109,2025-02-03,Poland,Android,Organic
5110,2025-03-13,Ukraine,Android,TikTok
5111,2025-01-24,UK,Android,Organic
5112,2025-02-12,Poland,iOS,Organic
5113,2025-01-12,Ukraine,iOS,Google Search
5114,2025-01-29,Poland,Android,Google Search
5115,2025-02-15,USA,iOS,Google Search
5116,2025-01-29,UK,Android,Organic
5117,2025-02-09,Poland,Android,TikTok
5118,2025-02-23,UK,iOS,TikTok
5119,2025-02-12,USA,Android,Organic
5120,2025-02-17,Poland,iOS,Organic
5121,2025-02-03,Ukraine,Android,Google Search
5122,2025-03-16,UK,Android,Organic
5123,2025-02-07,UK,Android,Organic
5124,2025-03-01,USA,Android,Google Search
5125,2025-01-16,UK,Android,TikTok
5126,2025-03-02,Germany,Android,Google Search
5127,2025-01-07,Ukraine,Android,Organic
5128,2025-03-16,Germany,iOS,Organic
5129,2025-03-16,Ukraine,iOS,TikTok
5130,2025-03-21,USA,iOS,Facebook Ads
5131,2025-01-10,Germany,iOS,Organic
5132,2025-03-02,Germany,Android,Organic
5133,2025-01-25,USA,Android,Facebook Ads
5134,2025-03-06,Ukraine,Android,Organic
5135,2025-01-16,UK,iOS,Organic
5136,2025-02-18,Germany,Android,Organic
5137,2025-03-09,Germany,iOS,Google Search
5138,2025-02-08,USA,Android,Google Search
5139,2025-02-22,UK,Android,Organic
5140,2025-01-07,Ukraine,iOS,Google Search
5141,2025-01-20,Poland,iOS,Facebook Ads
5142,2025-01-18,Ukraine,iOS,TikTok
5143,2025-01-26,USA,Android,Organic
5144,2025-02-13,Germany,Android,Organic
5145,2025-02-22,UK,Android,Google Search
5146,2025-03-14,Germany,iOS,Google Search
5147,2025-02-28,USA,Android,Google Search
5148,2025-01-19,Ukraine,Android,Google Search
5149,2025-02-10,Germany,Android,Organic
5150,2025-01-24,Poland,iOS,Organic
5151,2025-01-11,USA,iOS,Google Search
5152,2025-03-04,Ukraine,Android,Facebook Ads
5153,2025-02-12,UK,iOS,Google Search
5154,2025-03-22,Ukraine,iOS,Facebook Ads
5155,2025-01-23,Poland,iOS,Facebook Ads
5156,2025-02-10,Germany,Android,TikTok
5157,2025-01-08,Ukraine,Android,Organic
5158,2025-01-01,Poland,Android,Organic
5159,2025-02-27,Poland,Android,Google Search
5160,2025-02-05,Poland,Android,TikTok
5161,2025-01-27,USA,iOS,Organic
5162,2025-01-22,USA,Android,Organic
5163,2025-03-15,Ukraine,iOS,Google Search
5164,2025-01-21,Ukraine,Android,TikTok
5165,2025-03-04,Ukraine,iOS,Organic
5166,2025-01-12,Germany,iOS,Organic
5167,2025-01-17,Germany,iOS,Facebook Ads
5168,2025-03-20,Ukraine,iOS,Facebook Ads
5169,2025-02-25,UK,iOS,Facebook Ads
5170,2025-02-24,USA,iOS,Facebook Ads
5171,2025-02-21,USA,Android,Organic
5172,2025-02-24,Poland,Android,Facebook Ads
5173,2025-03-03,Ukraine,Android,Facebook Ads
5174,2025-02-19,Germany,Android,Facebook Ads
5175,2025-01-01,Poland,Android,Facebook Ads
5176,2025-01-05,USA,Android,Facebook Ads
5177,2025-03-10,Ukraine,Android,Organic
5178,2025-01-26,USA,iOS,Organic
5179,2025-02-17,UK,iOS,Facebook Ads
5180,2025-01-02,Poland,Android,Google Search
5181,2025-02-11,Ukraine,Android,Google Search
5182,2025-03-09,UK,Android,Facebook Ads
5183,2025-01-25,UK,iOS,Organic
5184,2025-01-03,Germany,iOS,Organic
5185,2025-01-01,Ukraine,Android,Organic
5186,2025-03-22,Germany,iOS,Organic
5187,2025-02-01,UK,Android,Facebook Ads
5188,2025-01-29,Ukraine,Android,TikTok
5189,2025-02-14,Ukraine,Android,Organic
5190,2025-02-09,Ukraine,Android,TikTok
5191,2025-01-17,Ukraine,Android,Facebook Ads
5192,2025-01-14,Germany,Android,TikTok
5193,2025-02-19,USA,Android,Organic
5194,2025-03-06,Ukraine,Android,Organic
5195,2025-03-17,Poland,iOS,Facebook Ads
5196,2025-02-09,Ukraine,iOS,Organic
5197,2025-01-22,Germany,iOS,TikTok
5198,2025-01-09,Ukraine,Android,Organic
5199,2025-01-06,USA,Android,Organic
5200,2025-02-08,UK,Android,TikTok
5201,2025-02-07,Germany,iOS,Google Search
5202,2025-02-28,Ukraine,iOS,Organic
5203,2025-03-08,Ukraine,Android,Google Search
5204,2025-03-18,Ukraine,iOS,TikTok
5205,2025-03-09,UK,Android,Facebook Ads
5206,2025-02-13,Ukraine,Android,Organic
5207,2025-02-25,USA,Android,Organic
5208,2025-01-18,Germany,iOS,Organic
5209,2025-02-13,Germany,iOS,Organic
5210,2025-03-04,Ukraine,iOS,TikTok
5211,2025-02-15,UK,Android,TikTok
5212,2025-01-25,Germany,Android,Facebook Ads
5213,2025-01-22,Poland,iOS,Google Search
5214,2025-02-21,UK,Android,Facebook Ads
5215,2025-01-03,UK,Android,Google Search
5216,2025-01-30,Ukraine,iOS,Organic
5217,2025-01-29,Germany,Android,TikTok
5218,2025-01-17,Germany,Android,Organic
5219,2025-01-28,Germany,iOS,Facebook Ads
5220,2025-01-03,Germany,iOS,Facebook Ads
5221,2025-03-17,UK,Android,Organic
5222,2025-03-06,UK,Android,Organic
5223,2025-01-22,Ukraine,Android,Facebook Ads
5224,2025-01-16,USA,Android,Organic
5225,2025-02-16,Ukraine,Android,TikTok
5226,2025-01-05,Germany,iOS,Google Search
5227,2025-02-18,UK,Android,Organic
5228,2025-02-02,USA,Android,Google Search
5229,2025-03-10,UK,iOS,Organic
5230,2025-03-21,Poland,Android,Google Search
5231,2025-01-07,Ukraine,Android,Facebook Ads
5232,2025-03-18,Ukraine,iOS,TikTok
5233,2025-01-07,Ukraine,Android,Google Search
5234,2025-01-14,UK,iOS,Organic
5235,2025-01-03,Ukraine,iOS,Google Search
5236,2025-01-07,UK,iOS,Facebook Ads
5237,2025-01-15,Poland,Android,Facebook Ads
5238,2025-02-23,UK,Android,Google Search
5239,2025-02-26,Poland,iOS,Organic
5240,2025-02-18,UK,Android,Google Search
5241,2025-01-16,USA,iOS,Organic
5242,2025-03-12,USA,Android,Organic
5243,2025-02-02,Germany,Android,Organic
5244,2025-03-02,Germany,Android,Google Search
5245,2025-01-20,UK,Android,TikTok
5246,2025-01-27,Germany,iOS,Google Search
5247,2025-03-22,Poland,iOS,Google Search
5248,2025-01-02,Poland,Android,Facebook Ads
5249,2025-02-08,Poland,Android,Google Search
5250,2025-02-23,Ukraine,iOS,Facebook Ads
5251,2025-01-13,Ukraine,iOS,Organic
5252,2025-03-08,Poland,iOS,Facebook Ads
5253,2025-02-04,USA,Android,Google Search
5254,2025-03-21,UK,iOS,Organic
5255,2025-03-19,Germany,Android,Google Search
5256,2025-01-18,UK,Android,Facebook Ads
5257,2025-02-23,USA,Android,Facebook Ads
5258,2025-01-14,USA,iOS,Organic
5259,2025-03-07,UK,Android,Facebook Ads
5260,2025-03-21,UK,iOS,Google Search
5261,2025-01-16,Poland,Android,Organic
5262,2025-02-06,Poland,Android,Organic
5263,2025-01-15,Germany,iOS,Organic
5264,2025-01-14,USA,Android,Organic
5265,2025-03-05,UK,Android,Facebook Ads
5266,2025-01-26,USA,Android,Facebook Ads
5267,2025-03-19,USA,iOS,Facebook Ads
5268,2025-01-26,USA,Android,Facebook Ads
5269,2025-02-03,Ukraine,Android,Facebook Ads
5270,2025-03-08,UK,Android,Google Search
5271,2025-01-26,UK,Android,Organic
5272,2025-02-15,Poland,iOS,Organic
5273,2025-02-22,Ukraine,Android,Google Search
5274,2025-02-07,Poland,Android,Organic
5275,2025-01-21,UK,Android,Google Search
5276,2025-01-06,UK,Android,Facebook Ads
5277,2025-03-12,Ukraine,iOS,Organic
5278,2025-03-05,Germany,iOS,Facebook Ads
5279,2025-01-27,USA,iOS,Facebook Ads
5280,2025-03-03,Poland,iOS,Google Search
5281,2025-02-12,Poland,Android,TikTok
5282,2025-01-31,Poland,iOS,Organic
5283,2025-01-01,Ukraine,iOS,Facebook Ads
5284,2025-01-02,USA,Android,Organic
5285,2025-01-12,Poland,Android,Organic
5286,2025-01-15,Germany,Android,Organic
5287,2025-03-15,Germany,Android,Organic
5288,2025-03-05,UK,iOS,Google Search
5289,2025-01-20,USA,Android,Facebook Ads
5290,2025-01-12,UK,Android,Organic
5291,2025-03-07,UK,iOS,Organic
5292,2025-01-10,USA,Android,Organic
5293,2025-01-13,UK,Android,Organic
5294,2025-02-02,USA,iOS,TikTok
5295,2025-01-30,Germany,iOS,TikTok
5296,2025-02-28,USA,iOS,Organic
5297,2025-02-07,Poland,iOS,Organic
5298,2025-02-03,Ukraine,Android,TikTok
5299,2025-03-01,Germany,Android,Facebook Ads
5300,2025-01-07,Ukraine,iOS,Facebook Ads
5301,2025-01-13,Germany,Android,Google Search
5302,2025-01-23,Poland,Android,Organic
5303,2025-01-06,Ukraine,Android,Organic
5304,2025-02-07,Poland,Android,Organic
5305,2025-02-16,Poland,iOS,Facebook Ads
5306,2025-02-10,Germany,Android,Facebook Ads
5307,2025-02-24,UK,Android,Organic
5308,2025-01-15,Poland,Android,Facebook Ads
5309,2025-01-13,Poland,Android,Google Search
5310,2025-01-06,Germany,iOS,Facebook Ads
5311,2025-01-02,USA,Android,Google Search
5312,2025-01-18,Germany,iOS,Organic
5313,2025-01-22,Poland,Android,Google Search
5314,2025-02-12,Germany,Android,Organic
5315,2025-02-15,Poland,iOS,Facebook Ads
5316,2025-02-26,Ukraine,Android,Organic
5317,2025-03-21,USA,iOS,Google Search
5318,2025-02-04,Ukraine,Android,Organic
5319,2025-01-12,Ukraine,Android,Organic
5320,2025-02-17,USA,Android,Facebook Ads
5321,2025-02-13,Ukraine,Android,Organic
5322,2025-01-24,UK,Android,Organic
5323,2025-01-15,Ukraine,Android,Google Search
5324,2025-02-21,Poland,Android,Facebook Ads
5325,2025-02-21,USA,Android,TikTok
5326,2025-02-28,Germany,iOS,Organic
5327,2025-02-04,Poland,Android,Facebook Ads
5328,2025-02-19,UK,iOS,Google Search
5329,2025-03-03,USA,Android,Organic
5330,2025-02-23,Ukraine,iOS,Organic
5331,2025-01-22,Ukraine,iOS,Organic
5332,2025-01-15,Poland,Android,Google Search
5333,2025-01-17,Poland,Android,Organic
5334,2025-01-08,USA,iOS,Google Search
5335,2025-01-21,Poland,iOS,Facebook Ads
5336,2025-01-14,Poland,Android,Organic
5337,2025-02-23,USA,Android,TikTok
5338,2025-03-17,Poland,iOS,Google Search
5339,2025-03-03,USA,iOS,Google Search
5340,2025-03-14,UK,Android,Organic
5341,2025-02-26,Poland,iOS,Organic
5342,2025-01-24,Poland,Android,Organic
5343,2025-03-20,Poland,Android,Organic
5344,2025-02-18,Ukraine,Android,Facebook Ads
5345,2025-02-15,Poland,iOS,TikTok
5346,2025-03-20,USA,Android,Organic
5347,2025-01-04,Ukraine,Android,Organic
5348,2025-01-17,Ukraine,Android,Organic
5349,2025-03-03,Poland,Android,Organic
5350,2025-03-04,Germany,Android,Facebook Ads
5351,2025-01-15,Ukraine,Android,Google Search
5352,2025-02-22,USA,Android,Organic
5353,2025-02-26,Poland,Android,Facebook Ads
5354,2025-01-06,USA,Android,Facebook Ads
5355,2025-01-09,Germany,Android,Organic
5356,2025-02-03,Poland,iOS,Organic
5357,2025-02-10,USA,Android,Facebook Ads
5358,2025-01-02,USA,Android,Organic
5359,2025-03-09,Poland,iOS,Organic
5360,2025-03-15,UK,iOS,Organic
5361,2025-03-14,UK,Android,Organic
5362,2025-01-29,Germany,Android,Google Search
5363,2025-02-13,Ukraine,Android,Facebook Ads
5364,2025-03-08,Ukraine,iOS,Facebook Ads
5365,2025-03-08,Poland,Android,Organic
5366,2025-03-21,Poland,iOS,Organic
5367,2025-01-13,Poland,Android,Organic
5368,2025-02-25,Poland,iOS,Organic
5369,2025-02-01,UK,iOS,Organic
5370,2025-03-03,Germany,iOS,Organic
5371,2025-02-14,USA,iOS,Facebook Ads
5372,2025-02-19,USA,iOS,Facebook Ads
5373,2025-01-20,UK,iOS,Organic
5374,2025-03-13,Germany,Android,Facebook Ads
5375,2025-03-20,Poland,Android,Facebook Ads
5376,2025-01-07,Ukraine,iOS,Organic
5377,2025-01-02,UK,Android,Google Search
5378,2025-01-21,UK,iOS,Organic
5379,2025-03-06,Poland,Android,Facebook Ads
5380,2025-03-02,UK,iOS,Facebook Ads
5381,2025-03-05,USA,iOS,Google Search
5382,2025-01-22,Poland,Android,Organic
5383,2025-01-10,USA,Android,Google Search
5384,2025-03-04,Poland,Android,Organic
5385,2025-02-11,Ukraine,Android,Organic
5386,2025-01-31,USA,Android,TikTok
5387,2025-02-12,Poland,iOS,Facebook Ads
5388,2025-02-05,UK,iOS,Google Search
5389,2025-01-07,UK,iOS,Organic
5390,2025-03-06,Germany,iOS,TikTok
5391,2025-01-29,Poland,Android,TikTok
5392,2025-03-12,Ukraine,Android,Facebook Ads
5393,2025-02-18,Germany,iOS,Organic
5394,2025-02-21,UK,Android,Google Search
5395,2025-01-31,Ukraine,Android,Facebook Ads
5396,2025-01-11,Poland,iOS,Facebook Ads
5397,2025-02-28,UK,iOS,Google Search
5398,2025-02-26,Germany,iOS,Google Search
5399,2025-03-15,UK,iOS,Facebook Ads
5400,2025-02-27,USA,iOS,Organic
5401,2025-01-12,Germany,Android,Facebook Ads
5402,2025-03-05,UK,iOS,Organic
5403,2025-02-27,Germany,iOS,Google Search
5404,2025-02-10,Poland,Android,Facebook Ads
5405,2025-01-16,USA,Android,Google Search
5406,2025-03-05,USA,Android,Facebook Ads
5407,2025-01-03,UK,iOS,Organic
5408,2025-01-14,Germany,iOS,Facebook Ads
5409,2025-02-21,Germany,Android,Organic
5410,2025-02-22,Germany,iOS,Facebook Ads
5411,2025-01-05,USA,iOS,Organic
5412,2025-03-13,UK,Android,Organic
5413,2025-03-12,Germany,Android,Facebook Ads
5414,2025-01-01,UK,Android,Google Search
5415,2025-01-12,Ukraine,Android,Facebook Ads
5416,2025-03-19,Poland,Android,Organic
5417,2025-03-21,Poland,iOS,Facebook Ads
5418,2025-02-08,Poland,iOS,Organic
5419,2025-03-07,Germany,iOS,Organic
5420,2025-03-13,Poland,iOS,TikTok
5421,2025-01-27,Germany,Android,Organic
5422,2025-02-28,Poland,Android,Organic
5423,2025-02-13,USA,Android,Google Search
5424,2025-02-16,Germany,iOS,TikTok
5425,2025-01-07,Germany,iOS,Organic
5426,2025-01-29,UK,iOS,Facebook Ads
5427,2025-02-28,Poland,iOS,Organic
5428,2025-02-12,USA,iOS,Google Search
5429,2025-03-13,USA,Android,Organic
5430,2025-03-21,UK,Android,Organic
5431,2025-03-18,Ukraine,Android,Facebook Ads
5432,2025-03-02,Poland,Android,Organic
5433,2025-02-16,Ukraine,Android,Facebook Ads
5434,2025-02-27,USA,iOS,Facebook Ads
5435,2025-01-15,Germany,iOS,Facebook Ads
5436,2025-01-13,UK,iOS,Organic
5437,2025-01-29,USA,Android,Facebook Ads
5438,2025-01-01,Poland,Android,Facebook Ads
5439,2025-02-13,UK,iOS,Organic
5440,2025-02-15,Ukraine,Android,Facebook Ads
5441,2025-02-07,Germany,Android,Facebook Ads
5442,2025-03-12,UK,iOS,Facebook Ads
5443,2025-03-08,UK,iOS,Google Search
5444,2025-02-17,USA,Android,Google Search
5445,2025-01-14,Germany,Android,Facebook Ads
5446,2025-01-06,Germany,iOS,TikTok
5447,2025-01-22,Germany,Android,Organic
5448,2025-03-05,Germany,iOS,Google Search
5449,2025-01-18,Germany,Android,Google Search
5450,2025-02-22,USA,Android,Google Search
5451,2025-01-14,Germany,Android,Organic
5452,2025-02-02,USA,Android,Facebook Ads
5453,2025-03-20,USA,Android,Facebook Ads
5454,2025-01-26,Germany,Android,Organic
5455,2025-01-25,Ukraine,iOS,Facebook Ads
5456,2025-01-16,Poland,Android,Google Search
5457,2025-02-20,Germany,iOS,Organic
5458,2025-01-28,Poland,Android,Organic
5459,2025-02-28,USA,Android,Google Search
5460,2025-01-25,Ukraine,Android,Organic
5461,2025-02-13,USA,Android,Facebook Ads
5462,2025-01-14,Ukraine,Android,Organic
5463,2025-02-23,USA,iOS,Google Search
5464,2025-01-06,UK,Android,Organic
5465,2025-03-17,UK,iOS,TikTok
5466,2025-01-16,UK,iOS,TikTok
5467,2025-02-27,Ukraine,iOS,TikTok
5468,2025-02-28,USA,Android,Organic
5469,2025-03-17,Poland,Android,Google Search
5470,2025-03-06,Ukraine,Android,Google Search
5471,2025-01-18,Ukraine,Android,Organic
5472,2025-03-05,Ukraine,iOS,Organic
5473,2025-01-01,USA,iOS,Facebook Ads
5474,2025-03-09,Ukraine,Android,TikTok
5475,2025-01-07,UK,Android,Organic
5476,2025-03-12,Poland,Android,TikTok
5477,2025-02-25,USA,iOS,Organic
5478,2025-03-16,Poland,Android,Facebook Ads
5479,2025-03-03,USA,Android,Facebook Ads
5480,2025-03-07,USA,iOS,Facebook Ads
5481,2025-01-23,USA,Android,Facebook Ads
5482,2025-03-16,USA,Android,Organic
5483,2025-01-23,Poland,Android,Organic
5484,2025-01-17,UK,iOS,Organic
5485,2025-01-14,Poland,Android,Organic
5486,2025-02-19,UK,iOS,Facebook Ads
5487,2025-03-18,USA,iOS,Facebook Ads
5488,2025-03-19,Ukraine,Android,Facebook Ads
5489,2025-02-11,USA,Android,Google Search
5490,2025-03-06,USA,iOS,Organic
5491,2025-02-19,USA,Android,Facebook Ads
5492,2025-02-23,Germany,Android,Google Search
5493,2025-03-19,Germany,Android,Facebook Ads
5494,2025-02-01,UK,Android,Organic
5495,2025-02-05,Ukraine,Android,Google Search
5496,2025-02-20,Germany,Android,Google Search
5497,2025-02-13,UK,iOS,Google Search
5498,2025-02-07,Poland,iOS,TikTok
5499,2025-02-27,Germany,Android,Facebook Ads
5500,2025-01-18,Poland,Android,Organic
5501,2025-01-18,Poland,Android,Organic
5502,2025-02-22,Poland,iOS,Organic
5503,2025-03-19,Germany,iOS,TikTok
5504,2025-03-07,Poland,Android,Google Search
5505,2025-02-08,UK,iOS,Google Search
5506,2025-03-12,UK,Android,Facebook Ads
5507,2025-02-10,UK,iOS,Organic
5508,2025-03-12,Germany,Android,Facebook Ads
5509,2025-03-22,Germany,Android,Facebook Ads
5510,2025-01-28,USA,iOS,Organic
5511,2025-01-26,Ukraine,Android,Organic
5512,2025-01-27,USA,iOS,Facebook Ads
5513,2025-03-21,Poland,Android,Organic
5514,2025-02-07,Germany,Android,Organic
5515,2025-02-14,Germany,Android,Facebook Ads
5516,2025-01-17,Poland,Android,Google Search
5517,2025-01-23,Germany,Android,Organic
5518,2025-03-06,Germany,iOS,Organic
5519,2025-03-11,UK,iOS,Google Search
5520,2025-02-11,Ukraine,Android,Google Search
5521,2025-01-15,USA,Android,Organic
5522,2025-02-15,Poland,Android,TikTok
5523,2025-03-13,UK,Android,Organic
5524,2025-03-03,Poland,Android,Facebook Ads
5525,2025-03-16,USA,Android,Google Search
5526,2025-03-15,Ukraine,Android,Organic
5527,2025-02-23,Germany,Android,Facebook Ads
5528,2025-03-10,USA,Android,TikTok
5529,2025-02-06,USA,iOS,TikTok
5530,2025-02-24,Poland,iOS,Facebook Ads
5531,2025-01-02,Germany,iOS,TikTok
5532,2025-03-08,Germany,iOS,Google Search
5533,2025-01-14,Germany,iOS,Organic
5534,2025-01-04,UK,Android,Google Search
5535,2025-02-18,USA,Android,Google Search
5536,2025-01-19,USA,Android,Organic
5537,2025-01-07,UK,Android,Organic
5538,2025-01-08,Ukraine,iOS,Facebook Ads
5539,2025-01-26,UK,iOS,Organic
5540,2025-02-04,Ukraine,iOS,Facebook Ads
5541,2025-01-21,Poland,Android,Google Search
5542,2025-02-06,Poland,iOS,Google Search
5543,2025-02-02,USA,iOS,Google Search
5544,2025-01-19,UK,Android,Google Search
5545,2025-01-08,UK,Android,Facebook Ads
5546,2025-02-07,UK,iOS,Facebook Ads
5547,2025-01-27,UK,Android,Facebook Ads
5548,2025-03-11,Germany,Android,Google Search
5549,2025-01-05,Germany,Android,TikTok
5550,2025-02-15,Poland,Android,Facebook Ads
5551,2025-02-27,Germany,iOS,TikTok
5552,2025-01-14,Ukraine,iOS,Organic
5553,2025-03-20,UK,Android,Organic
5554,2025-03-13,Germany,Android,Organic
5555,2025-01-29,Poland,Android,Organic
5556,2025-03-13,Germany,Android,Facebook Ads
5557,2025-02-19,Ukraine,Android,Organic
5558,2025-01-31,USA,Android,Organic
5559,2025-03-07,UK,Android,Organic
5560,2025-02-06,Germany,Android,Organic
5561,2025-01-07,USA,iOS,Facebook Ads
5562,2025-02-18,Ukraine,Android,Organic
5563,2025-02-19,Poland,iOS,Organic
5564,2025-02-23,Ukraine,iOS,Google Search
5565,2025-02-10,UK,Android,Google Search
5566,2025-03-12,Poland,iOS,Organic
5567,2025-01-07,Ukraine,iOS,Organic
5568,2025-01-02,UK,iOS,Google Search
5569,2025-02-02,Germany,Android,Organic
5570,2025-01-26,Ukraine,Android,Google Search
5571,2025-03-21,Poland,Android,Facebook Ads
5572,2025-02-26,Poland,iOS,Facebook Ads
5573,2025-01-29,Ukraine,Android,Facebook Ads
5574,2025-02-17,Germany,Android,Google Search
5575,2025-03-17,USA,iOS,Google Search
5576,2025-03-11,Poland,Android,Organic
5577,2025-03-19,Poland,iOS,Organic
5578,2025-01-26,USA,Android,Facebook Ads
5579,2025-01-25,UK,Android,Facebook Ads
5580,2025-02-07,Ukraine,Android,Facebook Ads
5581,2025-02-27,Germany,iOS,Organic
5582,2025-01-23,Ukraine,Android,Facebook Ads
5583,2025-01-10,USA,Android,Facebook Ads
5584,2025-01-24,UK,Android,TikTok
5585,2025-01-23,Ukraine,Android,Organic
5586,2025-03-07,Poland,iOS,Facebook Ads
5587,2025-01-16,USA,iOS,Google Search
5588,2025-02-18,Germany,Android,Google Search
5589,2025-01-06,Germany,Android,Organic
5590,2025-02-24,Poland,Android,Organic
5591,2025-02-05,Ukraine,iOS,Facebook Ads
5592,2025-03-13,Poland,Android,Organic
5593,2025-02-03,UK,iOS,Google Search
5594,2025-01-17,Germany,Android,Facebook Ads
5595,2025-01-21,Germany,Android,Google Search
5596,2025-03-16,Ukraine,Android,Google Search
5597,2025-02-02,Germany,iOS,Google Search
5598,2025-01-01,Poland,Android,Facebook Ads
5599,2025-02-12,Poland,iOS,Google Search
5600,2025-03-01,Poland,iOS,Facebook Ads
5601,2025-01-20,USA,Android,Organic
5602,2025-01-06,Germany,Android,Facebook Ads
5603,2025-01-20,Germany,iOS,Facebook Ads
5604,2025-02-11,Poland,Android,Organic
5605,2025-03-18,UK,Android,Organic
5606,2025-01-07,UK,Android,Organic
5607,2025-03-22,USA,iOS,Google Search
5608,2025-03-20,UK,Android,Facebook Ads
5609,2025-02-08,Poland,iOS,Organic
5610,2025-03-04,UK,iOS,Organic
5611,2025-03-15,Germany,iOS,Facebook Ads
5612,2025-03-12,USA,Android,TikTok
5613,2025-02-15,Poland,iOS,Facebook Ads
5614,2025-01-10,Ukraine,iOS,TikTok
5615,2025-02-10,Poland,iOS,Organic
5616,2025-03-09,Germany,Android,Organic
5617,2025-01-29,Ukraine,Android,TikTok
5618,2025-01-24,Germany,iOS,Organic
5619,2025-03-08,UK,Android,Facebook Ads
5620,2025-01-09,Poland,Android,Google Search
5621,2025-03-06,UK,Android,Facebook Ads
5622,2025-01-21,USA,iOS,Google Search
5623,2025-02-23,UK,Android,Organic
5624,2025-03-11,Germany,Android,Google Search
5625,2025-03-10,Germany,Android,Google Search
5626,2025-02-21,Germany,iOS,Organic
5627,2025-01-12,UK,Android,Organic
5628,2025-02-14,Ukraine,Android,Facebook Ads
5629,2025-01-29,Ukraine,Android,Google Search
5630,2025-01-28,USA,iOS,Facebook Ads
5631,2025-02-12,Germany,iOS,Organic
5632,2025-02-12,USA,Android,Facebook Ads
5633,2025-02-16,USA,Android,Organic
5634,2025-02-07,Germany,iOS,Facebook Ads
5635,2025-01-28,UK,Android,Facebook Ads
5636,2025-03-21,Poland,iOS,TikTok
5637,2025-03-09,Germany,Android,Facebook Ads
5638,2025-03-02,Poland,Android,Google Search
5639,2025-03-13,Poland,Android,Facebook Ads
5640,2025-01-02,UK,Android,Google Search
5641,2025-01-15,Germany,iOS,Organic
5642,2025-02-14,Germany,Android,Google Search
5643,2025-02-27,Germany,iOS,Facebook Ads
5644,2025-01-31,Poland,Android,Google Search
5645,2025-03-20,UK,Android,Organic
5646,2025-03-21,Ukraine,Android,Organic
5647,2025-02-01,Germany,iOS,Organic
5648,2025-01-06,Ukraine,Android,Organic
5649,2025-02-11,Poland,iOS,Facebook Ads
5650,2025-02-18,Poland,iOS,Facebook Ads
5651,2025-01-15,USA,Android,Facebook Ads
5652,2025-02-19,UK,Android,Facebook Ads
5653,2025-02-02,USA,Android,Facebook Ads
5654,2025-03-11,Ukraine,iOS,Organic
5655,2025-02-06,Poland,iOS,Organic
5656,2025-01-04,Germany,Android,TikTok
5657,2025-03-08,Germany,Android,Facebook Ads
5658,2025-02-17,UK,iOS,Organic
5659,2025-03-07,Ukraine,Android,Organic
5660,2025-03-07,USA,Android,Organic
5661,2025-02-27,Ukraine,Android,Facebook Ads
5662,2025-03-04,Ukraine,Android,Facebook Ads
5663,2025-01-06,UK,Android,Facebook Ads
5664,2025-02-07,USA,Android,Google Search
5665,2025-01-25,Germany,Android,Organic
5666,2025-02-11,Germany,iOS,Facebook Ads
5667,2025-03-07,Poland,Android,Facebook Ads
5668,2025-01-11,USA,Android,Organic
5669,2025-01-13,Poland,Android,Organic
5670,2025-01-22,UK,iOS,Google Search
5671,2025-03-10,Ukraine,Android,Organic
5672,2025-03-10,Germany,Android,Google Search
5673,2025-01-01,Ukraine,iOS,Facebook Ads
5674,2025-03-22,Ukraine,Android,Google Search
5675,2025-01-09,Germany,Android,Organic
5676,2025-01-27,Germany,iOS,TikTok
5677,2025-03-22,USA,Android,Facebook Ads
5678,2025-01-28,Germany,Android,Organic
5679,2025-02-24,Poland,Android,Google Search
5680,2025-01-14,Germany,iOS,Organic
5681,2025-01-27,Ukraine,iOS,Facebook Ads
5682,2025-03-10,Ukraine,Android,Google Search
5683,2025-02-25,USA,iOS,Organic
5684,2025-01-10,Ukraine,Android,Organic
5685,2025-01-20,Poland,iOS,Google Search
5686,2025-01-04,USA,iOS,Facebook Ads
5687,2025-02-28,Germany,iOS,Facebook Ads
5688,2025-02-12,Germany,Android,Google Search
5689,2025-01-05,Germany,Android,Organic
5690,2025-01-12,Ukraine,iOS,TikTok
5691,2025-01-10,Ukraine,iOS,Google Search
5692,2025-01-07,UK,iOS,Google Search
5693,2025-01-23,Poland,Android,Organic
5694,2025-02-02,Germany,Android,Google Search
5695,2025-03-13,Poland,Android,Organic
5696,2025-01-10,Germany,Android,Facebook Ads
5697,2025-03-15,USA,Android,Organic
5698,2025-01-30,Poland,iOS,Organic
5699,2025-02-03,Poland,Android,Organic
5700,2025-02-22,Ukraine,iOS,Organic
5701,2025-02-19,UK,iOS,Facebook Ads
5702,2025-02-27,Ukraine,Android,Organic
5703,2025-03-22,Poland,Android,Organic
5704,2025-02-21,USA,Android,Google Search
5705,2025-02-25,Ukraine,Android,Facebook Ads
5706,2025-02-10,UK,Android,Facebook Ads
5707,2025-01-03,Germany,iOS,Google Search
5708,2025-02-19,Poland,Android,Google Search
5709,2025-01-16,Ukraine,Android,Organic
5710,2025-03-10,Ukraine,Android,Facebook Ads
5711,2025-01-01,USA,Android,Organic
5712,2025-03-21,Poland,iOS,Facebook Ads
5713,2025-01-09,Germany,Android,Facebook Ads
5714,2025-03-16,USA,Android,Google Search
5715,2025-01-06,Poland,iOS,Google Search
5716,2025-01-10,Poland,Android,Facebook Ads
5717,2025-02-15,Ukraine,Android,Facebook Ads
5718,2025-03-06,UK,Android,Facebook Ads
5719,2025-01-14,Poland,Android,Organic
5720,2025-02-07,Germany,iOS,Organic
5721,2025-02-08,Ukraine,iOS,Google Search
5722,2025-03-19,UK,iOS,Organic
5723,2025-01-12,Ukraine,Android,Organic
5724,2025-02-06,Germany,iOS,Facebook Ads
5725,2025-02-26,USA,iOS,TikTok
5726,2025-02-18,Germany,Android,Organic
5727,2025-02-20,Ukraine,Android,Facebook Ads
5728,2025-01-04,UK,Android,Facebook Ads
5729,2025-03-02,Ukraine,iOS,Facebook Ads
5730,2025-01-21,Ukraine,iOS,Facebook Ads
5731,2025-03-10,Germany,iOS,Organic
5732,2025-01-29,Poland,Android,Google Search
5733,2025-01-18,Poland,Android,Organic
5734,2025-02-20,USA,Android,Organic
5735,2025-03-11,Poland,iOS,Organic
5736,2025-02-07,Poland,Android,Organic
5737,2025-01-19,Ukraine,iOS,Facebook Ads
5738,2025-02-08,Ukraine,iOS,Google Search
5739,2025-02-17,Germany,Android,Organic
5740,2025-01-02,Ukraine,Android,Facebook Ads
5741,2025-03-12,Ukraine,iOS,Facebook Ads
5742,2025-03-13,USA,iOS,Organic
5743,2025-01-19,Poland,Android,Organic
5744,2025-01-16,Ukraine,iOS,Facebook Ads
5745,2025-01-06,Poland,iOS,Organic
5746,2025-01-01,Ukraine,iOS,Organic
5747,2025-03-15,Poland,iOS,Google Search
5748,2025-03-18,Poland,iOS,Facebook Ads
5749,2025-02-20,Ukraine,Android,TikTok
5750,2025-03-10,Germany,iOS,Google Search
5751,2025-03-12,UK,Android,Facebook Ads
5752,2025-01-11,Ukraine,Android,Google Search
5753,2025-02-09,USA,Android,Organic
5754,2025-01-27,USA,Android,Facebook Ads
5755,2025-02-14,UK,Android,Facebook Ads
5756,2025-01-28,Poland,iOS,Facebook Ads
5757,2025-02-22,UK,Android,TikTok
5758,2025-03-07,Poland,Android,Facebook Ads
5759,2025-01-19,UK,Android,Organic
5760,2025-01-21,Germany,Android,TikTok
5761,2025-01-24,Germany,Android,Facebook Ads
5762,2025-01-29,Ukraine,Android,TikTok
5763,2025-03-20,Poland,iOS,TikTok
5764,2025-02-02,Poland,Android,Organic
5765,2025-01-25,Ukraine,Android,Facebook Ads
5766,2025-01-15,USA,Android,Organic
5767,2025-01-24,USA,iOS,Organic
5768,2025-03-14,Poland,Android,TikTok
5769,2025-01-07,Ukraine,iOS,Facebook Ads
5770,2025-03-12,Germany,iOS,Organic
5771,2025-03-01,USA,Android,Google Search
5772,2025-03-12,Ukraine,iOS,Facebook Ads
5773,2025-01-10,Germany,Android,Google Search
5774,2025-02-07,Poland,iOS,Organic
5775,2025-01-09,Germany,Android,Google Search
5776,2025-02-02,Poland,iOS,Organic
5777,2025-01-13,Ukraine,iOS,TikTok
5778,2025-01-26,USA,iOS,Google Search
5779,2025-03-16,UK,iOS,Organic
5780,2025-03-04,USA,iOS,Google Search
5781,2025-02-12,Ukraine,iOS,Google Search
5782,2025-02-15,Ukraine,Android,Organic
5783,2025-01-17,Poland,iOS,TikTok
5784,2025-01-31,Germany,Android,Organic
5785,2025-01-13,USA,iOS,Organic
5786,2025-02-06,UK,Android,Facebook Ads
5787,2025-03-21,Germany,Android,Facebook Ads
5788,2025-01-09,Ukraine,Android,Organic
5789,2025-01-25,UK,iOS,Facebook Ads
5790,2025-02-10,UK,iOS,Facebook Ads
5791,2025-03-04,Poland,Android,Organic
5792,2025-02-27,USA,iOS,Facebook Ads
5793,2025-02-12,Ukraine,iOS,Facebook Ads
5794,2025-03-20,UK,iOS,Organic
5795,2025-02-09,USA,iOS,Organic
5796,2025-03-16,Germany,iOS,TikTok
5797,2025-01-20,Poland,Android,Organic
5798,2025-03-14,USA,iOS,Google Search
5799,2025-03-14,Poland,Android,TikTok
5800,2025-02-16,USA,iOS,Organic
5801,2025-02-10,Germany,iOS,Facebook Ads
5802,2025-02-24,Ukraine,Android,Facebook Ads
5803,2025-01-22,USA,iOS,Organic
5804,2025-01-01,Ukraine,Android,Organic
5805,2025-02-10,UK,Android,Organic
5806,2025-02-01,UK,iOS,Organic
5807,2025-01-29,Germany,Android,Organic
5808,2025-02-25,Germany,iOS,TikTok
5809,2025-02-05,UK,Android,Organic
5810,2025-02-16,Poland,iOS,Facebook Ads
5811,2025-01-18,UK,Android,Organic
5812,2025-02-12,UK,iOS,Facebook Ads
5813,2025-03-03,Ukraine,Android,Organic
5814,2025-03-01,Poland,Android,TikTok
5815,2025-02-27,Ukraine,Android,Organic
5816,2025-02-15,UK,Android,Organic
5817,2025-02-09,Ukraine,Android,Google Search
5818,2025-03-04,USA,Android,Google Search
5819,2025-03-12,Poland,iOS,Google Search
5820,2025-01-14,Germany,iOS,Organic
5821,2025-01-23,Poland,iOS,Organic
5822,2025-03-19,UK,iOS,Organic
5823,2025-01-11,Ukraine,iOS,Facebook Ads
5824,2025-02-05,Ukraine,Android,Google Search
5825,2025-01-18,Poland,iOS,Organic
5826,2025-03-10,USA,Android,Google Search
5827,2025-01-26,Germany,iOS,Organic
5828,2025-02-03,USA,iOS,Organic
5829,2025-03-22,Poland,Android,Organic
5830,2025-01-10,Poland,Android,Google Search
5831,2025-01-10,Germany,Android,Organic
5832,2025-01-03,Poland,Android,Facebook Ads
5833,2025-03-06,Ukraine,iOS,TikTok
5834,2025-03-22,Poland,Android,Facebook Ads
5835,2025-01-04,UK,iOS,Facebook Ads
5836,2025-03-16,Germany,iOS,Organic
5837,2025-03-16,USA,Android,Facebook Ads
5838,2025-02-21,Poland,iOS,Organic
5839,2025-03-17,USA,iOS,Organic
5840,2025-01-28,USA,Android,Organic
5841,2025-01-05,Ukraine,Android,TikTok
5842,2025-03-12,UK,iOS,Facebook Ads
5843,2025-02-03,Germany,iOS,Organic
5844,2025-03-11,USA,iOS,Facebook Ads
5845,2025-03-11,Ukraine,iOS,Google Search
5846,2025-03-02,Poland,Android,Organic
5847,2025-01-20,USA,iOS,Google Search
5848,2025-02-16,USA,Android,Organic
5849,2025-02-20,Poland,iOS,Organic
5850,2025-01-29,Poland,Android,Organic
5851,2025-03-17,UK,iOS,TikTok
5852,2025-02-07,Ukraine,Android,Facebook Ads
5853,2025-01-18,Poland,iOS,Organic
5854,2025-03-01,Poland,Android,Organic
5855,2025-03-06,UK,iOS,Google Search
5856,2025-03-07,Germany,iOS,Facebook Ads
5857,2025-01-12,UK,Android,Organic
5858,2025-02-20,USA,Android,Google Search
5859,2025-02-16,Poland,Android,Facebook Ads
5860,2025-03-06,Germany,Android,Organic
5861,2025-01-02,Ukraine,Android,Organic
5862,2025-01-31,Ukraine,iOS,TikTok
5863,2025-03-20,Germany,iOS,Organic
5864,2025-01-22,Ukraine,iOS,Organic
5865,2025-03-07,Poland,Android,Facebook Ads
5866,2025-01-18,Ukraine,iOS,Google Search
5867,2025-02-27,Poland,iOS,Facebook Ads
5868,2025-01-21,Poland,Android,TikTok
5869,2025-01-23,Poland,Android,Facebook Ads
5870,2025-03-14,Ukraine,iOS,Facebook Ads
5871,2025-03-14,Poland,iOS,Organic
5872,2025-01-19,UK,iOS,Facebook Ads
5873,2025-03-03,UK,iOS,Facebook Ads
5874,2025-02-15,Poland,iOS,Organic
5875,2025-01-06,Poland,Android,Facebook Ads
5876,2025-01-29,UK,Android,Facebook Ads
5877,2025-03-04,Ukraine,Android,Google Search
5878,2025-01-30,Germany,iOS,Organic
5879,2025-01-09,Germany,Android,Organic
5880,2025-02-03,USA,iOS,Google Search
5881,2025-02-17,Poland,Android,Organic
5882,2025-01-30,Poland,Android,Google Search
5883,2025-01-06,Poland,iOS,TikTok
5884,2025-01-27,Germany,iOS,Facebook Ads
5885,2025-03-08,Poland,Android,Organic
5886,2025-02-16,UK,iOS,Organic
5887,2025-02-19,Poland,Android,Organic
5888,2025-03-02,USA,iOS,Facebook Ads
5889,2025-02-28,USA,Android,Facebook Ads
5890,2025-01-06,UK,iOS,Organic
5891,2025-01-06,Germany,iOS,Facebook Ads
5892,2025-02-11,Poland,Android,Organic
5893,2025-01-14,USA,iOS,Organic
5894,2025-03-08,Germany,iOS,Organic
5895,2025-02-05,Ukraine,iOS,Facebook Ads
5896,2025-02-03,USA,iOS,Organic
5897,2025-03-16,Germany,iOS,Organic
5898,2025-03-11,Germany,iOS,Organic
5899,2025-03-14,Poland,Android,Facebook Ads
5900,2025-01-23,Germany,iOS,Facebook Ads
5901,2025-02-18,Germany,Android,Google Search
5902,2025-02-18,Germany,iOS,Facebook Ads
5903,2025-02-16,UK,iOS,Organic
5904,2025-03-17,UK,Android,TikTok
5905,2025-01-10,Germany,iOS,Google Search
5906,2025-03-08,Poland,Android,Organic
5907,2025-02-02,Germany,iOS,Facebook Ads
5908,2025-02-18,Ukraine,Android,Facebook Ads
5909,2025-01-29,Germany,Android,Facebook Ads
5910,2025-03-08,Germany,Android,Google Search
5911,2025-02-21,Ukraine,Android,TikTok
5912,2025-02-15,USA,Android,Facebook Ads
5913,2025-02-14,UK,iOS,Organic
5914,2025-03-04,UK,iOS,Google Search
5915,2025-03-03,Poland,Android,TikTok
5916,2025-03-19,UK,iOS,Facebook Ads
5917,2025-01-01,Poland,iOS,Facebook Ads
5918,2025-03-06,USA,Android,Facebook Ads
5919,2025-01-18,Germany,iOS,Google Search
5920,2025-02-26,Germany,Android,Facebook Ads
5921,2025-01-22,USA,Android,Organic
5922,2025-01-30,Germany,Android,Organic
5923,2025-01-10,USA,Android,Organic
5924,2025-03-07,Germany,iOS,Organic
5925,2025-02-05,UK,iOS,Facebook Ads
5926,2025-01-28,UK,Android,Google Search
5927,2025-01-20,Germany,iOS,TikTok
5928,2025-01-24,Ukraine,Android,Organic
5929,2025-01-21,USA,Android,Organic
5930,2025-02-16,Poland,Android,Organic
5931,2025-03-19,Germany,iOS,Facebook Ads
5932,2025-01-16,Poland,Android,Facebook Ads
5933,2025-01-30,Poland,Android,Facebook Ads
5934,2025-02-23,Poland,Android,Google Search
5935,2025-02-12,Ukraine,iOS,Facebook Ads
5936,2025-01-15,Ukraine,Android,Google Search
5937,2025-03-03,UK,Android,Organic
5938,2025-03-03,USA,Android,Organic
5939,2025-03-03,Germany,Android,Organic
5940,2025-01-27,Germany,iOS,TikTok
5941,2025-03-17,Germany,Android,Facebook Ads
5942,2025-01-21,Germany,Android,Facebook Ads
5943,2025-02-22,USA,iOS,Organic
5944,2025-01-03,Germany,Android,Facebook Ads
5945,2025-02-01,Germany,Android,Facebook Ads
5946,2025-01-06,USA,Android,Google Search
5947,2025-01-17,UK,Android,Facebook Ads
5948,2025-03-15,Ukraine,Android,Organic
5949,2025-03-17,Germany,Android,Google Search
5950,2025-01-21,Ukraine,iOS,Organic
5951,2025-01-18,Ukraine,iOS,Organic
5952,2025-03-22,Germany,Android,Google Search
5953,2025-03-07,UK,Android,Facebook Ads
5954,2025-01-06,Poland,Android,Facebook Ads
5955,2025-03-15,Poland,Android,Google Search
5956,2025-01-19,Germany,iOS,Organic
5957,2025-01-08,USA,Android,Organic
5958,2025-01-22,USA,iOS,Organic
5959,2025-02-03,UK,Android,Facebook Ads
5960,2025-01-24,Germany,Android,Organic
5961,2025-03-08,USA,iOS,Organic
5962,2025-02-21,Ukraine,iOS,Google Search
5963,2025-03-18,Germany,Android,Organic
5964,2025-03-14,Germany,Android,Google Search
5965,2025-01-03,Poland,iOS,Organic
5966,2025-02-06,Poland,Android,Organic
5967,2025-01-11,Germany,Android,Facebook Ads
5968,2025-01-28,Ukraine,Android,Organic
5969,2025-02-27,USA,Android,Facebook Ads
5970,2025-03-19,Ukraine,Android,Facebook Ads
5971,2025-03-02,Poland,Android,TikTok
5972,2025-03-03,USA,Android,TikTok
5973,2025-01-22,UK,Android,Facebook Ads
5974,2025-01-29,Germany,iOS,Google Search
5975,2025-02-22,Poland,Android,Facebook Ads
5976,2025-03-18,USA,iOS,Google Search
5977,2025-01-19,Poland,iOS,Organic
5978,2025-03-16,UK,iOS,TikTok
5979,2025-01-24,UK,iOS,Organic
5980,2025-03-21,Poland,Android,Google Search
5981,2025-03-07,Ukraine,iOS,Organic
5982,2025-02-03,Ukraine,Android,Google Search
5983,2025-01-22,Ukraine,Android,TikTok
5984,2025-02-13,Germany,Android,Organic
5985,2025-02-28,Germany,iOS,Organic
5986,2025-03-18,UK,Android,Google Search
5987,2025-03-17,Ukraine,Android,Facebook Ads
5988,2025-01-09,UK,Android,Facebook Ads
5989,2025-01-30,Poland,Android,Organic
5990,2025-02-18,Germany,Android,Google Search
5991,2025-02-19,Poland,Android,Google Search
5992,2025-01-17,Germany,iOS,Google Search
5993,2025-01-14,USA,Android,Organic
5994,2025-01-03,USA,iOS,Facebook Ads
5995,2025-01-26,UK,Android,Organic
5996,2025-03-08,UK,iOS,Organic
5997,2025-03-06,Germany,iOS,TikTok
5998,2025-02-23,UK,Android,Google Search
5999,2025-01-20,USA,Android,Facebook Ads
